finding,subset,k,delta_mean,delta_lcb,certified
Cerebral infarction,SWIax,1,-0.04765920069261972,-0.09222996155251798,False
Cerebral infarction,FLAIRsag,1,-0.028823566755713462,-0.06796751469090735,False
Cerebral infarction,FLAIRax,1,-0.009555097475758022,-0.04183121602522388,False
Cerebral infarction,T2ax,1,-6.597988067451599e-05,-0.03442476480087893,False
Cerebral infarction,T1ax,1,-0.04542860954174866,-0.08273342038190643,False
Cerebral infarction,FLAIRsag+SWIax,2,-0.017840666352299323,-0.05083323295283132,False
Cerebral infarction,FLAIRax+SWIax,2,-0.01575317708902988,-0.04489600236848448,False
Cerebral infarction,FLAIRax+FLAIRsag,2,-0.008849873902872547,-0.030081273490742487,False
Cerebral infarction,T2ax+SWIax,2,-0.010923073693876233,-0.04016275582640702,False
Cerebral infarction,T2ax+FLAIRsag,2,1.4130939528569919e-06,-0.026944433205546677,False
Cerebral infarction,T2ax+FLAIRax,2,0.00917215938114369,-0.016668130832691055,False
Cerebral infarction,T1ax+SWIax,2,-0.03272617896354005,-0.06210358288137502,False
Cerebral infarction,T1ax+FLAIRsag,2,-0.024082944747418285,-0.04741720982143279,False
Cerebral infarction,T1ax+FLAIRax,2,-0.03216494013046163,-0.05614660858737988,False
Cerebral infarction,T1ax+T2ax,2,-0.009320462669479283,-0.03471519473250969,False
Cerebral infarction,FLAIRax+FLAIRsag+SWIax,3,-0.000510927201160706,-0.021703023281163598,False
Cerebral infarction,T2ax+FLAIRsag+SWIax,3,-0.006433605224513337,-0.032984374806524525,False
Cerebral infarction,T2ax+FLAIRax+SWIax,3,0.006934194680996153,-0.014361973921839546,False
Cerebral infarction,T2ax+FLAIRax+FLAIRsag,3,0.0008489150315202096,-0.019019298431232453,False
Cerebral infarction,T1ax+FLAIRsag+SWIax,3,-0.01581150869974274,-0.03615690142197482,False
Cerebral infarction,T1ax+FLAIRax+SWIax,3,-0.021426784249938394,-0.0417568557247134,False
Cerebral infarction,T1ax+FLAIRax+FLAIRsag,3,-0.024710796144126624,-0.043264330082614634,False
Cerebral infarction,T1ax+T2ax+SWIax,3,-0.02173300035159793,-0.04710255658970433,False
Cerebral infarction,T1ax+T2ax+FLAIRsag,3,-0.008071902831255286,-0.027224243710440413,False
Cerebral infarction,T1ax+T2ax+FLAIRax,3,-0.006947202385803724,-0.028759753822206913,False
Cerebral infarction,T2ax+FLAIRax+FLAIRsag+SWIax,4,0.0063806538610741235,-0.011054124179720036,False
Cerebral infarction,T1ax+FLAIRax+FLAIRsag+SWIax,4,-0.007723243449218773,-0.018708554536116636,False
Cerebral infarction,T1ax+T2ax+FLAIRsag+SWIax,4,-0.007149321420980517,-0.019881235097666348,False
Cerebral infarction,T1ax+T2ax+FLAIRax+SWIax,4,-0.00822690847227071,-0.02604259270776632,False
Cerebral infarction,T1ax+T2ax+FLAIRax+FLAIRsag,4,-0.010892678140303418,-0.023171657200827023,False
Cerebral infarction,T1ax+T2ax+FLAIRax+FLAIRsag+SWIax,5,0.0,0.0,True
Cerebral hemorrhage,SWIax,1,-0.011897853477242476,-0.05024933653414072,False
Cerebral hemorrhage,FLAIRsag,1,-0.02555202734254554,-0.0630291024151689,False
Cerebral hemorrhage,FLAIRax,1,-0.01830770197956518,-0.0533473935328666,False
Cerebral hemorrhage,T2ax,1,-0.04201130177450134,-0.0815207030382189,False
Cerebral hemorrhage,T1ax,1,-0.024206413463684604,-0.0744066453814249,False
Cerebral hemorrhage,FLAIRsag+SWIax,2,-0.004968644640152438,-0.04511231538557441,False
Cerebral hemorrhage,FLAIRax+SWIax,2,0.00036912187665712247,-0.025814051096083312,False
Cerebral hemorrhage,FLAIRax+FLAIRsag,2,-0.024142698545337824,-0.052072268969670196,False
Cerebral hemorrhage,T2ax+SWIax,2,0.0022641836919618267,-0.025073034684548502,False
Cerebral hemorrhage,T2ax+FLAIRsag,2,-0.013122801297598267,-0.041448924226128496,False
Cerebral hemorrhage,T2ax+FLAIRax,2,-0.01833131522223153,-0.050960192978039304,False
Cerebral hemorrhage,T1ax+SWIax,2,-0.008099081687049748,-0.041438773611528805,False
Cerebral hemorrhage,T1ax+FLAIRsag,2,-0.01066592005324607,-0.04409425445667889,False
Cerebral hemorrhage,T1ax+FLAIRax,2,-0.012140346834909634,-0.04724036622362716,False
Cerebral hemorrhage,T1ax+T2ax,2,-0.019383289406123026,-0.049591925346295265,False
Cerebral hemorrhage,FLAIRax+FLAIRsag+SWIax,3,0.0028202962629891716,-0.02909387214197836,False
Cerebral hemorrhage,T2ax+FLAIRsag+SWIax,3,-0.0028156521377206535,-0.023221280956389187,False
Cerebral hemorrhage,T2ax+FLAIRax+SWIax,3,-0.006623648467098494,-0.024902519715599994,False
Cerebral hemorrhage,T2ax+FLAIRax+FLAIRsag,3,-0.009904175101423364,-0.03257081540131964,False
Cerebral hemorrhage,T1ax+FLAIRsag+SWIax,3,-0.0015475267674044965,-0.025468445476036192,False
Cerebral hemorrhage,T1ax+FLAIRax+SWIax,3,-0.0016612193201550093,-0.022792232232800677,False
Cerebral hemorrhage,T1ax+FLAIRax+FLAIRsag,3,-0.012036028921377397,-0.038065731082814344,False
Cerebral hemorrhage,T1ax+T2ax+SWIax,3,-0.007368689447131098,-0.03068621616046669,False
Cerebral hemorrhage,T1ax+T2ax+FLAIRsag,3,-0.002708904398165344,-0.02805508264450844,False
Cerebral hemorrhage,T1ax+T2ax+FLAIRax,3,-0.016984150649164087,-0.03938344568549858,False
Cerebral hemorrhage,T2ax+FLAIRax+FLAIRsag+SWIax,4,0.002055004269678422,-0.012798676218114195,False
Cerebral hemorrhage,T1ax+FLAIRax+FLAIRsag+SWIax,4,0.009551277880820058,-0.01159729268580502,False
Cerebral hemorrhage,T1ax+T2ax+FLAIRsag+SWIax,4,-0.00022269530623535066,-0.015282641291833522,False
Cerebral hemorrhage,T1ax+T2ax+FLAIRax+SWIax,4,-0.01144595530293138,-0.02799636570661958,False
Cerebral hemorrhage,T1ax+T2ax+FLAIRax+FLAIRsag,4,-0.007776867125322294,-0.021386119877851273,False
Cerebral hemorrhage,T1ax+T2ax+FLAIRax+FLAIRsag+SWIax,5,0.0,0.0,True
Metastatic malignant neoplasm to brain,SWIax,1,-0.03414611348170487,-0.053863666789871034,False
Metastatic malignant neoplasm to brain,FLAIRsag,1,-0.006637742807561764,-0.029754265756081137,False
Metastatic malignant neoplasm to brain,FLAIRax,1,-0.010133818099274156,-0.03595648876758216,False
Metastatic malignant neoplasm to brain,T2ax,1,-0.044090338404632536,-0.06719723114003513,False
Metastatic malignant neoplasm to brain,T1ax,1,-0.04676623077830801,-0.07261580732542705,False
Metastatic malignant neoplasm to brain,FLAIRsag+SWIax,2,-0.0005903724395570112,-0.01639307396776159,False
Metastatic malignant neoplasm to brain,FLAIRax+SWIax,2,-0.017480881052838713,-0.037501106545357786,False
Metastatic malignant neoplasm to brain,FLAIRax+FLAIRsag,2,-0.0006805012274649002,-0.020454276063101455,False
Metastatic malignant neoplasm to brain,T2ax+SWIax,2,-0.01594971766584033,-0.03375584100223971,False
Metastatic malignant neoplasm to brain,T2ax+FLAIRsag,2,-0.005462893933758448,-0.02289022750558879,False
Metastatic malignant neoplasm to brain,T2ax+FLAIRax,2,-0.02620118681594133,-0.044592766982435715,False
Metastatic malignant neoplasm to brain,T1ax+SWIax,2,-0.025125045931198412,-0.043414967997968464,False
Metastatic malignant neoplasm to brain,T1ax+FLAIRsag,2,-0.021915612811323842,-0.03905322828854258,False
Metastatic malignant neoplasm to brain,T1ax+FLAIRax,2,-0.028661669880953797,-0.05295482620652332,False
Metastatic malignant neoplasm to brain,T1ax+T2ax,2,-0.03147136774407604,-0.05124133717501908,False
Metastatic malignant neoplasm to brain,FLAIRax+FLAIRsag+SWIax,3,0.002705828726437412,-0.011195447969287028,False
Metastatic malignant neoplasm to brain,T2ax+FLAIRsag+SWIax,3,0.004467308457582766,-0.01019453608185947,False
Metastatic malignant neoplasm to brain,T2ax+FLAIRax+SWIax,3,-0.010624936782527915,-0.025939954310476413,False
Metastatic malignant neoplasm to brain,T2ax+FLAIRax+FLAIRsag,3,-0.003066769189736921,-0.020773715068460298,False
Metastatic malignant neoplasm to brain,T1ax+FLAIRsag+SWIax,3,-0.004954838039268329,-0.020856980948045025,False
Metastatic malignant neoplasm to brain,T1ax+FLAIRax+SWIax,3,-0.021343648383573104,-0.039184704763200795,False
Metastatic malignant neoplasm to brain,T1ax+FLAIRax+FLAIRsag,3,-0.009671799826802328,-0.02265755083618626,False
Metastatic malignant neoplasm to brain,T1ax+T2ax+SWIax,3,-0.018687861054115924,-0.03318683413853011,False
Metastatic malignant neoplasm to brain,T1ax+T2ax+FLAIRsag,3,-0.011019610510414746,-0.024801761205561962,False
Metastatic malignant neoplasm to brain,T1ax+T2ax+FLAIRax,3,-0.024612837952749787,-0.03941364714801722,False
Metastatic malignant neoplasm to brain,T2ax+FLAIRax+FLAIRsag+SWIax,4,0.00453662735625123,-0.005504864261799406,True
Metastatic malignant neoplasm to brain,T1ax+FLAIRax+FLAIRsag+SWIax,4,-0.0006258607253436452,-0.012495735520125301,False
Metastatic malignant neoplasm to brain,T1ax+T2ax+FLAIRsag+SWIax,4,-0.002638129542222304,-0.010977325354037289,False
Metastatic malignant neoplasm to brain,T1ax+T2ax+FLAIRax+SWIax,4,-0.01876136180895351,-0.030520537939145238,False
Metastatic malignant neoplasm to brain,T1ax+T2ax+FLAIRax+FLAIRsag,4,-0.004608795091855628,-0.0157925799213232,False
Metastatic malignant neoplasm to brain,T1ax+T2ax+FLAIRax+FLAIRsag+SWIax,5,0.0,0.0,True
Intracranial meningioma,SWIax,1,-0.05352858075298684,-0.11779011900708204,False
Intracranial meningioma,FLAIRsag,1,-0.02912080833289136,-0.08479471599116865,False
Intracranial meningioma,FLAIRax,1,-0.0030180299632638873,-0.06004602377713142,False
Intracranial meningioma,T2ax,1,-0.0626619466122273,-0.13176719303508827,False
Intracranial meningioma,T1ax,1,-0.0301446425929294,-0.08514090584904858,False
Intracranial meningioma,FLAIRsag+SWIax,2,-0.0221270343141712,-0.0667444791792718,False
Intracranial meningioma,FLAIRax+SWIax,2,-0.02992281909121524,-0.07979891688403748,False
Intracranial meningioma,FLAIRax+FLAIRsag,2,-0.0005697297806466653,-0.05460231441584499,False
Intracranial meningioma,T2ax+SWIax,2,-0.03144625147503256,-0.07709171581472775,False
Intracranial meningioma,T2ax+FLAIRsag,2,-0.026077453875831876,-0.09125990758761951,False
Intracranial meningioma,T2ax+FLAIRax,2,-0.019744460389881046,-0.0624087512520662,False
Intracranial meningioma,T1ax+SWIax,2,-0.01671831625508277,-0.06589684156842751,False
Intracranial meningioma,T1ax+FLAIRsag,2,0.025186411546956555,-0.024188534854231804,False
Intracranial meningioma,T1ax+FLAIRax,2,0.0009062014668785981,-0.04595802018885797,False
Intracranial meningioma,T1ax+T2ax,2,-0.024775195437604626,-0.06647216508916977,False
Intracranial meningioma,FLAIRax+FLAIRsag+SWIax,3,-0.017764438120529337,-0.06539507610218627,False
Intracranial meningioma,T2ax+FLAIRsag+SWIax,3,-0.030165100207649606,-0.06842298888446857,False
Intracranial meningioma,T2ax+FLAIRax+SWIax,3,-0.018913606150421078,-0.056018837074521564,False
Intracranial meningioma,T2ax+FLAIRax+FLAIRsag,3,-0.0126982496174038,-0.06130206725031581,False
Intracranial meningioma,T1ax+FLAIRsag+SWIax,3,-0.00851845884796894,-0.04819382321674742,False
Intracranial meningioma,T1ax+FLAIRax+SWIax,3,-0.0035793319460306807,-0.03830800650903328,False
Intracranial meningioma,T1ax+FLAIRax+FLAIRsag,3,0.014728519061316399,-0.02854459102490263,False
Intracranial meningioma,T1ax+T2ax+SWIax,3,-0.020367632887059024,-0.05387744004659093,False
Intracranial meningioma,T1ax+T2ax+FLAIRsag,3,0.010384828743158728,-0.04022314130307049,False
Intracranial meningioma,T1ax+T2ax+FLAIRax,3,-0.001336653529461375,-0.04316556114470421,False
Intracranial meningioma,T2ax+FLAIRax+FLAIRsag+SWIax,4,-0.018724499255487723,-0.04495681348255835,False
Intracranial meningioma,T1ax+FLAIRax+FLAIRsag+SWIax,4,-0.003858218856189923,-0.030952241019397534,False
Intracranial meningioma,T1ax+T2ax+FLAIRsag+SWIax,4,-0.007985282781269256,-0.03425544479071622,False
Intracranial meningioma,T1ax+T2ax+FLAIRax+SWIax,4,-0.004950601986409345,-0.03016475668576332,False
Intracranial meningioma,T1ax+T2ax+FLAIRax+FLAIRsag,4,0.01103033704095663,-0.02811979400983167,False
Intracranial meningioma,T1ax+T2ax+FLAIRax+FLAIRsag+SWIax,5,0.0,0.0,True
Demyelinating disease of central nervous system,SWIax,1,-0.0828542737489625,-0.11801818537330842,False
Demyelinating disease of central nervous system,FLAIRsag,1,-0.07532755819088564,-0.11369624807177853,False
Demyelinating disease of central nervous system,FLAIRax,1,0.00802730261451441,-0.025438517413870498,False
Demyelinating disease of central nervous system,T2ax,1,-0.0013605055779130014,-0.040696907594040224,False
Demyelinating disease of central nervous system,T1ax,1,-0.04901031228476092,-0.09340285128425493,False
Demyelinating disease of central nervous system,FLAIRsag+SWIax,2,-0.06518488055253603,-0.09790697536382752,False
Demyelinating disease of central nervous system,FLAIRax+SWIax,2,-0.00030273122988500186,-0.031496891129345075,False
Demyelinating disease of central nervous system,FLAIRax+FLAIRsag,2,-0.025441107122557618,-0.057981544088837655,False
Demyelinating disease of central nervous system,T2ax+SWIax,2,-0.024716179294362265,-0.06004714380385635,False
Demyelinating disease of central nervous system,T2ax+FLAIRsag,2,-0.008560632754265392,-0.04015074855497135,False
Demyelinating disease of central nervous system,T2ax+FLAIRax,2,0.027567410974179744,-0.004858541006400479,True
Demyelinating disease of central nervous system,T1ax+SWIax,2,-0.0652297743856415,-0.10199045039906017,False
Demyelinating disease of central nervous system,T1ax+FLAIRsag,2,-0.059752908100529786,-0.09392104973191846,False
Demyelinating disease of central nervous system,T1ax+FLAIRax,2,0.0012436658444297634,-0.033044704964563236,False
Demyelinating disease of central nervous system,T1ax+T2ax,2,-0.0029265663817571864,-0.04013107791832187,False
Demyelinating disease of central nervous system,FLAIRax+FLAIRsag+SWIax,3,-0.02775678280696855,-0.062238059270858716,False
Demyelinating disease of central nervous system,T2ax+FLAIRsag+SWIax,3,-0.027328066619942897,-0.054262309968317636,False
Demyelinating disease of central nervous system,T2ax+FLAIRax+SWIax,3,0.013396219100229393,-0.010740936972363032,False
Demyelinating disease of central nervous system,T2ax+FLAIRax+FLAIRsag,3,0.014372774032795146,-0.010204738398837648,False
Demyelinating disease of central nervous system,T1ax+FLAIRsag+SWIax,3,-0.07078474864629737,-0.09722741623337997,False
Demyelinating disease of central nervous system,T1ax+FLAIRax+SWIax,3,-0.009084919057447656,-0.03698004797028728,False
Demyelinating disease of central nervous system,T1ax+FLAIRax+FLAIRsag,3,-0.012001004036129914,-0.04086767609309776,False
Demyelinating disease of central nervous system,T1ax+T2ax+SWIax,3,-0.0284570683770258,-0.05981882921598234,False
Demyelinating disease of central nervous system,T1ax+T2ax+FLAIRsag,3,-0.011337775567327395,-0.03507712257761887,False
Demyelinating disease of central nervous system,T1ax+T2ax+FLAIRax,3,0.032456846890657615,0.003237342968411285,True
Demyelinating disease of central nervous system,T2ax+FLAIRax+FLAIRsag+SWIax,4,0.0023994579970558856,-0.017950306134675683,False
Demyelinating disease of central nervous system,T1ax+FLAIRax+FLAIRsag+SWIax,4,-0.026450974228422422,-0.04904622125429701,False
Demyelinating disease of central nervous system,T1ax+T2ax+FLAIRsag+SWIax,4,-0.033623159455742936,-0.052421152763377984,False
Demyelinating disease of central nervous system,T1ax+T2ax+FLAIRax+SWIax,4,0.009116408048090935,-0.012656791245825283,False
Demyelinating disease of central nervous system,T1ax+T2ax+FLAIRax+FLAIRsag,4,0.01855551843752933,4.6945883606187627e-07,True
Demyelinating disease of central nervous system,T1ax+T2ax+FLAIRax+FLAIRsag+SWIax,5,0.0,0.0,True
Herniation of nucleus pulposus,SWIax,1,-0.024019545960193886,-0.07789541255285326,False
Herniation of nucleus pulposus,FLAIRsag,1,0.02564380139404288,-0.034071753166782605,False
Herniation of nucleus pulposus,FLAIRax,1,-0.04245125379042898,-0.09620017431057594,False
Herniation of nucleus pulposus,T2ax,1,-0.01787236980677209,-0.1035259097241839,False
Herniation of nucleus pulposus,T1ax,1,-0.003942903727802331,-0.06265765712995708,False
Herniation of nucleus pulposus,FLAIRsag+SWIax,2,0.02252313695312015,-0.022655907075720863,False
Herniation of nucleus pulposus,FLAIRax+SWIax,2,-0.03678783671811607,-0.09026083307256284,False
Herniation of nucleus pulposus,FLAIRax+FLAIRsag,2,-0.01617328068130226,-0.06472174613791486,False
Herniation of nucleus pulposus,T2ax+SWIax,2,0.00881990948807949,-0.04602897169909773,False
Herniation of nucleus pulposus,T2ax+FLAIRsag,2,0.012573676885069874,-0.03333874685231701,False
Herniation of nucleus pulposus,T2ax+FLAIRax,2,-0.05140760558224699,-0.11827810111558151,False
Herniation of nucleus pulposus,T1ax+SWIax,2,-0.01564173382243631,-0.06977060736644372,False
Herniation of nucleus pulposus,T1ax+FLAIRsag,2,-0.005220339980056498,-0.057634118851350606,False
Herniation of nucleus pulposus,T1ax+FLAIRax,2,-0.030376086859943353,-0.07359972100610596,False
Herniation of nucleus pulposus,T1ax+T2ax,2,-0.01735156396619753,-0.07261556015767792,False
Herniation of nucleus pulposus,FLAIRax+FLAIRsag+SWIax,3,-0.010207688319180336,-0.04809307286633329,False
Herniation of nucleus pulposus,T2ax+FLAIRsag+SWIax,3,0.03393874459390735,0.000553984007710907,True
Herniation of nucleus pulposus,T2ax+FLAIRax+SWIax,3,-0.012730847037567074,-0.06017674569381558,False
Herniation of nucleus pulposus,T2ax+FLAIRax+FLAIRsag,3,-0.019128029043410905,-0.05824420583272057,False
Herniation of nucleus pulposus,T1ax+FLAIRsag+SWIax,3,0.0025554141770779627,-0.02947313482111659,False
Herniation of nucleus pulposus,T1ax+FLAIRax+SWIax,3,-0.03223236402848288,-0.08283926300899466,False
Herniation of nucleus pulposus,T1ax+FLAIRax+FLAIRsag,3,-0.017962962395157555,-0.05523846527557991,False
Herniation of nucleus pulposus,T1ax+T2ax+SWIax,3,-0.00868105299946006,-0.05389019021749748,False
Herniation of nucleus pulposus,T1ax+T2ax+FLAIRsag,3,-0.008388256604241218,-0.041678910595727106,False
Herniation of nucleus pulposus,T1ax+T2ax+FLAIRax,3,-0.030342519375004554,-0.07220769745924659,False
Herniation of nucleus pulposus,T2ax+FLAIRax+FLAIRsag+SWIax,4,-0.0021169539476559493,-0.030361413949662474,False
Herniation of nucleus pulposus,T1ax+FLAIRax+FLAIRsag+SWIax,4,0.0005450951890575315,-0.023395811018262592,False
Herniation of nucleus pulposus,T1ax+T2ax+FLAIRsag+SWIax,4,0.009761717283370452,-0.014248521088018253,False
Herniation of nucleus pulposus,T1ax+T2ax+FLAIRax+SWIax,4,-0.014824418874951409,-0.04618488745482563,False
Herniation of nucleus pulposus,T1ax+T2ax+FLAIRax+FLAIRsag,4,-0.016849700127562248,-0.0438533794283576,False
Herniation of nucleus pulposus,T1ax+T2ax+FLAIRax+FLAIRsag+SWIax,5,0.0,0.0,True
Spinal cord compression,SWIax,1,-0.016144806836160472,-0.1504697079365855,False
Spinal cord compression,FLAIRsag,1,0.016866280263966048,-0.07853746681299098,False
Spinal cord compression,FLAIRax,1,-0.03422634229792821,-0.13379258831441987,False
Spinal cord compression,T2ax,1,0.03232766012969551,-0.09129439140800523,False
Spinal cord compression,T1ax,1,-0.01195806556986287,-0.10567110838921848,False
Spinal cord compression,FLAIRsag+SWIax,2,0.010282895631840722,-0.05602408980319406,False
Spinal cord compression,FLAIRax+SWIax,2,-0.0037206019333515922,-0.08488188110522586,False
Spinal cord compression,FLAIRax+FLAIRsag,2,-0.003206004421095442,-0.07898517568520945,False
Spinal cord compression,T2ax+SWIax,2,0.0634539712748952,-0.03560802678342039,False
Spinal cord compression,T2ax+FLAIRsag,2,0.026419935454708613,-0.05192145846279689,False
Spinal cord compression,T2ax+FLAIRax,2,0.026249369547068406,-0.06889661132055881,False
Spinal cord compression,T1ax+SWIax,2,-0.003827708038374733,-0.12320000602747462,False
Spinal cord compression,T1ax+FLAIRsag,2,-0.02501653664830428,-0.08368806402916638,False
Spinal cord compression,T1ax+FLAIRax,2,-0.01887470390434193,-0.0996761613054095,False
Spinal cord compression,T1ax+T2ax,2,-0.018506466053675296,-0.11983482172666686,False
Spinal cord compression,FLAIRax+FLAIRsag+SWIax,3,-0.0025464619127884554,-0.05599300955143395,False
Spinal cord compression,T2ax+FLAIRsag+SWIax,3,0.028596910840729965,-0.022218260090480807,False
Spinal cord compression,T2ax+FLAIRax+SWIax,3,0.040478156004251795,-0.02252609257712761,False
Spinal cord compression,T2ax+FLAIRax+FLAIRsag,3,0.01753471046949224,-0.06523543638998772,False
Spinal cord compression,T1ax+FLAIRsag+SWIax,3,-0.006932637863054945,-0.06414187934962995,False
Spinal cord compression,T1ax+FLAIRax+SWIax,3,0.01670858821222338,-0.05517359093758069,False
Spinal cord compression,T1ax+FLAIRax+FLAIRsag,3,-0.015468382061374086,-0.06951420797977109,False
Spinal cord compression,T1ax+T2ax+SWIax,3,0.022514096796552367,-0.06836843359360767,False
Spinal cord compression,T1ax+T2ax+FLAIRsag,3,0.006364578185343393,-0.05114266934545889,False
Spinal cord compression,T1ax+T2ax+FLAIRax,3,-0.011987071694392433,-0.09134325663316067,False
Spinal cord compression,T2ax+FLAIRax+FLAIRsag+SWIax,4,0.010214190751827413,-0.040731232709941834,False
Spinal cord compression,T1ax+FLAIRax+FLAIRsag+SWIax,4,-0.007086021571236576,-0.041764316645273886,False
Spinal cord compression,T1ax+T2ax+FLAIRsag+SWIax,4,0.018053554017629647,-0.015106977020313727,False
Spinal cord compression,T1ax+T2ax+FLAIRax+SWIax,4,0.02014960879835916,-0.023672854683424324,False
Spinal cord compression,T1ax+T2ax+FLAIRax+FLAIRsag,4,-0.003140744310621505,-0.04440439143707819,False
Spinal cord compression,T1ax+T2ax+FLAIRax+FLAIRsag+SWIax,5,0.0,0.0,True
Lacunar infarct,SWIax,1,-0.010977705112609844,-0.05089959798837181,False
Lacunar infarct,FLAIRsag,1,-0.028038864141736904,-0.06737451044170972,False
Lacunar infarct,FLAIRax,1,-0.014877870597047847,-0.05539899319954183,False
Lacunar infarct,T2ax,1,-0.003998184739424097,-0.04397162224068774,False
Lacunar infarct,T1ax,1,-0.018714004346672145,-0.05734953618902575,False
Lacunar infarct,FLAIRsag+SWIax,2,0.007845421564797601,-0.023989352999240585,False
Lacunar infarct,FLAIRax+SWIax,2,0.033812055165937015,0.0020914346080899977,True
Lacunar infarct,FLAIRax+FLAIRsag,2,-0.027446031509346377,-0.07240866154878887,False
Lacunar infarct,T2ax+SWIax,2,-0.015410984292418916,-0.05036256795599809,False
Lacunar infarct,T2ax+FLAIRsag,2,-0.0005454291803408445,-0.02650010099074827,False
Lacunar infarct,T2ax+FLAIRax,2,-0.008082995924097563,-0.045162213254181176,False
Lacunar infarct,T1ax+SWIax,2,-0.023703197775026368,-0.06595426731527528,False
Lacunar infarct,T1ax+FLAIRsag,2,-0.030513125270421493,-0.07000872306535853,False
Lacunar infarct,T1ax+FLAIRax,2,-0.014785294570223767,-0.038509523768453104,False
Lacunar infarct,T1ax+T2ax,2,-0.00643318758774967,-0.04455407265365674,False
Lacunar infarct,FLAIRax+FLAIRsag+SWIax,3,0.021844291905033807,-0.006796926431462576,True
Lacunar infarct,T2ax+FLAIRsag+SWIax,3,0.0009179172642044978,-0.025744707006072492,False
Lacunar infarct,T2ax+FLAIRax+SWIax,3,0.021109609738708617,-0.005711661000782997,True
Lacunar infarct,T2ax+FLAIRax+FLAIRsag,3,-0.014765823805623392,-0.04528539732492107,False
Lacunar infarct,T1ax+FLAIRsag+SWIax,3,-0.006264343351621357,-0.02951803162027343,False
Lacunar infarct,T1ax+FLAIRax+SWIax,3,0.00048597461491478507,-0.021633646507856267,False
Lacunar infarct,T1ax+FLAIRax+FLAIRsag,3,-0.02592687118625412,-0.05106168763109577,False
Lacunar infarct,T1ax+T2ax+SWIax,3,-0.019493822159027934,-0.059990257688122786,False
Lacunar infarct,T1ax+T2ax+FLAIRsag,3,0.002946514988708931,-0.018188685874203133,False
Lacunar infarct,T1ax+T2ax+FLAIRax,3,-0.010829093884772689,-0.03592009990121157,False
Lacunar infarct,T2ax+FLAIRax+FLAIRsag+SWIax,4,0.011741586446338426,-0.008316023776770695,True
Lacunar infarct,T1ax+FLAIRax+FLAIRsag+SWIax,4,0.0028403122534437454,-0.01334251491937331,False
Lacunar infarct,T1ax+T2ax+FLAIRsag+SWIax,4,-0.008677480353386596,-0.026936054373375852,False
Lacunar infarct,T1ax+T2ax+FLAIRax+SWIax,4,-0.003317357828309235,-0.025085630193572343,False
Lacunar infarct,T1ax+T2ax+FLAIRax+FLAIRsag,4,-0.009049859456447526,-0.0275703002209299,False
Lacunar infarct,T1ax+T2ax+FLAIRax+FLAIRsag+SWIax,5,0.0,0.0,True
Silent micro-hemorrhage of brain,SWIax,1,0.03763010235763429,-0.021216193995289304,False
Silent micro-hemorrhage of brain,FLAIRsag,1,-0.013381565727425312,-0.05714384007823681,False
Silent micro-hemorrhage of brain,FLAIRax,1,-0.06059213288350276,-0.11699844466937981,False
Silent micro-hemorrhage of brain,T2ax,1,-0.03791473082547349,-0.09467883724604478,False
Silent micro-hemorrhage of brain,T1ax,1,-0.01158839414261099,-0.056346649164496096,False
Silent micro-hemorrhage of brain,FLAIRsag+SWIax,2,-0.002795278465788853,-0.050241859657917644,False
Silent micro-hemorrhage of brain,FLAIRax+SWIax,2,0.0206142639513667,-0.023717105129993827,False
Silent micro-hemorrhage of brain,FLAIRax+FLAIRsag,2,-0.03326473769715062,-0.07883994558421221,False
Silent micro-hemorrhage of brain,T2ax+SWIax,2,0.013491337904160218,-0.03779538149960199,False
Silent micro-hemorrhage of brain,T2ax+FLAIRsag,2,-0.0343313962028077,-0.0796449575880808,False
Silent micro-hemorrhage of brain,T2ax+FLAIRax,2,-0.03687970114080796,-0.07871193231566273,False
Silent micro-hemorrhage of brain,T1ax+SWIax,2,0.02043605430331084,-0.024633050450334953,False
Silent micro-hemorrhage of brain,T1ax+FLAIRsag,2,-0.01810837914308189,-0.06135667104069424,False
Silent micro-hemorrhage of brain,T1ax+FLAIRax,2,-0.012097750434657878,-0.06848126057603007,False
Silent micro-hemorrhage of brain,T1ax+T2ax,2,-0.027702722718910944,-0.08121982499156186,False
Silent micro-hemorrhage of brain,FLAIRax+FLAIRsag+SWIax,3,-0.010219227235420963,-0.04792711199603742,False
Silent micro-hemorrhage of brain,T2ax+FLAIRsag+SWIax,3,-0.023744290920094765,-0.05332808825738911,False
Silent micro-hemorrhage of brain,T2ax+FLAIRax+SWIax,3,0.011790633799493092,-0.021334489532656493,False
Silent micro-hemorrhage of brain,T2ax+FLAIRax+FLAIRsag,3,-0.028131287425932364,-0.06258900921314241,False
Silent micro-hemorrhage of brain,T1ax+FLAIRsag+SWIax,3,0.011914821387944205,-0.020284830720368643,False
Silent micro-hemorrhage of brain,T1ax+FLAIRax+SWIax,3,0.03125360479921865,-0.0014865270566313607,True
Silent micro-hemorrhage of brain,T1ax+FLAIRax+FLAIRsag,3,-0.014065576634807054,-0.051278601642689596,False
Silent micro-hemorrhage of brain,T1ax+T2ax+SWIax,3,0.015502347838386808,-0.01827384859037279,False
Silent micro-hemorrhage of brain,T1ax+T2ax+FLAIRsag,3,-0.03563074019777329,-0.07719286367672644,False
Silent micro-hemorrhage of brain,T1ax+T2ax+FLAIRax,3,-0.014579388653030616,-0.0527231150016821,False
Silent micro-hemorrhage of brain,T2ax+FLAIRax+FLAIRsag+SWIax,4,-0.015121342773000606,-0.04234398197839311,False
Silent micro-hemorrhage of brain,T1ax+FLAIRax+FLAIRsag+SWIax,4,0.020471585857072885,-0.0049471587214748,True
Silent micro-hemorrhage of brain,T1ax+T2ax+FLAIRsag+SWIax,4,-0.01567511984102835,-0.038963306542231305,False
Silent micro-hemorrhage of brain,T1ax+T2ax+FLAIRax+SWIax,4,0.017908537096344476,-0.005444592286621769,True
Silent micro-hemorrhage of brain,T1ax+T2ax+FLAIRax+FLAIRsag,4,-0.022647129021881308,-0.05421515936612606,False
Silent micro-hemorrhage of brain,T1ax+T2ax+FLAIRax+FLAIRsag+SWIax,5,0.0,0.0,True
Cavernous hemangioma,SWIax,1,0.14357129616310893,-0.000919296700690889,True
Cavernous hemangioma,FLAIRsag,1,0.034083537398812196,-0.06066618086078143,False
Cavernous hemangioma,FLAIRax,1,-0.08083265739087757,-0.20785391625581323,False
Cavernous hemangioma,T2ax,1,-0.12048633198892823,-0.22972773211158137,False
Cavernous hemangioma,T1ax,1,-0.03477116660192116,-0.20070489732223468,False
Cavernous hemangioma,FLAIRsag+SWIax,2,0.07802509304918719,-0.0028125242092990263,True
Cavernous hemangioma,FLAIRax+SWIax,2,0.0854617871872823,-0.030892757412680823,False
Cavernous hemangioma,FLAIRax+FLAIRsag,2,-0.03782807245206416,-0.15543633783297345,False
Cavernous hemangioma,T2ax+SWIax,2,0.07786656330879957,-0.027412344641882427,False
Cavernous hemangioma,T2ax+FLAIRsag,2,-0.0176543924073551,-0.08388755255529243,False
Cavernous hemangioma,T2ax+FLAIRax,2,-0.07782158659158245,-0.1592698234667306,False
Cavernous hemangioma,T1ax+SWIax,2,0.05313946560087921,-0.05754869457762774,False
Cavernous hemangioma,T1ax+FLAIRsag,2,-0.03748686845702595,-0.12876992315304756,False
Cavernous hemangioma,T1ax+FLAIRax,2,-0.03716755625146935,-0.15344934956967707,False
Cavernous hemangioma,T1ax+T2ax,2,-0.08122190310175696,-0.20519173205562624,False
Cavernous hemangioma,FLAIRax+FLAIRsag+SWIax,3,0.017483791375275767,-0.06148424589722263,False
Cavernous hemangioma,T2ax+FLAIRsag+SWIax,3,0.04154337928352225,-0.024885054434869658,False
Cavernous hemangioma,T2ax+FLAIRax+SWIax,3,0.04590929214334752,-0.034787846292256897,False
Cavernous hemangioma,T2ax+FLAIRax+FLAIRsag,3,-0.04997135188308752,-0.12304367338238266,False
Cavernous hemangioma,T1ax+FLAIRsag+SWIax,3,0.030802709796233323,-0.022946351946283635,False
Cavernous hemangioma,T1ax+FLAIRax+SWIax,3,0.06364077075556074,-0.03203292333200761,False
Cavernous hemangioma,T1ax+FLAIRax+FLAIRsag,3,-0.05382419287575482,-0.14416120279092737,False
Cavernous hemangioma,T1ax+T2ax+SWIax,3,0.005639951662755414,-0.08297254505834549,False
Cavernous hemangioma,T1ax+T2ax+FLAIRsag,3,-0.06067085590533797,-0.1292155496070652,False
Cavernous hemangioma,T1ax+T2ax+FLAIRax,3,-0.054945775431975416,-0.12752390486400136,False
Cavernous hemangioma,T2ax+FLAIRax+FLAIRsag+SWIax,4,0.010789309616226508,-0.04979493718192181,False
Cavernous hemangioma,T1ax+FLAIRax+FLAIRsag+SWIax,4,0.012657319299220595,-0.03785568302624353,False
Cavernous hemangioma,T1ax+T2ax+FLAIRsag+SWIax,4,0.010099976214773366,-0.03770127389608082,False
Cavernous hemangioma,T1ax+T2ax+FLAIRax+SWIax,4,0.026410834578462383,-0.0361098046954484,False
Cavernous hemangioma,T1ax+T2ax+FLAIRax+FLAIRsag,4,-0.061177266357138486,-0.11872104447108615,False
Cavernous hemangioma,T1ax+T2ax+FLAIRax+FLAIRsag+SWIax,5,0.0,0.0,True
Subdural intracranial hemorrhage,SWIax,1,-0.013819819260613597,-0.14364702484599548,False
Subdural intracranial hemorrhage,FLAIRsag,1,-0.04429210190295436,-0.21330224379553206,False
Subdural intracranial hemorrhage,FLAIRax,1,0.001230511465129942,-0.09401518005170338,False
Subdural intracranial hemorrhage,T2ax,1,-0.037802882680446175,-0.1366205576357388,False
Subdural intracranial hemorrhage,T1ax,1,-0.03075756410653584,-0.11258153866722999,False
Subdural intracranial hemorrhage,FLAIRsag+SWIax,2,-0.030248416325541903,-0.18203697870570826,False
Subdural intracranial hemorrhage,FLAIRax+SWIax,2,0.04283322827323779,-0.03555263859517685,False
Subdural intracranial hemorrhage,FLAIRax+FLAIRsag,2,-0.0072835008538875865,-0.12394657363954717,False
Subdural intracranial hemorrhage,T2ax+SWIax,2,-0.020831345358021346,-0.10920312194786626,False
Subdural intracranial hemorrhage,T2ax+FLAIRsag,2,-0.07315587467393372,-0.1897962546744053,False
Subdural intracranial hemorrhage,T2ax+FLAIRax,2,-0.009792769221151793,-0.0865965804270255,False
Subdural intracranial hemorrhage,T1ax+SWIax,2,-0.025525009259492863,-0.12212699871993923,False
Subdural intracranial hemorrhage,T1ax+FLAIRsag,2,-0.06066886115756086,-0.14103570338314508,False
Subdural intracranial hemorrhage,T1ax+FLAIRax,2,-0.04654049206998193,-0.12793115856748627,False
Subdural intracranial hemorrhage,T1ax+T2ax,2,-0.005105597659429924,-0.08645361119192517,False
Subdural intracranial hemorrhage,FLAIRax+FLAIRsag+SWIax,3,0.011283360021569213,-0.06848538993347031,False
Subdural intracranial hemorrhage,T2ax+FLAIRsag+SWIax,3,-0.03941975930544807,-0.12711227439369657,False
Subdural intracranial hemorrhage,T2ax+FLAIRax+SWIax,3,0.007536035091312632,-0.08009466738660613,False
Subdural intracranial hemorrhage,T2ax+FLAIRax+FLAIRsag,3,-0.023782990111465077,-0.1240428255114792,False
Subdural intracranial hemorrhage,T1ax+FLAIRsag+SWIax,3,-0.020756761313397334,-0.102031666636468,False
Subdural intracranial hemorrhage,T1ax+FLAIRax+SWIax,3,-0.012172636414000817,-0.07417472616565852,False
Subdural intracranial hemorrhage,T1ax+FLAIRax+FLAIRsag,3,-0.058809654990612706,-0.13983061548137868,False
Subdural intracranial hemorrhage,T1ax+T2ax+SWIax,3,-0.02938742606908751,-0.10341200733638252,False
Subdural intracranial hemorrhage,T1ax+T2ax+FLAIRsag,3,-0.04387637329203678,-0.11533867093383697,False
Subdural intracranial hemorrhage,T1ax+T2ax+FLAIRax,3,0.004879574212202931,-0.051201868929032106,False
Subdural intracranial hemorrhage,T2ax+FLAIRax+FLAIRsag+SWIax,4,0.008094075276005282,-0.056330825074258316,False
Subdural intracranial hemorrhage,T1ax+FLAIRax+FLAIRsag+SWIax,4,-0.023011393722048967,-0.07213065567599113,False
Subdural intracranial hemorrhage,T1ax+T2ax+FLAIRsag+SWIax,4,-0.016708210075956666,-0.04478706398430342,False
Subdural intracranial hemorrhage,T1ax+T2ax+FLAIRax+SWIax,4,0.004690743215579126,-0.03680326441220201,False
Subdural intracranial hemorrhage,T1ax+T2ax+FLAIRax+FLAIRsag,4,-0.03152985830713428,-0.08190576054962226,False
Subdural intracranial hemorrhage,T1ax+T2ax+FLAIRax+FLAIRsag+SWIax,5,0.0,0.0,True
Gliosis,SWIax,1,-0.022434788917996617,-0.034134166793551995,False
Gliosis,FLAIRsag,1,-0.022190823659985863,-0.032702874304231494,False
Gliosis,FLAIRax,1,-0.013146531833331795,-0.022279989130309617,False
Gliosis,T2ax,1,-0.006735255121771549,-0.019305482233269947,False
Gliosis,T1ax,1,-0.01191025675109908,-0.023633746559366092,False
Gliosis,FLAIRsag+SWIax,2,-0.016481743555364678,-0.025412048732228326,False
Gliosis,FLAIRax+SWIax,2,-0.004580129314838217,-0.013238198871892357,False
Gliosis,FLAIRax+FLAIRsag,2,-0.00723803736029242,-0.014731889743387619,False
Gliosis,T2ax+SWIax,2,-0.00516533039912152,-0.015682804239756515,False
Gliosis,T2ax+FLAIRsag,2,-0.007069312668026217,-0.017160506155932984,False
Gliosis,T2ax+FLAIRax,2,-0.00336160590517,-0.012311745150843106,False
Gliosis,T1ax+SWIax,2,-0.010900473161143995,-0.019379940728095884,False
Gliosis,T1ax+FLAIRsag,2,-0.017784191278382024,-0.026886958070201552,False
Gliosis,T1ax+FLAIRax,2,-0.007887088806720621,-0.0159219588166491,False
Gliosis,T1ax+T2ax,2,-0.0018017323580678695,-0.011153365616717478,False
Gliosis,FLAIRax+FLAIRsag+SWIax,3,-0.004663195680709331,-0.012211474070596997,False
Gliosis,T2ax+FLAIRsag+SWIax,3,-0.007054267078212502,-0.013985643959704504,False
Gliosis,T2ax+FLAIRax+SWIax,3,-0.0003384099544208577,-0.007108641953649112,True
Gliosis,T2ax+FLAIRax+FLAIRsag,3,0.00047106484545765575,-0.006806415112475542,True
Gliosis,T1ax+FLAIRsag+SWIax,3,-0.013700199318481245,-0.0215657017865922,False
Gliosis,T1ax+FLAIRax+SWIax,3,-0.002655927705552732,-0.009577794567904968,True
Gliosis,T1ax+FLAIRax+FLAIRsag,3,-0.006884588299288155,-0.013635629309549225,False
Gliosis,T1ax+T2ax+SWIax,3,-0.0025157057415896526,-0.01075479180912885,False
Gliosis,T1ax+T2ax+FLAIRsag,3,-0.004948220465829429,-0.01184236851529029,False
Gliosis,T1ax+T2ax+FLAIRax,3,-0.00186926498387939,-0.008859281768143809,True
Gliosis,T2ax+FLAIRax+FLAIRsag+SWIax,4,0.0008402110480448749,-0.0033267487968048643,True
Gliosis,T1ax+FLAIRax+FLAIRsag+SWIax,4,-0.005082368244377451,-0.011336789425917091,False
Gliosis,T1ax+T2ax+FLAIRsag+SWIax,4,-0.005616800721495858,-0.010363646383235753,False
Gliosis,T1ax+T2ax+FLAIRax+SWIax,4,0.0008076205484312845,-0.005002518883203504,True
Gliosis,T1ax+T2ax+FLAIRax+FLAIRsag,4,-0.0007992399941559205,-0.0055121874779451305,True
Gliosis,T1ax+T2ax+FLAIRax+FLAIRsag+SWIax,5,0.0,0.0,True
Cerebral atrophy,SWIax,1,-0.017388849207830837,-0.02626617201359228,False
Cerebral atrophy,FLAIRsag,1,-0.0062633956451125395,-0.015658497825861303,False
Cerebral atrophy,FLAIRax,1,-0.008600179470174748,-0.0166137693513259,False
Cerebral atrophy,T2ax,1,-0.007217150592554503,-0.015934208595702094,False
Cerebral atrophy,T1ax,1,-0.007069614557519151,-0.014755101999481244,False
Cerebral atrophy,FLAIRsag+SWIax,2,-0.00649529338899422,-0.014350672632895141,False
Cerebral atrophy,FLAIRax+SWIax,2,-0.0034567450483218233,-0.010830180688129775,False
Cerebral atrophy,FLAIRax+FLAIRsag,2,-0.0005183401483000547,-0.007906216832832375,True
Cerebral atrophy,T2ax+SWIax,2,-0.004698396085955633,-0.011680747260828298,False
Cerebral atrophy,T2ax+FLAIRsag,2,-0.0005846495133333146,-0.007050890987592541,True
Cerebral atrophy,T2ax+FLAIRax,2,-0.0027620527580750594,-0.009096453480198738,True
Cerebral atrophy,T1ax+SWIax,2,-0.005514203724827935,-0.012462324945416187,False
Cerebral atrophy,T1ax+FLAIRsag,2,-0.002706825538968695,-0.00902185013632971,True
Cerebral atrophy,T1ax+FLAIRax,2,-0.0019107762151583441,-0.008080505980544772,True
Cerebral atrophy,T1ax+T2ax,2,-0.006433779896106213,-0.013686228172842404,False
Cerebral atrophy,FLAIRax+FLAIRsag+SWIax,3,-0.0004139593900751712,-0.005552295070486915,True
Cerebral atrophy,T2ax+FLAIRsag+SWIax,3,-0.0023771689311591006,-0.0070059134838896045,True
Cerebral atrophy,T2ax+FLAIRax+SWIax,3,-0.00290834536209833,-0.008038579675171107,True
Cerebral atrophy,T2ax+FLAIRax+FLAIRsag,3,0.0011123826208793062,-0.003776727644136507,True
Cerebral atrophy,T1ax+FLAIRsag+SWIax,3,-0.00232596796650677,-0.007648767136399416,True
Cerebral atrophy,T1ax+FLAIRax+SWIax,3,-0.0031523819941862573,-0.008975566609604881,True
Cerebral atrophy,T1ax+FLAIRax+FLAIRsag,3,0.0010127805172232712,-0.004570528816533112,True
Cerebral atrophy,T1ax+T2ax+SWIax,3,-0.005210782479070536,-0.012303123369505503,False
Cerebral atrophy,T1ax+T2ax+FLAIRsag,3,-0.0024370326900919007,-0.007961580145762509,True
Cerebral atrophy,T1ax+T2ax+FLAIRax,3,-0.002138071579082379,-0.006960590760230126,True
Cerebral atrophy,T2ax+FLAIRax+FLAIRsag+SWIax,4,0.00013881235068612414,-0.003596610693858822,True
Cerebral atrophy,T1ax+FLAIRax+FLAIRsag+SWIax,4,-1.8788250593703425e-05,-0.0037215641637979627,True
Cerebral atrophy,T1ax+T2ax+FLAIRsag+SWIax,4,-0.0018409863844553965,-0.0053853053472798645,True
Cerebral atrophy,T1ax+T2ax+FLAIRax+SWIax,4,-0.0029782625486990356,-0.007078027909513998,True
Cerebral atrophy,T1ax+T2ax+FLAIRax+FLAIRsag,4,0.0009611137030137365,-0.0027445617941787613,True
Cerebral atrophy,T1ax+T2ax+FLAIRax+FLAIRsag+SWIax,5,0.0,0.0,True
Encephalomalacia,SWIax,1,-0.05614948337360035,-0.09629934141463836,False
Encephalomalacia,FLAIRsag,1,0.005240014184616309,-0.041336400901441854,False
Encephalomalacia,FLAIRax,1,-0.014037978604399115,-0.05600215256858149,False
Encephalomalacia,T2ax,1,-0.01175033291708653,-0.06014429043022861,False
Encephalomalacia,T1ax,1,0.024957273834996564,-0.0184888058019974,False
Encephalomalacia,FLAIRsag+SWIax,2,-0.014505039660388012,-0.054488734535924364,False
Encephalomalacia,FLAIRax+SWIax,2,-0.04296659558433365,-0.08224597026002914,False
Encephalomalacia,FLAIRax+FLAIRsag,2,-0.0018635186967504449,-0.04505753947008815,False
Encephalomalacia,T2ax+SWIax,2,-0.030556535504752222,-0.07655674028434385,False
Encephalomalacia,T2ax+FLAIRsag,2,0.013093593385613812,-0.027690373766874568,False
Encephalomalacia,T2ax+FLAIRax,2,-0.024121498247139474,-0.06610376561556494,False
Encephalomalacia,T1ax+SWIax,2,-0.00010459505488120025,-0.03728827327435116,False
Encephalomalacia,T1ax+FLAIRsag,2,0.02934187061487857,-0.014663196699159175,False
Encephalomalacia,T1ax+FLAIRax,2,0.0064403132758772234,-0.031857798386692435,False
Encephalomalacia,T1ax+T2ax,2,-0.001318720788819633,-0.041988528582924886,False
Encephalomalacia,FLAIRax+FLAIRsag+SWIax,3,-0.02076028630622784,-0.05519736464048575,False
Encephalomalacia,T2ax+FLAIRsag+SWIax,3,-0.00010285171703961621,-0.03040068083368104,False
Encephalomalacia,T2ax+FLAIRax+SWIax,3,-0.03567017269276707,-0.07270445138955647,False
Encephalomalacia,T2ax+FLAIRax+FLAIRsag,3,0.0004574874303215276,-0.03360136236922662,False
Encephalomalacia,T1ax+FLAIRsag+SWIax,3,0.00038638982681897944,-0.02507836033583205,False
Encephalomalacia,T1ax+FLAIRax+SWIax,3,-0.005672722896396636,-0.03782437597346448,False
Encephalomalacia,T1ax+FLAIRax+FLAIRsag,3,0.014197667511260191,-0.023024498035975442,False
Encephalomalacia,T1ax+T2ax+SWIax,3,-0.003930984461177936,-0.04572707950022232,False
Encephalomalacia,T1ax+T2ax+FLAIRsag,3,0.017047932387981066,-0.011501442907669523,False
Encephalomalacia,T1ax+T2ax+FLAIRax,3,-0.010835213273757648,-0.04869866185221278,False
Encephalomalacia,T2ax+FLAIRax+FLAIRsag+SWIax,4,-0.01081645083081599,-0.03122059029120752,False
Encephalomalacia,T1ax+FLAIRax+FLAIRsag+SWIax,4,-0.005652338884911945,-0.029097529193271684,False
Encephalomalacia,T1ax+T2ax+FLAIRsag+SWIax,4,0.009917384953731392,-0.008658886517449976,True
Encephalomalacia,T1ax+T2ax+FLAIRax+SWIax,4,-0.011219565245795165,-0.045853090233887187,False
Encephalomalacia,T1ax+T2ax+FLAIRax+FLAIRsag,4,0.0060147562444819655,-0.01958575916510743,False
Encephalomalacia,T1ax+T2ax+FLAIRax+FLAIRsag+SWIax,5,0.0,0.0,True
Arachnoid cyst,SWIax,1,-0.06684655126805243,-0.11332513484644566,False
Arachnoid cyst,FLAIRsag,1,-0.04444852730242636,-0.08609089332862552,False
Arachnoid cyst,FLAIRax,1,0.008658222780190567,-0.03200969771027741,False
Arachnoid cyst,T2ax,1,-0.0010735040997557949,-0.04488249735390176,False
Arachnoid cyst,T1ax,1,-0.06752021762017271,-0.1067624375424506,False
Arachnoid cyst,FLAIRsag+SWIax,2,-0.045748875921051244,-0.08071845651533473,False
Arachnoid cyst,FLAIRax+SWIax,2,-0.02549171053916629,-0.06017147898315749,False
Arachnoid cyst,FLAIRax+FLAIRsag,2,-0.015880936509617388,-0.048625995029014706,False
Arachnoid cyst,T2ax+SWIax,2,-0.022140365013975555,-0.06344542294315039,False
Arachnoid cyst,T2ax+FLAIRsag,2,-0.0075317292020361725,-0.04366939056765599,False
Arachnoid cyst,T2ax+FLAIRax,2,0.013594514981688335,-0.0213811557921188,False
Arachnoid cyst,T1ax+SWIax,2,-0.04815676924186071,-0.08866694828128358,False
Arachnoid cyst,T1ax+FLAIRsag,2,-0.0219843097040739,-0.058518912260525295,False
Arachnoid cyst,T1ax+FLAIRax,2,-0.018769897268491213,-0.054946670027160825,False
Arachnoid cyst,T1ax+T2ax,2,-0.020626883726568544,-0.05265072563291251,False
Arachnoid cyst,FLAIRax+FLAIRsag+SWIax,3,-0.01987481810863283,-0.04445389554561734,False
Arachnoid cyst,T2ax+FLAIRsag+SWIax,3,-0.02701709208523578,-0.05558763915932859,False
Arachnoid cyst,T2ax+FLAIRax+SWIax,3,-0.012631877320829593,-0.04465480790059133,False
Arachnoid cyst,T2ax+FLAIRax+FLAIRsag,3,-0.005717275481126374,-0.02749920160524858,False
Arachnoid cyst,T1ax+FLAIRsag+SWIax,3,-0.027034335717327808,-0.05595926747231155,False
Arachnoid cyst,T1ax+FLAIRax+SWIax,3,-0.015510572170303454,-0.04135314225548837,False
Arachnoid cyst,T1ax+FLAIRax+FLAIRsag,3,-0.011722435027412388,-0.038116486206344356,False
Arachnoid cyst,T1ax+T2ax+SWIax,3,-0.019116767462646414,-0.05284792956898149,False
Arachnoid cyst,T1ax+T2ax+FLAIRsag,3,-0.0031694311936902877,-0.027189560976050305,False
Arachnoid cyst,T1ax+T2ax+FLAIRax,3,0.009685361659263583,-0.018738612914318536,False
Arachnoid cyst,T2ax+FLAIRax+FLAIRsag+SWIax,4,-0.015026387879238344,-0.03272631901126747,False
Arachnoid cyst,T1ax+FLAIRax+FLAIRsag+SWIax,4,-0.014412539762611289,-0.033340889041440634,False
Arachnoid cyst,T1ax+T2ax+FLAIRsag+SWIax,4,-0.009634113936219615,-0.02660825963679947,False
Arachnoid cyst,T1ax+T2ax+FLAIRax+SWIax,4,0.004149506607226219,-0.018459103770901177,False
Arachnoid cyst,T1ax+T2ax+FLAIRax+FLAIRsag,4,0.0012643538729055453,-0.016651635665838778,False
Arachnoid cyst,T1ax+T2ax+FLAIRax+FLAIRsag+SWIax,5,0.0,0.0,True
Empty sella syndrome,SWIax,1,-0.07317201177707507,-0.11869794971492656,False
Empty sella syndrome,FLAIRsag,1,-0.0539485334490083,-0.09987320060426536,False
Empty sella syndrome,FLAIRax,1,-0.0415111335705069,-0.0866326443257001,False
Empty sella syndrome,T2ax,1,-0.011770116877127012,-0.059831417157930326,False
Empty sella syndrome,T1ax,1,-0.0530309599150827,-0.09325051914166826,False
Empty sella syndrome,FLAIRsag+SWIax,2,-0.026607279759896452,-0.061315469296316746,False
Empty sella syndrome,FLAIRax+SWIax,2,-0.04345031854009317,-0.0746463012666709,False
Empty sella syndrome,FLAIRax+FLAIRsag,2,-0.013298970371142116,-0.05224223125697075,False
Empty sella syndrome,T2ax+SWIax,2,-0.05384747790137126,-0.09648115016724679,False
Empty sella syndrome,T2ax+FLAIRsag,2,0.004453050282340085,-0.032921655592840486,False
Empty sella syndrome,T2ax+FLAIRax,2,-0.01666086007576977,-0.052957791370887235,False
Empty sella syndrome,T1ax+SWIax,2,-0.04799122548801573,-0.08511745706265213,False
Empty sella syndrome,T1ax+FLAIRsag,2,-0.046504743665985886,-0.08733556472775092,False
Empty sella syndrome,T1ax+FLAIRax,2,-0.026489614261216318,-0.06293173414099586,False
Empty sella syndrome,T1ax+T2ax,2,-0.019864654707078697,-0.06238106704589855,False
Empty sella syndrome,FLAIRax+FLAIRsag+SWIax,3,-0.01692257369182168,-0.040685174006874804,False
Empty sella syndrome,T2ax+FLAIRsag+SWIax,3,-0.02265495399526656,-0.050385040684567846,False
Empty sella syndrome,T2ax+FLAIRax+SWIax,3,-0.049902693614064034,-0.08007678300908963,False
Empty sella syndrome,T2ax+FLAIRax+FLAIRsag,3,0.009595332689162555,-0.01519191132181878,False
Empty sella syndrome,T1ax+FLAIRsag+SWIax,3,-0.02732560301796557,-0.05648122999984192,False
Empty sella syndrome,T1ax+FLAIRax+SWIax,3,-0.027919995384575468,-0.05818778139738614,False
Empty sella syndrome,T1ax+FLAIRax+FLAIRsag,3,-0.011341014067277616,-0.04363489618595204,False
Empty sella syndrome,T1ax+T2ax+SWIax,3,-0.03745705140911375,-0.07009742206518146,False
Empty sella syndrome,T1ax+T2ax+FLAIRsag,3,-0.010014425158076126,-0.03544005396604945,False
Empty sella syndrome,T1ax+T2ax+FLAIRax,3,-0.01186546378405148,-0.045618441429604126,False
Empty sella syndrome,T2ax+FLAIRax+FLAIRsag+SWIax,4,-0.011301285832675667,-0.02824810576607265,False
Empty sella syndrome,T1ax+FLAIRax+FLAIRsag+SWIax,4,-0.00988905517522478,-0.028057844550666636,False
Empty sella syndrome,T1ax+T2ax+FLAIRsag+SWIax,4,-0.014755175277618857,-0.031113345703426713,False
Empty sella syndrome,T1ax+T2ax+FLAIRax+SWIax,4,-0.0238895282176775,-0.04613956762664798,False
Empty sella syndrome,T1ax+T2ax+FLAIRax+FLAIRsag,4,0.006756181049853752,-0.01593779482883816,False
Empty sella syndrome,T1ax+T2ax+FLAIRax+FLAIRsag+SWIax,5,0.0,0.0,True
Intracranial aneurysm,SWIax,1,-0.038129113248290644,-0.17975322233222274,False
Intracranial aneurysm,FLAIRsag,1,-0.06341556907010994,-0.17268230293821682,False
Intracranial aneurysm,FLAIRax,1,-0.0033206797302149497,-0.1325383654752889,False
Intracranial aneurysm,T2ax,1,0.06690408219116022,-0.05201647614675918,False
Intracranial aneurysm,T1ax,1,-0.0010351469580950404,-0.13293629832687975,False
Intracranial aneurysm,FLAIRsag+SWIax,2,0.00721940711457723,-0.0736236081256623,False
Intracranial aneurysm,FLAIRax+SWIax,2,-0.0759973513389562,-0.1771106416957493,False
Intracranial aneurysm,FLAIRax+FLAIRsag,2,-0.016232114739347953,-0.11807971593374225,False
Intracranial aneurysm,T2ax+SWIax,2,0.008506731362176223,-0.10174372491417888,False
Intracranial aneurysm,T2ax+FLAIRsag,2,0.023173239820709606,-0.0494043005809564,False
Intracranial aneurysm,T2ax+FLAIRax,2,0.06446743733830944,-0.0022047973948783567,True
Intracranial aneurysm,T1ax+SWIax,2,-0.05335514532355162,-0.17029096399829205,False
Intracranial aneurysm,T1ax+FLAIRsag,2,-0.027182952855738858,-0.12174334952228034,False
Intracranial aneurysm,T1ax+FLAIRax,2,0.01647202862909936,-0.06314396014601932,False
Intracranial aneurysm,T1ax+T2ax,2,0.07875461997759499,-0.013981714470101662,False
Intracranial aneurysm,FLAIRax+FLAIRsag+SWIax,3,-0.04975528564411646,-0.13157020111656864,False
Intracranial aneurysm,T2ax+FLAIRsag+SWIax,3,0.010485625462898178,-0.048833208948603476,False
Intracranial aneurysm,T2ax+FLAIRax+SWIax,3,-0.001119187554924745,-0.07490638309968786,False
Intracranial aneurysm,T2ax+FLAIRax+FLAIRsag,3,0.04341645046244515,-0.01953918134168895,False
Intracranial aneurysm,T1ax+FLAIRsag+SWIax,3,-0.023849677291541607,-0.09414254519193702,False
Intracranial aneurysm,T1ax+FLAIRax+SWIax,3,-0.05767347690314008,-0.14890731909357074,False
Intracranial aneurysm,T1ax+FLAIRax+FLAIRsag,3,0.005986602473361285,-0.06696482807433814,False
Intracranial aneurysm,T1ax+T2ax+SWIax,3,0.019464783313508992,-0.07599583564018883,False
Intracranial aneurysm,T1ax+T2ax+FLAIRsag,3,0.014642222066401369,-0.050411068787435585,False
Intracranial aneurysm,T1ax+T2ax+FLAIRax,3,0.07053112621631756,0.015942485176478907,True
Intracranial aneurysm,T2ax+FLAIRax+FLAIRsag+SWIax,4,0.0007007754492119328,-0.04463095163402842,False
Intracranial aneurysm,T1ax+FLAIRax+FLAIRsag+SWIax,4,-0.036004013791156086,-0.09374834331017332,False
Intracranial aneurysm,T1ax+T2ax+FLAIRsag+SWIax,4,0.0011698635687736475,-0.032472693204016176,False
Intracranial aneurysm,T1ax+T2ax+FLAIRax+SWIax,4,0.0004405517386823224,-0.0600277436070285,False
Intracranial aneurysm,T1ax+T2ax+FLAIRax+FLAIRsag,4,0.03924527525277623,-0.004456489748205565,True
Intracranial aneurysm,T1ax+T2ax+FLAIRax+FLAIRsag+SWIax,5,0.0,0.0,True
Chiari malformation,SWIax,1,-0.006182538387323404,-0.1266898065699877,False
Chiari malformation,FLAIRsag,1,-0.06456102224649785,-0.1731512204861022,False
Chiari malformation,FLAIRax,1,0.07973112260335942,-0.021318998947082682,False
Chiari malformation,T2ax,1,0.13511022600704087,0.0058192145686500486,True
Chiari malformation,T1ax,1,0.05483218184632767,-0.03709678761101558,False
Chiari malformation,FLAIRsag+SWIax,2,-0.033631283258063055,-0.12080100560402245,False
Chiari malformation,FLAIRax+SWIax,2,0.028708729775390643,-0.07337481979949771,False
Chiari malformation,FLAIRax+FLAIRsag,2,0.002444372651339148,-0.07594477819982313,False
Chiari malformation,T2ax+SWIax,2,0.06741468567807797,-0.046130321789245254,False
Chiari malformation,T2ax+FLAIRsag,2,0.0074096626052910786,-0.0722393939083945,False
Chiari malformation,T2ax+FLAIRax,2,0.08778827678053337,-0.04063845944563582,False
Chiari malformation,T1ax+SWIax,2,-0.004714583039038171,-0.10149021491234164,False
Chiari malformation,T1ax+FLAIRsag,2,-0.029911414674852956,-0.09809958751813365,False
Chiari malformation,T1ax+FLAIRax,2,0.061175842504868065,-0.019693583816109344,False
Chiari malformation,T1ax+T2ax,2,0.10373012317998416,-0.0047319723794220425,True
Chiari malformation,FLAIRax+FLAIRsag+SWIax,3,-0.013845977808350531,-0.08631320184081578,False
Chiari malformation,T2ax+FLAIRsag+SWIax,3,0.009581459912366046,-0.06082827873313095,False
Chiari malformation,T2ax+FLAIRax+SWIax,3,0.06586605846541174,-0.014738274958711765,False
Chiari malformation,T2ax+FLAIRax+FLAIRsag,3,0.022051769006346075,-0.05195038097157705,False
Chiari malformation,T1ax+FLAIRsag+SWIax,3,-0.044650035903549094,-0.11101806530065622,False
Chiari malformation,T1ax+FLAIRax+SWIax,3,0.007781199014519786,-0.0491367309609862,False
Chiari malformation,T1ax+FLAIRax+FLAIRsag,3,-0.0032349057899999745,-0.0554752404667013,False
Chiari malformation,T1ax+T2ax+SWIax,3,0.05027236718479463,-0.06766908811408714,False
Chiari malformation,T1ax+T2ax+FLAIRsag,3,0.02114624648015985,-0.031128216937126984,False
Chiari malformation,T1ax+T2ax+FLAIRax,3,0.062338237300336455,-0.038204901782117946,False
Chiari malformation,T2ax+FLAIRax+FLAIRsag+SWIax,4,0.001097630384613948,-0.04443868746506838,False
Chiari malformation,T1ax+FLAIRax+FLAIRsag+SWIax,4,-0.031225569764084,-0.06782533372017846,False
Chiari malformation,T1ax+T2ax+FLAIRsag+SWIax,4,0.004808738980291788,-0.039447815480817126,False
Chiari malformation,T1ax+T2ax+FLAIRax+SWIax,4,0.04777282291044397,-0.027002841113932818,False
Chiari malformation,T1ax+T2ax+FLAIRax+FLAIRsag,4,0.012737777442499976,-0.02631122691450722,False
Chiari malformation,T1ax+T2ax+FLAIRax+FLAIRsag+SWIax,5,0.0,0.0,True
Schwannoma,SWIax,1,-0.06403492988410368,-0.17607487951616724,False
Schwannoma,FLAIRsag,1,-0.005144543524869527,-0.12884805235457977,False
Schwannoma,FLAIRax,1,0.027116550709311755,-0.06960145361502881,False
Schwannoma,T2ax,1,-0.1400411462965578,-0.27516765158232587,False
Schwannoma,T1ax,1,-0.03341022527882943,-0.13866576153263938,False
Schwannoma,FLAIRsag+SWIax,2,-0.04271049798884345,-0.1369573660714772,False
Schwannoma,FLAIRax+SWIax,2,0.0017410490821964237,-0.07348756873631118,False
Schwannoma,FLAIRax+FLAIRsag,2,0.03142825969399573,-0.061432353288227395,False
Schwannoma,T2ax+SWIax,2,-0.11772650467055032,-0.2075146129107085,False
Schwannoma,T2ax+FLAIRsag,2,-0.01673144628942945,-0.10363428106015238,False
Schwannoma,T2ax+FLAIRax,2,-0.0028575176358521266,-0.0754931527292871,False
Schwannoma,T1ax+SWIax,2,-0.03491675443487729,-0.12228281138321317,False
Schwannoma,T1ax+FLAIRsag,2,-0.018365974871338196,-0.10774791500945992,False
Schwannoma,T1ax+FLAIRax,2,0.003035043297126694,-0.08777916118476028,False
Schwannoma,T1ax+T2ax,2,-0.053815096881459905,-0.1428431419658028,False
Schwannoma,FLAIRax+FLAIRsag+SWIax,3,0.0009357464550103189,-0.08947849158412675,False
Schwannoma,T2ax+FLAIRsag+SWIax,3,-0.05075160010281924,-0.11914519468643218,False
Schwannoma,T2ax+FLAIRax+SWIax,3,-0.01297081229998578,-0.07301523206456752,False
Schwannoma,T2ax+FLAIRax+FLAIRsag,3,0.04004656735277077,-0.03740663171300401,False
Schwannoma,T1ax+FLAIRsag+SWIax,3,-0.022049712762241276,-0.08237271610985983,False
Schwannoma,T1ax+FLAIRax+SWIax,3,0.027476879290760023,-0.03136752580717752,False
Schwannoma,T1ax+FLAIRax+FLAIRsag,3,0.018223710255198824,-0.06322894118369352,False
Schwannoma,T1ax+T2ax+SWIax,3,-0.06490902044521853,-0.13692019749076592,False
Schwannoma,T1ax+T2ax+FLAIRsag,3,-0.016429933977769273,-0.06815983788324148,False
Schwannoma,T1ax+T2ax+FLAIRax,3,0.004134444524473355,-0.050291352301190625,False
Schwannoma,T2ax+FLAIRax+FLAIRsag+SWIax,4,0.005776379196794028,-0.0642864490930918,False
Schwannoma,T1ax+FLAIRax+FLAIRsag+SWIax,4,0.016202726375820747,-0.02761011875421639,False
Schwannoma,T1ax+T2ax+FLAIRsag+SWIax,4,-0.04747558375294396,-0.08650860316228685,False
Schwannoma,T1ax+T2ax+FLAIRax+SWIax,4,-0.005422181956195327,-0.044535619675045095,False
Schwannoma,T1ax+T2ax+FLAIRax+FLAIRsag,4,0.023128715234198637,-0.02663913300114317,False
Schwannoma,T1ax+T2ax+FLAIRax+FLAIRsag+SWIax,5,0.0,0.0,True
Cyst of pineal gland,SWIax,1,-0.0230614000746174,-0.1207607387992131,False
Cyst of pineal gland,FLAIRsag,1,-0.013415065089738987,-0.1040320413207016,False
Cyst of pineal gland,FLAIRax,1,0.03193082023829746,-0.05640249687552059,False
Cyst of pineal gland,T2ax,1,-0.04563915635033359,-0.13476511889607473,False
Cyst of pineal gland,T1ax,1,0.050321264745859864,-0.015858328288649276,False
Cyst of pineal gland,FLAIRsag+SWIax,2,-0.011644185289516815,-0.08870702955519498,False
Cyst of pineal gland,FLAIRax+SWIax,2,-0.0060904128082318555,-0.07139933522902242,False
Cyst of pineal gland,FLAIRax+FLAIRsag,2,0.0228957757916666,-0.04921317392208831,False
Cyst of pineal gland,T2ax+SWIax,2,-0.02978408010206838,-0.09677962192719482,False
Cyst of pineal gland,T2ax+FLAIRsag,2,-0.028779436150770072,-0.089840754785715,False
Cyst of pineal gland,T2ax+FLAIRax,2,0.032866753198017434,-0.04088383504669679,False
Cyst of pineal gland,T1ax+SWIax,2,0.02717447232251093,-0.048883974102632254,False
Cyst of pineal gland,T1ax+FLAIRsag,2,0.01642697368868916,-0.06028951169147509,False
Cyst of pineal gland,T1ax+FLAIRax,2,0.014159850840137416,-0.06512296124903905,False
Cyst of pineal gland,T1ax+T2ax,2,0.003905548489567881,-0.06635367349239711,False
Cyst of pineal gland,FLAIRax+FLAIRsag+SWIax,3,0.018273204089022246,-0.03575407955051714,False
Cyst of pineal gland,T2ax+FLAIRsag+SWIax,3,-0.041335557837329125,-0.0827900494567179,False
Cyst of pineal gland,T2ax+FLAIRax+SWIax,3,-0.0020593704109287403,-0.054856806183482494,False
Cyst of pineal gland,T2ax+FLAIRax+FLAIRsag,3,0.02057706118101077,-0.029567198855602383,False
Cyst of pineal gland,T1ax+FLAIRsag+SWIax,3,0.01910557693322921,-0.0301300843442192,False
Cyst of pineal gland,T1ax+FLAIRax+SWIax,3,0.010919269486430308,-0.05195658199281201,False
Cyst of pineal gland,T1ax+FLAIRax+FLAIRsag,3,0.01612932354867856,-0.05245792034515063,False
Cyst of pineal gland,T1ax+T2ax+SWIax,3,0.0007578757639117048,-0.052071813196300464,False
Cyst of pineal gland,T1ax+T2ax+FLAIRsag,3,-0.014855594837402468,-0.05937689546880893,False
Cyst of pineal gland,T1ax+T2ax+FLAIRax,3,0.02351290647290426,-0.0319022569204839,False
Cyst of pineal gland,T2ax+FLAIRax+FLAIRsag+SWIax,4,0.003251797224728587,-0.023669189067244134,False
Cyst of pineal gland,T1ax+FLAIRax+FLAIRsag+SWIax,4,0.01568960379347757,-0.02328231752001703,False
Cyst of pineal gland,T1ax+T2ax+FLAIRsag+SWIax,4,-0.015371610847223023,-0.04482519857361486,False
Cyst of pineal gland,T1ax+T2ax+FLAIRax+SWIax,4,0.006372469726540237,-0.037960951069588245,False
Cyst of pineal gland,T1ax+T2ax+FLAIRax+FLAIRsag,4,0.005843510406390588,-0.03617380495517302,False
Cyst of pineal gland,T1ax+T2ax+FLAIRax+FLAIRsag+SWIax,5,0.0,0.0,True
Hemangioma of vertebral column,SWIax,1,-0.07623680354123427,-0.21177086554630917,False
Hemangioma of vertebral column,FLAIRsag,1,-0.11162487648686657,-0.2539561496658379,False
Hemangioma of vertebral column,FLAIRax,1,-0.09378798436284314,-0.20809996935381975,False
Hemangioma of vertebral column,T2ax,1,0.0014057482280883827,-0.13605175576046605,False
Hemangioma of vertebral column,T1ax,1,-0.02501618372486763,-0.22707941942154036,False
Hemangioma of vertebral column,FLAIRsag+SWIax,2,-0.07438960517732612,-0.19344372920105482,False
Hemangioma of vertebral column,FLAIRax+SWIax,2,-0.13261282997378498,-0.24581469591757626,False
Hemangioma of vertebral column,FLAIRax+FLAIRsag,2,-0.04660843157672101,-0.16928201829987433,False
Hemangioma of vertebral column,T2ax+SWIax,2,-0.032728300996871525,-0.14764207010251004,False
Hemangioma of vertebral column,T2ax+FLAIRsag,2,-0.03403004278599611,-0.17687972665774873,False
Hemangioma of vertebral column,T2ax+FLAIRax,2,-0.0747500467044976,-0.23402273698243928,False
Hemangioma of vertebral column,T1ax+SWIax,2,-0.005832257965175545,-0.1100588501213308,False
Hemangioma of vertebral column,T1ax+FLAIRsag,2,-0.010516264194872418,-0.14305751548835152,False
Hemangioma of vertebral column,T1ax+FLAIRax,2,-0.06282717271634622,-0.19049393589266192,False
Hemangioma of vertebral column,T1ax+T2ax,2,0.0006142744985851344,-0.17449257765063017,False
Hemangioma of vertebral column,FLAIRax+FLAIRsag+SWIax,3,-0.054225629018662014,-0.17704090694419003,False
Hemangioma of vertebral column,T2ax+FLAIRsag+SWIax,3,-0.02566335467672102,-0.10058352336288631,False
Hemangioma of vertebral column,T2ax+FLAIRax+SWIax,3,-0.09404025834710916,-0.1975786649812232,False
Hemangioma of vertebral column,T2ax+FLAIRax+FLAIRsag,3,-0.05126095363176807,-0.19478670924722097,False
Hemangioma of vertebral column,T1ax+FLAIRsag+SWIax,3,0.008646698007743947,-0.078943969768006,False
Hemangioma of vertebral column,T1ax+FLAIRax+SWIax,3,-0.07461450589519297,-0.16687989661728672,False
Hemangioma of vertebral column,T1ax+FLAIRax+FLAIRsag,3,-0.02023231678343473,-0.1282093326068686,False
Hemangioma of vertebral column,T1ax+T2ax+SWIax,3,0.02336791280681372,-0.040635512507637216,False
Hemangioma of vertebral column,T1ax+T2ax+FLAIRsag,3,0.025348332764387305,-0.07903516131175206,False
Hemangioma of vertebral column,T1ax+T2ax+FLAIRax,3,-0.04729976537418862,-0.16091622563052962,False
Hemangioma of vertebral column,T2ax+FLAIRax+FLAIRsag+SWIax,4,-0.05605387799392659,-0.12241489412178619,False
Hemangioma of vertebral column,T1ax+FLAIRax+FLAIRsag+SWIax,4,-0.02702298753736021,-0.11508454801499404,False
Hemangioma of vertebral column,T1ax+T2ax+FLAIRsag+SWIax,4,0.03785144192774151,-0.004599310193288067,True
Hemangioma of vertebral column,T1ax+T2ax+FLAIRax+SWIax,4,-0.03994214655887346,-0.10884311888720352,False
Hemangioma of vertebral column,T1ax+T2ax+FLAIRax+FLAIRsag,4,-0.011316782374030205,-0.11573744096060984,False
Hemangioma of vertebral column,T1ax+T2ax+FLAIRax+FLAIRsag+SWIax,5,0.0,0.0,True
Cerebral edema,SWIax,1,-0.024780237091887244,-0.04526639485016948,False
Cerebral edema,FLAIRsag,1,-0.01965182561541447,-0.042490105526164466,False
Cerebral edema,FLAIRax,1,0.002941650548454463,-0.01367343882160269,False
Cerebral edema,T2ax,1,-0.0360973168275565,-0.0616639177267627,False
Cerebral edema,T1ax,1,-0.037051935576512575,-0.06171499706187209,False
Cerebral edema,FLAIRsag+SWIax,2,-0.01673170120046846,-0.03335311109796921,False
Cerebral edema,FLAIRax+SWIax,2,0.0013882741714132043,-0.016988902702876063,False
Cerebral edema,FLAIRax+FLAIRsag,2,-0.0015752685630748809,-0.018324169132933173,False
Cerebral edema,T2ax+SWIax,2,-0.015304400305743258,-0.034580947417180846,False
Cerebral edema,T2ax+FLAIRsag,2,-0.025124710262018186,-0.03960528458861906,False
Cerebral edema,T2ax+FLAIRax,2,-0.0010474251054389985,-0.014786845800569746,False
Cerebral edema,T1ax+SWIax,2,-0.023576487532509835,-0.04049427285390057,False
Cerebral edema,T1ax+FLAIRsag,2,-0.016844891443512394,-0.040323853486545186,False
Cerebral edema,T1ax+FLAIRax,2,-0.0037787694614836755,-0.019219442302199765,False
Cerebral edema,T1ax+T2ax,2,-0.021126528675294156,-0.04523173903369405,False
Cerebral edema,FLAIRax+FLAIRsag+SWIax,3,-0.0022636762672332317,-0.015218867738089486,False
Cerebral edema,T2ax+FLAIRsag+SWIax,3,-0.018507561434416005,-0.03515880264062914,False
Cerebral edema,T2ax+FLAIRax+SWIax,3,0.007020813025596742,-0.005451632108776862,True
Cerebral edema,T2ax+FLAIRax+FLAIRsag,3,-0.005001617635807677,-0.018362811602967072,False
Cerebral edema,T1ax+FLAIRsag+SWIax,3,-0.011479701670992017,-0.024005902605121036,False
Cerebral edema,T1ax+FLAIRax+SWIax,3,0.002005756026271377,-0.010140195535582708,False
Cerebral edema,T1ax+FLAIRax+FLAIRsag,3,-0.0020940917747084933,-0.018973091969085903,False
Cerebral edema,T1ax+T2ax+SWIax,3,-0.013657073464273457,-0.028679511422547183,False
Cerebral edema,T1ax+T2ax+FLAIRsag,3,-0.017633661031204787,-0.032921162795872025,False
Cerebral edema,T1ax+T2ax+FLAIRax,3,-0.003457255503547371,-0.018505916854292582,False
Cerebral edema,T2ax+FLAIRax+FLAIRsag+SWIax,4,-0.003451477863684926,-0.013272677267805063,False
Cerebral edema,T1ax+FLAIRax+FLAIRsag+SWIax,4,0.0020533086134925096,-0.007884052885878894,True
Cerebral edema,T1ax+T2ax+FLAIRsag+SWIax,4,-0.014749422028874925,-0.024450419840083264,False
Cerebral edema,T1ax+T2ax+FLAIRax+SWIax,4,0.004363955292278481,-0.003417222823058844,True
Cerebral edema,T1ax+T2ax+FLAIRax+FLAIRsag,4,-0.0033318767511513435,-0.014966074052951481,False
Cerebral edema,T1ax+T2ax+FLAIRax+FLAIRsag+SWIax,5,0.0,0.0,True
Spinal stenosis,SWIax,1,0.024059079073607655,-0.09707895724265901,False
Spinal stenosis,FLAIRsag,1,0.002972494481933515,-0.11782012044669846,False
Spinal stenosis,FLAIRax,1,-0.005048151523271878,-0.10553625454922698,False
Spinal stenosis,T2ax,1,0.017316832953679983,-0.07321792479055331,False
Spinal stenosis,T1ax,1,0.024946615290473435,-0.09045288356420164,False
Spinal stenosis,FLAIRsag+SWIax,2,0.02533225868930244,-0.056463736591931116,False
Spinal stenosis,FLAIRax+SWIax,2,-0.024436917137939163,-0.12991806913644535,False
Spinal stenosis,FLAIRax+FLAIRsag,2,0.007375816514174056,-0.09729512061441528,False
Spinal stenosis,T2ax+SWIax,2,-0.00254989228802137,-0.07793511930957377,False
Spinal stenosis,T2ax+FLAIRsag,2,0.0011414544813015456,-0.10795921137047408,False
Spinal stenosis,T2ax+FLAIRax,2,-0.0016640688759471357,-0.08858819740127342,False
Spinal stenosis,T1ax+SWIax,2,0.032522964285468255,-0.09254595974311311,False
Spinal stenosis,T1ax+FLAIRsag,2,0.014242710027526584,-0.09437511388705053,False
Spinal stenosis,T1ax+FLAIRax,2,-0.010845358167654327,-0.10016053788613545,False
Spinal stenosis,T1ax+T2ax,2,0.012665108722509142,-0.07973286192854327,False
Spinal stenosis,FLAIRax+FLAIRsag+SWIax,3,0.007619611552594383,-0.06835824747453326,False
Spinal stenosis,T2ax+FLAIRsag+SWIax,3,0.0018812145271903569,-0.06504812340516639,False
Spinal stenosis,T2ax+FLAIRax+SWIax,3,-0.025411383544858487,-0.09163539118730354,False
Spinal stenosis,T2ax+FLAIRax+FLAIRsag,3,0.0023594685320498317,-0.08250071808425427,False
Spinal stenosis,T1ax+FLAIRsag+SWIax,3,0.037864955292895734,-0.06369522942930025,False
Spinal stenosis,T1ax+FLAIRax+SWIax,3,-0.006975827715875298,-0.08794970976484599,False
Spinal stenosis,T1ax+FLAIRax+FLAIRsag,3,-0.0019765136855192872,-0.08823062027970274,False
Spinal stenosis,T1ax+T2ax+SWIax,3,0.010885050306853092,-0.07749326238209162,False
Spinal stenosis,T1ax+T2ax+FLAIRsag,3,0.034242975120908785,-0.051950634457496224,False
Spinal stenosis,T1ax+T2ax+FLAIRax,3,-0.005717037468910236,-0.07241025808735088,False
Spinal stenosis,T2ax+FLAIRax+FLAIRsag+SWIax,4,-0.011310611076935801,-0.05740957280828798,False
Spinal stenosis,T1ax+FLAIRax+FLAIRsag+SWIax,4,0.010894501143379616,-0.04379270749202778,False
Spinal stenosis,T1ax+T2ax+FLAIRsag+SWIax,4,0.02769428051414307,-0.03402721231812023,False
Spinal stenosis,T1ax+T2ax+FLAIRax+SWIax,4,-0.022863293451068786,-0.08144415555802353,False
Spinal stenosis,T1ax+T2ax+FLAIRax+FLAIRsag,4,0.014085147969788754,-0.045194824864669095,False
Spinal stenosis,T1ax+T2ax+FLAIRax+FLAIRsag+SWIax,5,0.0,0.0,True
Mastoiditis,SWIax,1,-0.0644793654229367,-0.1233343844394551,False
Mastoiditis,FLAIRsag,1,-0.01002199314300081,-0.06638541744234461,False
Mastoiditis,FLAIRax,1,-0.05512420731380846,-0.1031205049581905,False
Mastoiditis,T2ax,1,0.02122911553492544,-0.03771997125520587,False
Mastoiditis,T1ax,1,-0.08885995889099185,-0.15073369679538096,False
Mastoiditis,FLAIRsag+SWIax,2,-0.026120639117066552,-0.07684999375342219,False
Mastoiditis,FLAIRax+SWIax,2,-0.07557908686131774,-0.12395454417438591,False
Mastoiditis,FLAIRax+FLAIRsag,2,-0.024077415286420347,-0.06394474488442056,False
Mastoiditis,T2ax+SWIax,2,-0.016744835779458192,-0.06411682024473377,False
Mastoiditis,T2ax+FLAIRsag,2,0.013526364807954215,-0.02803427418422859,False
Mastoiditis,T2ax+FLAIRax,2,0.005632145208624591,-0.03740009039955457,False
Mastoiditis,T1ax+SWIax,2,-0.08191116848949145,-0.1384475161698459,False
Mastoiditis,T1ax+FLAIRsag,2,-0.036401035386351796,-0.07718059147744802,False
Mastoiditis,T1ax+FLAIRax,2,-0.06067933867996031,-0.09756149235381205,False
Mastoiditis,T1ax+T2ax,2,-0.03685957748235074,-0.0804757704324968,False
Mastoiditis,FLAIRax+FLAIRsag+SWIax,3,-0.01954604094498714,-0.053492907798775635,False
Mastoiditis,T2ax+FLAIRsag+SWIax,3,0.0098514790314788,-0.028029601411438537,False
Mastoiditis,T2ax+FLAIRax+SWIax,3,-0.01659243318403153,-0.05307307064019888,False
Mastoiditis,T2ax+FLAIRax+FLAIRsag,3,0.0022923703155056357,-0.030716774784162397,False
Mastoiditis,T1ax+FLAIRsag+SWIax,3,-0.028081000993515695,-0.06278511656389596,False
Mastoiditis,T1ax+FLAIRax+SWIax,3,-0.059409348584015274,-0.09641560638545574,False
Mastoiditis,T1ax+FLAIRax+FLAIRsag,3,-0.03425802807119414,-0.06384458454125443,False
Mastoiditis,T1ax+T2ax+SWIax,3,-0.04044355876250809,-0.07999736357138049,False
Mastoiditis,T1ax+T2ax+FLAIRsag,3,-0.005916561241766201,-0.04019542727757121,False
Mastoiditis,T1ax+T2ax+FLAIRax,3,-0.034676923587179484,-0.06287521892202314,False
Mastoiditis,T2ax+FLAIRax+FLAIRsag+SWIax,4,0.01153216325256514,-0.01077038465902975,False
Mastoiditis,T1ax+FLAIRax+FLAIRsag+SWIax,4,-0.022103110368710016,-0.04125741991315766,False
Mastoiditis,T1ax+T2ax+FLAIRsag+SWIax,4,0.004810486057939004,-0.021290198523867186,False
Mastoiditis,T1ax+T2ax+FLAIRax+SWIax,4,-0.03249387311302643,-0.06686104447824286,False
Mastoiditis,T1ax+T2ax+FLAIRax+FLAIRsag,4,-0.013754534493354025,-0.03480868896957096,False
Mastoiditis,T1ax+T2ax+FLAIRax+FLAIRsag+SWIax,5,0.0,0.0,True
Chronic mastoiditis,SWIax,1,-0.0657422067626086,-0.11343304679077301,False
Chronic mastoiditis,FLAIRsag,1,-0.07504734823828776,-0.12080642101351836,False
Chronic mastoiditis,FLAIRax,1,-0.05167506977920627,-0.09152238649468457,False
Chronic mastoiditis,T2ax,1,-0.012300358310711008,-0.05891022521629992,False
Chronic mastoiditis,T1ax,1,0.024074170637345908,-0.011577067097237862,False
Chronic mastoiditis,FLAIRsag+SWIax,2,-0.05288389373329818,-0.10185814586595698,False
Chronic mastoiditis,FLAIRax+SWIax,2,-0.0396867739919232,-0.077791081141434,False
Chronic mastoiditis,FLAIRax+FLAIRsag,2,-0.04249375399022352,-0.08499994579936207,False
Chronic mastoiditis,T2ax+SWIax,2,-0.025941802664621937,-0.05913926141623478,False
Chronic mastoiditis,T2ax+FLAIRsag,2,-0.018365496173954318,-0.05452300244418118,False
Chronic mastoiditis,T2ax+FLAIRax,2,-0.023414646350928044,-0.055405491298767526,False
Chronic mastoiditis,T1ax+SWIax,2,0.0029486864151751437,-0.03207797482937178,False
Chronic mastoiditis,T1ax+FLAIRsag,2,-0.017959530076002834,-0.05787205173045593,False
Chronic mastoiditis,T1ax+FLAIRax,2,0.003403457480497555,-0.037558473097063214,False
Chronic mastoiditis,T1ax+T2ax,2,0.011068133872422383,-0.03353914439780797,False
Chronic mastoiditis,FLAIRax+FLAIRsag+SWIax,3,-0.031113825376937205,-0.060762338570386105,False
Chronic mastoiditis,T2ax+FLAIRsag+SWIax,3,-0.022926245549350906,-0.056171828433052684,False
Chronic mastoiditis,T2ax+FLAIRax+SWIax,3,-0.011220084493456309,-0.0393443464619436,False
Chronic mastoiditis,T2ax+FLAIRax+FLAIRsag,3,-0.02243712046973542,-0.05388381766653729,False
Chronic mastoiditis,T1ax+FLAIRsag+SWIax,3,-0.014199154930220774,-0.03954191205664342,False
Chronic mastoiditis,T1ax+FLAIRax+SWIax,3,0.008058535597341356,-0.01787509716603614,False
Chronic mastoiditis,T1ax+FLAIRax+FLAIRsag,3,-0.006772147030787815,-0.036132044878629775,False
Chronic mastoiditis,T1ax+T2ax+SWIax,3,0.017762164243886082,-0.015204748914302891,False
Chronic mastoiditis,T1ax+T2ax+FLAIRsag,3,-0.007957973624980153,-0.03543235696045149,False
Chronic mastoiditis,T1ax+T2ax+FLAIRax,3,0.0032355198523083377,-0.02948382348981797,False
Chronic mastoiditis,T2ax+FLAIRax+FLAIRsag+SWIax,4,-0.0168663812412628,-0.03603129417151202,False
Chronic mastoiditis,T1ax+FLAIRax+FLAIRsag+SWIax,4,-0.0014538931023089646,-0.01778523881243055,False
Chronic mastoiditis,T1ax+T2ax+FLAIRsag+SWIax,4,-0.005308367437029747,-0.024012685796926277,False
Chronic mastoiditis,T1ax+T2ax+FLAIRax+SWIax,4,0.01126089033805633,-0.011328409350741548,False
Chronic mastoiditis,T1ax+T2ax+FLAIRax+FLAIRsag,4,-0.0021088001333564063,-0.026911070124582184,False
Chronic mastoiditis,T1ax+T2ax+FLAIRax+FLAIRsag+SWIax,5,0.0,0.0,True
Ventriculomegaly,SWIax,1,-0.03245081554266035,-0.04858181860512871,False
Ventriculomegaly,FLAIRsag,1,-0.011827541507903945,-0.02485606509947801,False
Ventriculomegaly,FLAIRax,1,-0.012794169874208578,-0.02602292934914236,False
Ventriculomegaly,T2ax,1,-0.014161588676909562,-0.026795325795003877,False
Ventriculomegaly,T1ax,1,-0.016056087093410356,-0.028564547645733004,False
Ventriculomegaly,FLAIRsag+SWIax,2,-0.0051499750721305,-0.01828487073823147,False
Ventriculomegaly,FLAIRax+SWIax,2,-0.005844979166498534,-0.01755045716470626,False
Ventriculomegaly,FLAIRax+FLAIRsag,2,-0.00947166804510719,-0.02244694790310888,False
Ventriculomegaly,T2ax+SWIax,2,-0.013451854752353718,-0.02535611172711239,False
Ventriculomegaly,T2ax+FLAIRsag,2,-0.009864220199212773,-0.020689143660490968,False
Ventriculomegaly,T2ax+FLAIRax,2,-0.010370245099007169,-0.023715773758000477,False
Ventriculomegaly,T1ax+SWIax,2,-0.014979310046235485,-0.02591651234206481,False
Ventriculomegaly,T1ax+FLAIRsag,2,-0.009481781660152082,-0.01771962083561655,False
Ventriculomegaly,T1ax+FLAIRax,2,-0.0056233986982023795,-0.015658606669366762,False
Ventriculomegaly,T1ax+T2ax,2,-0.012853435429908992,-0.023781647624281935,False
Ventriculomegaly,FLAIRax+FLAIRsag+SWIax,3,-0.00011295777297408687,-0.010949685623699995,False
Ventriculomegaly,T2ax+FLAIRsag+SWIax,3,-0.0026173535223084,-0.012174515271983405,False
Ventriculomegaly,T2ax+FLAIRax+SWIax,3,-0.002456141249477346,-0.012231605633374072,False
Ventriculomegaly,T2ax+FLAIRax+FLAIRsag,3,-0.007320000214741766,-0.01744382078984931,False
Ventriculomegaly,T1ax+FLAIRsag+SWIax,3,-0.004747377909317141,-0.015273230665852813,False
Ventriculomegaly,T1ax+FLAIRax+SWIax,3,-0.0036385633816011587,-0.010866485090781945,False
Ventriculomegaly,T1ax+FLAIRax+FLAIRsag,3,-0.006004012491625009,-0.013396331173241476,False
Ventriculomegaly,T1ax+T2ax+SWIax,3,-0.011499933936814406,-0.02162665892781132,False
Ventriculomegaly,T1ax+T2ax+FLAIRsag,3,-0.00998195000820783,-0.017007386688114245,False
Ventriculomegaly,T1ax+T2ax+FLAIRax,3,-0.007132634646027372,-0.01769362791413849,False
Ventriculomegaly,T2ax+FLAIRax+FLAIRsag+SWIax,4,0.0020908629152178106,-0.004797586330871968,True
Ventriculomegaly,T1ax+FLAIRax+FLAIRsag+SWIax,4,-0.0009509129956843315,-0.00711409467271761,True
Ventriculomegaly,T1ax+T2ax+FLAIRsag+SWIax,4,-0.004479262902511354,-0.010939487361616184,False
Ventriculomegaly,T1ax+T2ax+FLAIRax+SWIax,4,-0.0034341910412127373,-0.011478134748836539,False
Ventriculomegaly,T1ax+T2ax+FLAIRax+FLAIRsag,4,-0.00490092394815717,-0.011060808323237003,False
Ventriculomegaly,T1ax+T2ax+FLAIRax+FLAIRsag+SWIax,5,0.0,0.0,True
Cerebellar degeneration,SWIax,1,-0.04829226309014037,-0.08241324961379622,False
Cerebellar degeneration,FLAIRsag,1,-0.017243533350248766,-0.05092912243762295,False
Cerebellar degeneration,FLAIRax,1,-0.011313845697502396,-0.04162048419573554,False
Cerebellar degeneration,T2ax,1,0.0027509783224479245,-0.034693454884113066,False
Cerebellar degeneration,T1ax,1,0.00017431044683356378,-0.02962104495489854,False
Cerebellar degeneration,FLAIRsag+SWIax,2,-0.041598517269667956,-0.0730576654510888,False
Cerebellar degeneration,FLAIRax+SWIax,2,-0.03275013314217621,-0.06243954420101998,False
Cerebellar degeneration,FLAIRax+FLAIRsag,2,-0.009710920690356045,-0.03578221348733859,False
Cerebellar degeneration,T2ax+SWIax,2,-0.028063281423790113,-0.05494154850649278,False
Cerebellar degeneration,T2ax+FLAIRsag,2,-0.005047017233501233,-0.03038152073420001,False
Cerebellar degeneration,T2ax+FLAIRax,2,-0.0002762252964665393,-0.031134344638105417,False
Cerebellar degeneration,T1ax+SWIax,2,-0.017582016531315497,-0.048091872708616375,False
Cerebellar degeneration,T1ax+FLAIRsag,2,0.002292049894181425,-0.02846419252311368,False
Cerebellar degeneration,T1ax+FLAIRax,2,0.00757462558030472,-0.017910532940763703,False
Cerebellar degeneration,T1ax+T2ax,2,0.009831864710730262,-0.016758275360308317,False
Cerebellar degeneration,FLAIRax+FLAIRsag+SWIax,3,-0.023494682615142457,-0.04582776750737593,False
Cerebellar degeneration,T2ax+FLAIRsag+SWIax,3,-0.024666957939562115,-0.04995571636390697,False
Cerebellar degeneration,T2ax+FLAIRax+SWIax,3,-0.01915640570168038,-0.0437772214441239,False
Cerebellar degeneration,T2ax+FLAIRax+FLAIRsag,3,-0.0012927157860247232,-0.020543249648230653,False
Cerebellar degeneration,T1ax+FLAIRsag+SWIax,3,-0.01171788242712369,-0.03718273401786963,False
Cerebellar degeneration,T1ax+FLAIRax+SWIax,3,-0.0017704121147287335,-0.02570507570077341,False
Cerebellar degeneration,T1ax+FLAIRax+FLAIRsag,3,0.004851913612322938,-0.016978744314299136,False
Cerebellar degeneration,T1ax+T2ax+SWIax,3,-0.00916129693235687,-0.03059117621475234,False
Cerebellar degeneration,T1ax+T2ax+FLAIRsag,3,0.00639946908037116,-0.016199986445453046,False
Cerebellar degeneration,T1ax+T2ax+FLAIRax,3,0.00776019341565114,-0.0157273412283875,False
Cerebellar degeneration,T2ax+FLAIRax+FLAIRsag+SWIax,4,-0.014482841403588562,-0.029170732435860283,False
Cerebellar degeneration,T1ax+FLAIRax+FLAIRsag+SWIax,4,-0.003357115783032317,-0.021142659781802884,False
Cerebellar degeneration,T1ax+T2ax+FLAIRsag+SWIax,4,-0.0068914355740939326,-0.019825213908550927,False
Cerebellar degeneration,T1ax+T2ax+FLAIRax+SWIax,4,-0.0015132508899748918,-0.017055485476173252,False
Cerebellar degeneration,T1ax+T2ax+FLAIRax+FLAIRsag,4,0.007457105110168032,-0.008418399527811612,True
Cerebellar degeneration,T1ax+T2ax+FLAIRax+FLAIRsag+SWIax,5,0.0,0.0,True
Mega cisterna magna,SWIax,1,-0.020123044210136172,-0.12192090160786671,False
Mega cisterna magna,FLAIRsag,1,-0.023512077416426597,-0.09138046477721687,False
Mega cisterna magna,FLAIRax,1,-0.005360213769815731,-0.08381172146935366,False
Mega cisterna magna,T2ax,1,0.015446860780799996,-0.0681329950953286,False
Mega cisterna magna,T1ax,1,-0.012364121990174382,-0.10789455046400927,False
Mega cisterna magna,FLAIRsag+SWIax,2,-0.05494118613586922,-0.138560898799156,False
Mega cisterna magna,FLAIRax+SWIax,2,-0.012495022544167256,-0.08055650482638715,False
Mega cisterna magna,FLAIRax+FLAIRsag,2,0.010678718720908554,-0.0445537883364684,False
Mega cisterna magna,T2ax+SWIax,2,0.01628448806452163,-0.06619729161942861,False
Mega cisterna magna,T2ax+FLAIRsag,2,-0.009031876402011217,-0.06502026656572098,False
Mega cisterna magna,T2ax+FLAIRax,2,-0.001294014455250265,-0.06273645238443078,False
Mega cisterna magna,T1ax+SWIax,2,-0.012866487555957042,-0.0924215330618189,False
Mega cisterna magna,T1ax+FLAIRsag,2,-0.02747561172764666,-0.08192263654289615,False
Mega cisterna magna,T1ax+FLAIRax,2,0.020024340866680798,-0.045503491495020115,False
Mega cisterna magna,T1ax+T2ax,2,-0.028595113888543564,-0.11517625996996639,False
Mega cisterna magna,FLAIRax+FLAIRsag+SWIax,3,-0.0033146750986072114,-0.05823085701389769,False
Mega cisterna magna,T2ax+FLAIRsag+SWIax,3,-0.00243417489358049,-0.0466909635797523,False
Mega cisterna magna,T2ax+FLAIRax+SWIax,3,-0.000555448603607841,-0.05266522232895971,False
Mega cisterna magna,T2ax+FLAIRax+FLAIRsag,3,0.007181401723768124,-0.03324472205304429,False
Mega cisterna magna,T1ax+FLAIRsag+SWIax,3,-0.04197404128068099,-0.09230209035116292,False
Mega cisterna magna,T1ax+FLAIRax+SWIax,3,0.0019453103814924785,-0.050095456707576376,False
Mega cisterna magna,T1ax+FLAIRax+FLAIRsag,3,-0.0004793769517771851,-0.04506862627151652,False
Mega cisterna magna,T1ax+T2ax+SWIax,3,-0.026260656653104668,-0.10012250960115729,False
Mega cisterna magna,T1ax+T2ax+FLAIRsag,3,-0.02648247878638039,-0.07261454551155488,False
Mega cisterna magna,T1ax+T2ax+FLAIRax,3,0.0030441444510670213,-0.058391541559355484,False
Mega cisterna magna,T2ax+FLAIRax+FLAIRsag+SWIax,4,0.0170347776817513,-0.016903696538993422,False
Mega cisterna magna,T1ax+FLAIRax+FLAIRsag+SWIax,4,-0.011826077797818533,-0.056905009264543706,False
Mega cisterna magna,T1ax+T2ax+FLAIRsag+SWIax,4,-0.019702156340248012,-0.05281435880749987,False
Mega cisterna magna,T1ax+T2ax+FLAIRax+SWIax,4,-0.013728599903702152,-0.06438886340725933,False
Mega cisterna magna,T1ax+T2ax+FLAIRax+FLAIRsag,4,0.000716818755614779,-0.03496665764416513,False
Mega cisterna magna,T1ax+T2ax+FLAIRax+FLAIRsag+SWIax,5,0.0,0.0,True
Structure of cave of septum pellucidum,SWIax,1,-0.14584539209284084,-0.2537457898809762,False
Structure of cave of septum pellucidum,FLAIRsag,1,-0.04979366807534213,-0.14983461881347324,False
Structure of cave of septum pellucidum,FLAIRax,1,-0.03741307958389361,-0.13283260583284393,False
Structure of cave of septum pellucidum,T2ax,1,0.015522790976250287,-0.06962607013603926,False
Structure of cave of septum pellucidum,T1ax,1,-0.04134129260352834,-0.12431970386476769,False
Structure of cave of septum pellucidum,FLAIRsag+SWIax,2,-0.07136362340137456,-0.16211911619725605,False
Structure of cave of septum pellucidum,FLAIRax+SWIax,2,-0.07181866377965936,-0.16455290970411116,False
Structure of cave of septum pellucidum,FLAIRax+FLAIRsag,2,-0.018724978353434597,-0.0929760688353861,False
Structure of cave of septum pellucidum,T2ax+SWIax,2,-0.046444106391739265,-0.11806071808799258,False
Structure of cave of septum pellucidum,T2ax+FLAIRsag,2,0.006045039705868165,-0.08254420042055696,False
Structure of cave of septum pellucidum,T2ax+FLAIRax,2,0.03978274473193266,-0.0339222249422652,False
Structure of cave of septum pellucidum,T1ax+SWIax,2,-0.11824160003022972,-0.2240743799309232,False
Structure of cave of septum pellucidum,T1ax+FLAIRsag,2,-0.02450388728040009,-0.08706380785476217,False
Structure of cave of septum pellucidum,T1ax+FLAIRax,2,0.02308379109267728,-0.03988246576928169,False
Structure of cave of septum pellucidum,T1ax+T2ax,2,0.019748459456909825,-0.05499640467305525,False
Structure of cave of septum pellucidum,FLAIRax+FLAIRsag+SWIax,3,-0.04346623758120566,-0.12186972738786575,False
Structure of cave of septum pellucidum,T2ax+FLAIRsag+SWIax,3,-0.02126882176076664,-0.08292097041921337,False
Structure of cave of septum pellucidum,T2ax+FLAIRax+SWIax,3,0.012274523116000635,-0.043621413673041905,False
Structure of cave of septum pellucidum,T2ax+FLAIRax+FLAIRsag,3,0.015319862043822786,-0.053631027189992284,False
Structure of cave of septum pellucidum,T1ax+FLAIRsag+SWIax,3,-0.0491718568781738,-0.09642305820957922,False
Structure of cave of septum pellucidum,T1ax+FLAIRax+SWIax,3,-0.036972426823788755,-0.12404798254091208,False
Structure of cave of septum pellucidum,T1ax+FLAIRax+FLAIRsag,3,0.012843154059446003,-0.04370015393046875,False
Structure of cave of septum pellucidum,T1ax+T2ax+SWIax,3,-0.06162538470841036,-0.14234769868648417,False
Structure of cave of septum pellucidum,T1ax+T2ax+FLAIRsag,3,0.008652482809111938,-0.045980038701126,False
Structure of cave of septum pellucidum,T1ax+T2ax+FLAIRax,3,0.0689883541353878,0.00584637515136928,True
Structure of cave of septum pellucidum,T2ax+FLAIRax+FLAIRsag+SWIax,4,-0.005045683502309679,-0.047897250120153265,False
Structure of cave of septum pellucidum,T1ax+FLAIRax+FLAIRsag+SWIax,4,-0.018857823797265087,-0.04948245062339435,False
Structure of cave of septum pellucidum,T1ax+T2ax+FLAIRsag+SWIax,4,-0.0323320005941638,-0.06307672546564906,False
Structure of cave of septum pellucidum,T1ax+T2ax+FLAIRax+SWIax,4,0.00872877662595338,-0.049763246104572126,False
Structure of cave of septum pellucidum,T1ax+T2ax+FLAIRax+FLAIRsag,4,0.03174219750676358,-0.017674236626434532,False
Structure of cave of septum pellucidum,T1ax+T2ax+FLAIRax+FLAIRsag+SWIax,5,0.0,0.0,True
Hyperostosis of skull,SWIax,1,0.03601811571036846,-0.06732552196362371,False
Hyperostosis of skull,FLAIRsag,1,0.05261966148102328,-0.07767278774771771,False
Hyperostosis of skull,FLAIRax,1,-0.07623278260187488,-0.1724190484643558,False
Hyperostosis of skull,T2ax,1,0.07136839997759163,-0.06382844402886804,False
Hyperostosis of skull,T1ax,1,0.027612008052518133,-0.078757065797226,False
Hyperostosis of skull,FLAIRsag+SWIax,2,0.048294042217499694,-0.04572658167197198,False
Hyperostosis of skull,FLAIRax+SWIax,2,-0.06691293129468832,-0.1526443070037636,False
Hyperostosis of skull,FLAIRax+FLAIRsag,2,-0.010079784932720428,-0.1225543346008673,False
Hyperostosis of skull,T2ax+SWIax,2,0.07465208786019081,0.011652013794466155,True
Hyperostosis of skull,T2ax+FLAIRsag,2,-0.005334049477512797,-0.11576596812912915,False
Hyperostosis of skull,T2ax+FLAIRax,2,0.00844550024027965,-0.08680202222213354,False
Hyperostosis of skull,T1ax+SWIax,2,-0.003566135607559485,-0.0901166902440898,False
Hyperostosis of skull,T1ax+FLAIRsag,2,0.03730684188811484,-0.05512392138448483,False
Hyperostosis of skull,T1ax+FLAIRax,2,0.016994493446470135,-0.04762959724571066,False
Hyperostosis of skull,T1ax+T2ax,2,0.037148392105921815,-0.05039917252871008,False
Hyperostosis of skull,FLAIRax+FLAIRsag+SWIax,3,-0.019017294140194433,-0.1008805234772623,False
Hyperostosis of skull,T2ax+FLAIRsag+SWIax,3,0.018503647419146233,-0.05884641563149207,False
Hyperostosis of skull,T2ax+FLAIRax+SWIax,3,-0.021417003708651468,-0.09345860955816798,False
Hyperostosis of skull,T2ax+FLAIRax+FLAIRsag,3,-0.020751916444606788,-0.11658110804402219,False
Hyperostosis of skull,T1ax+FLAIRsag+SWIax,3,0.023545394974150546,-0.034853258570788484,False
Hyperostosis of skull,T1ax+FLAIRax+SWIax,3,-0.029642536547356216,-0.10081343426491172,False
Hyperostosis of skull,T1ax+FLAIRax+FLAIRsag,3,0.030672548457552316,-0.055789081908873245,False
Hyperostosis of skull,T1ax+T2ax+SWIax,3,0.02217402263927792,-0.043855019822690036,False
Hyperostosis of skull,T1ax+T2ax+FLAIRsag,3,0.01772409615923497,-0.055764292268399365,False
Hyperostosis of skull,T1ax+T2ax+FLAIRax,3,0.011276802308730894,-0.06642922318685852,False
Hyperostosis of skull,T2ax+FLAIRax+FLAIRsag+SWIax,4,-0.01585039997937716,-0.07890701765567852,False
Hyperostosis of skull,T1ax+FLAIRax+FLAIRsag+SWIax,4,0.0007249071412734115,-0.04493961420668922,False
Hyperostosis of skull,T1ax+T2ax+FLAIRsag+SWIax,4,0.016723801797011474,-0.019820191073917134,False
Hyperostosis of skull,T1ax+T2ax+FLAIRax+SWIax,4,-0.018891697228904384,-0.06999007059090959,False
Hyperostosis of skull,T1ax+T2ax+FLAIRax+FLAIRsag,4,0.015731446687568196,-0.05193850601723268,False
Hyperostosis of skull,T1ax+T2ax+FLAIRax+FLAIRsag+SWIax,5,0.0,0.0,True
Watershed infarct,SWIax,1,-0.15436947915897822,-0.30828440595558093,False
Watershed infarct,FLAIRsag,1,-0.033490545503047364,-0.1270547822917843,False
Watershed infarct,FLAIRax,1,-0.04310807381393343,-0.13259951058689018,False
Watershed infarct,T2ax,1,-0.046053252335187776,-0.16400671372237488,False
Watershed infarct,T1ax,1,0.034735483352927844,-0.045548754975026626,False
Watershed infarct,FLAIRsag+SWIax,2,-0.10273975074445303,-0.19380070354157433,False
Watershed infarct,FLAIRax+SWIax,2,-0.06902159124793228,-0.10546412411256345,False
Watershed infarct,FLAIRax+FLAIRsag,2,-0.04443769145450926,-0.12515630696067526,False
Watershed infarct,T2ax+SWIax,2,-0.14046745214030296,-0.23378836874353326,False
Watershed infarct,T2ax+FLAIRsag,2,-0.012756556875094045,-0.05649679320630931,False
Watershed infarct,T2ax+FLAIRax,2,-0.002316609939720264,-0.07312319709614588,False
Watershed infarct,T1ax+SWIax,2,-0.04075489590674244,-0.12108500427318195,False
Watershed infarct,T1ax+FLAIRsag,2,0.03985179305177002,-0.031112527707175337,False
Watershed infarct,T1ax+FLAIRax,2,-0.00034431600124511436,-0.06752161414321195,False
Watershed infarct,T1ax+T2ax,2,0.02374157832701917,-0.07906070754355754,False
Watershed infarct,FLAIRax+FLAIRsag+SWIax,3,-0.05667741704868749,-0.11685209248536822,False
Watershed infarct,T2ax+FLAIRsag+SWIax,3,-0.09133366474449116,-0.14216069572073994,False
Watershed infarct,T2ax+FLAIRax+SWIax,3,-0.06541673282306201,-0.12926069791649786,False
Watershed infarct,T2ax+FLAIRax+FLAIRsag,3,0.0009987070644186325,-0.039216129198445214,False
Watershed infarct,T1ax+FLAIRsag+SWIax,3,-0.02573793224685618,-0.06383817684920146,False
Watershed infarct,T1ax+FLAIRax+SWIax,3,-0.022096430492136183,-0.060115196830789606,False
Watershed infarct,T1ax+FLAIRax+FLAIRsag,3,0.012140149451443547,-0.05462157763239551,False
Watershed infarct,T1ax+T2ax+SWIax,3,-0.05039353692113231,-0.13586072017887438,False
Watershed infarct,T1ax+T2ax+FLAIRsag,3,0.04218982903306449,-0.01287769585202293,False
Watershed infarct,T1ax+T2ax+FLAIRax,3,0.023063072053603334,-0.053784992304688084,False
Watershed infarct,T2ax+FLAIRax+FLAIRsag+SWIax,4,-0.04645816563356431,-0.09496356158904831,False
Watershed infarct,T1ax+FLAIRax+FLAIRsag+SWIax,4,-0.02145579090988167,-0.05647693629507787,False
Watershed infarct,T1ax+T2ax+FLAIRsag+SWIax,4,-0.01745135044813536,-0.058196655413449414,False
Watershed infarct,T1ax+T2ax+FLAIRax+SWIax,4,-0.01222393057863799,-0.06194386222464505,False
Watershed infarct,T1ax+T2ax+FLAIRax+FLAIRsag,4,0.035976453372497885,0.004463645592883281,True
Watershed infarct,T1ax+T2ax+FLAIRax+FLAIRsag+SWIax,5,0.0,0.0,True
Foraminal Spinal Stenosis,SWIax,1,0.021198722074350643,-0.07765674964122757,False
Foraminal Spinal Stenosis,FLAIRsag,1,0.010500450617633326,-0.08974878260339707,False
Foraminal Spinal Stenosis,FLAIRax,1,-0.01719631387568835,-0.11743896075549416,False
Foraminal Spinal Stenosis,T2ax,1,0.056488577895407524,-0.04873503911545564,False
Foraminal Spinal Stenosis,T1ax,1,0.06059447855634495,-0.0412604664605918,False
Foraminal Spinal Stenosis,FLAIRsag+SWIax,2,-0.022600730844745297,-0.09168816907652304,False
Foraminal Spinal Stenosis,FLAIRax+SWIax,2,-0.01879646630636364,-0.08673710282851523,False
Foraminal Spinal Stenosis,FLAIRax+FLAIRsag,2,0.015768726940169904,-0.0803554037668959,False
Foraminal Spinal Stenosis,T2ax+SWIax,2,0.02210777114715282,-0.05129428935050439,False
Foraminal Spinal Stenosis,T2ax+FLAIRsag,2,0.011631585283307388,-0.07317577629963452,False
Foraminal Spinal Stenosis,T2ax+FLAIRax,2,-0.0007600167379470033,-0.06490438161209129,False
Foraminal Spinal Stenosis,T1ax+SWIax,2,0.055256423094499796,-0.016474537081946097,False
Foraminal Spinal Stenosis,T1ax+FLAIRsag,2,0.07832271620654353,-0.0021077676981833132,True
Foraminal Spinal Stenosis,T1ax+FLAIRax,2,0.04631670373685703,-0.04418873681729941,False
Foraminal Spinal Stenosis,T1ax+T2ax,2,0.028201026104240766,-0.05380587025031208,False
Foraminal Spinal Stenosis,FLAIRax+FLAIRsag+SWIax,3,-0.004198335243934238,-0.06259222112750369,False
Foraminal Spinal Stenosis,T2ax+FLAIRsag+SWIax,3,-0.026686022207348205,-0.08465245377112725,False
Foraminal Spinal Stenosis,T2ax+FLAIRax+SWIax,3,-0.02328860776140964,-0.07311958326221085,False
Foraminal Spinal Stenosis,T2ax+FLAIRax+FLAIRsag,3,-0.009706305450233304,-0.08419260639930824,False
Foraminal Spinal Stenosis,T1ax+FLAIRsag+SWIax,3,0.047006207564283115,0.003055576951839901,True
Foraminal Spinal Stenosis,T1ax+FLAIRax+SWIax,3,0.039002520034571705,-0.02892151682956295,False
Foraminal Spinal Stenosis,T1ax+FLAIRax+FLAIRsag,3,0.05611073022942434,-0.023136689705841425,False
Foraminal Spinal Stenosis,T1ax+T2ax+SWIax,3,0.02373454014323419,-0.043669835657330694,False
Foraminal Spinal Stenosis,T1ax+T2ax+FLAIRsag,3,0.030946089506679434,-0.02787689328004049,False
Foraminal Spinal Stenosis,T1ax+T2ax+FLAIRax,3,0.018858774487788457,-0.03225440263905349,False
Foraminal Spinal Stenosis,T2ax+FLAIRax+FLAIRsag+SWIax,4,-0.03403762597571211,-0.07064760766026751,False
Foraminal Spinal Stenosis,T1ax+FLAIRax+FLAIRsag+SWIax,4,0.04093892095308526,-0.007401485029635058,True
Foraminal Spinal Stenosis,T1ax+T2ax+FLAIRsag+SWIax,4,0.010975095052638367,-0.02395856359665961,False
Foraminal Spinal Stenosis,T1ax+T2ax+FLAIRax+SWIax,4,0.0036484351122696383,-0.03293444855503038,False
Foraminal Spinal Stenosis,T1ax+T2ax+FLAIRax+FLAIRsag,4,0.013331571835320792,-0.04574306320534476,False
Foraminal Spinal Stenosis,T1ax+T2ax+FLAIRax+FLAIRsag+SWIax,5,0.0,0.0,True
Lipoma of brain,SWIax,1,-0.04592449181570849,-0.21710734729321665,False
Lipoma of brain,FLAIRsag,1,-0.06183719349276585,-0.3117081547252858,False
Lipoma of brain,FLAIRax,1,-0.09902405243759624,-0.2745348909745626,False
Lipoma of brain,T2ax,1,0.04438865556671294,-0.14162458653198637,False
Lipoma of brain,T1ax,1,0.17382346756950595,-0.017449225612090828,False
Lipoma of brain,FLAIRsag+SWIax,2,-0.10246545631949384,-0.26207756652335445,False
Lipoma of brain,FLAIRax+SWIax,2,-0.0534516522211695,-0.17679657445935779,False
Lipoma of brain,FLAIRax+FLAIRsag,2,-0.09293808506533574,-0.28982722253480836,False
Lipoma of brain,T2ax+SWIax,2,0.08070776178715901,-0.08962667809858615,False
Lipoma of brain,T2ax+FLAIRsag,2,-0.0519988266335528,-0.25588032710911734,False
Lipoma of brain,T2ax+FLAIRax,2,-0.06246376675555508,-0.20491016207959495,False
Lipoma of brain,T1ax+SWIax,2,0.14226528433647267,0.031603529910916216,True
Lipoma of brain,T1ax+FLAIRsag,2,0.010598135576512907,-0.15395749784540555,False
Lipoma of brain,T1ax+FLAIRax,2,0.06551859897063438,-0.004648472427110564,True
Lipoma of brain,T1ax+T2ax,2,0.12763953834013125,-0.03774541943843164,False
Lipoma of brain,FLAIRax+FLAIRsag+SWIax,3,-0.10725225346849948,-0.21857783266253691,False
Lipoma of brain,T2ax+FLAIRsag+SWIax,3,0.004042390381158142,-0.15052329658033953,False
Lipoma of brain,T2ax+FLAIRax+SWIax,3,-0.02386187933211905,-0.12816705463981018,False
Lipoma of brain,T2ax+FLAIRax+FLAIRsag,3,-0.08538412009463585,-0.2590372354050317,False
Lipoma of brain,T1ax+FLAIRsag+SWIax,3,0.05358352982464609,-0.0537651138541164,False
Lipoma of brain,T1ax+FLAIRax+SWIax,3,0.06523806491067256,-0.02397551319867707,False
Lipoma of brain,T1ax+FLAIRax+FLAIRsag,3,-0.03325187652664419,-0.14017703504218054,False
Lipoma of brain,T1ax+T2ax+SWIax,3,0.13951732880249496,0.032405189892228875,True
Lipoma of brain,T1ax+T2ax+FLAIRsag,3,0.05094656789771532,-0.058567916576273395,False
Lipoma of brain,T1ax+T2ax+FLAIRax,3,0.029573523288196332,-0.056077803067536874,False
Lipoma of brain,T2ax+FLAIRax+FLAIRsag+SWIax,4,-0.06982867376021551,-0.15925501526422642,False
Lipoma of brain,T1ax+FLAIRax+FLAIRsag+SWIax,4,-0.012935355840539939,-0.07032571990702018,False
Lipoma of brain,T1ax+T2ax+FLAIRsag+SWIax,4,0.07414805896291927,0.014158167097883641,True
Lipoma of brain,T1ax+T2ax+FLAIRax+SWIax,4,0.043116624000224174,-0.01825368063118605,False
Lipoma of brain,T1ax+T2ax+FLAIRax+FLAIRsag,4,-0.010232008765648528,-0.12401372279282355,False
Lipoma of brain,T1ax+T2ax+FLAIRax+FLAIRsag+SWIax,5,0.0,0.0,True
Glioma,SWIax,1,-0.021695961200336514,-0.12287983292668088,False
Glioma,FLAIRsag,1,-0.03695083804339805,-0.09833771626404311,False
Glioma,FLAIRax,1,-0.003032184089537482,-0.08400711158402274,False
Glioma,T2ax,1,0.00024924551364510994,-0.059010936795881014,False
Glioma,T1ax,1,0.005766926665371155,-0.08641998494412213,False
Glioma,FLAIRsag+SWIax,2,-0.02071293383461541,-0.09379666534234678,False
Glioma,FLAIRax+SWIax,2,0.022697782015669077,-0.039543255691440626,False
Glioma,FLAIRax+FLAIRsag,2,-0.014861371722670174,-0.06794871960819002,False
Glioma,T2ax+SWIax,2,0.011612370984041496,-0.06420637198473739,False
Glioma,T2ax+FLAIRsag,2,-0.03319157347790038,-0.07996782167994745,False
Glioma,T2ax+FLAIRax,2,0.020703559623443554,-0.04119831429971346,False
Glioma,T1ax+SWIax,2,-0.029177965780076677,-0.10716180327273682,False
Glioma,T1ax+FLAIRsag,2,-0.002033022980380146,-0.05795816732567861,False
Glioma,T1ax+FLAIRax,2,-0.015071284246005305,-0.07433968812180289,False
Glioma,T1ax+T2ax,2,0.022044194976715444,-0.024906894098223782,False
Glioma,FLAIRax+FLAIRsag+SWIax,3,0.008620797533127722,-0.04783411578782023,False
Glioma,T2ax+FLAIRsag+SWIax,3,-0.015642228214663968,-0.06399384844212117,False
Glioma,T2ax+FLAIRax+SWIax,3,0.030158973501008646,-0.019902570656145414,False
Glioma,T2ax+FLAIRax+FLAIRsag,3,-0.01453351521339928,-0.05520441914188371,False
Glioma,T1ax+FLAIRsag+SWIax,3,-0.01565242992236634,-0.09290240760108806,False
Glioma,T1ax+FLAIRax+SWIax,3,0.008199077667787453,-0.04092840061826708,False
Glioma,T1ax+FLAIRax+FLAIRsag,3,-0.0025900508342566173,-0.047766032023148136,False
Glioma,T1ax+T2ax+SWIax,3,0.006168110082510388,-0.04056304299745973,False
Glioma,T1ax+T2ax+FLAIRsag,3,-0.0024156513204398812,-0.04079414670307328,False
Glioma,T1ax+T2ax+FLAIRax,3,0.011832323457132804,-0.04037130092466122,False
Glioma,T2ax+FLAIRax+FLAIRsag+SWIax,4,0.004820076331747069,-0.03217973943419853,False
Glioma,T1ax+FLAIRax+FLAIRsag+SWIax,4,0.006456587296077483,-0.036347685040857745,False
Glioma,T1ax+T2ax+FLAIRsag+SWIax,4,-0.012685176369274015,-0.04821825234756287,False
Glioma,T1ax+T2ax+FLAIRax+SWIax,4,0.02239460747723598,-0.002935905986419565,True
Glioma,T1ax+T2ax+FLAIRax+FLAIRsag,4,-0.004382090270624826,-0.03864531589241315,False
Glioma,T1ax+T2ax+FLAIRax+FLAIRsag+SWIax,5,0.0,0.0,True
Pituitary adenoma,SWIax,1,0.026256598875809996,-0.17115577351596004,False
Pituitary adenoma,FLAIRsag,1,0.054548512495068646,-0.05588394946052913,False
Pituitary adenoma,FLAIRax,1,0.029410751206853922,-0.03816547807895297,False
Pituitary adenoma,T2ax,1,-0.05049109586082769,-0.23198453656592302,False
Pituitary adenoma,T1ax,1,-0.015298834404689616,-0.1250434847257328,False
Pituitary adenoma,FLAIRsag+SWIax,2,0.043435816244431054,-0.09862692884532334,False
Pituitary adenoma,FLAIRax+SWIax,2,0.0008363284298241531,-0.12240935471660641,False
Pituitary adenoma,FLAIRax+FLAIRsag,2,0.07909070851083086,-0.006269397305423818,True
Pituitary adenoma,T2ax+SWIax,2,-0.04598243332681227,-0.16803908219304886,False
Pituitary adenoma,T2ax+FLAIRsag,2,-0.00829726010128998,-0.1209622271777529,False
Pituitary adenoma,T2ax+FLAIRax,2,-0.05456564071961039,-0.14213933608717053,False
Pituitary adenoma,T1ax+SWIax,2,-0.010623829713533308,-0.12493905877201551,False
Pituitary adenoma,T1ax+FLAIRsag,2,0.022602648846809688,-0.06148894271724682,False
Pituitary adenoma,T1ax+FLAIRax,2,0.009996733090722082,-0.046908808589365136,False
Pituitary adenoma,T1ax+T2ax,2,0.013488579533324677,-0.11862065989260175,False
Pituitary adenoma,FLAIRax+FLAIRsag+SWIax,3,0.019756863707277552,-0.06646990710295797,False
Pituitary adenoma,T2ax+FLAIRsag+SWIax,3,-0.008276329179160142,-0.07892497727368467,False
Pituitary adenoma,T2ax+FLAIRax+SWIax,3,-0.0687972812578199,-0.16740125849491994,False
Pituitary adenoma,T2ax+FLAIRax+FLAIRsag,3,0.00032997451333246483,-0.09027123300228908,False
Pituitary adenoma,T1ax+FLAIRsag+SWIax,3,0.015167718545002264,-0.07786006923146495,False
Pituitary adenoma,T1ax+FLAIRax+SWIax,3,-0.010515498964957275,-0.08625709735130214,False
Pituitary adenoma,T1ax+FLAIRax+FLAIRsag,3,0.02634091772690299,-0.02645407584570768,False
Pituitary adenoma,T1ax+T2ax+SWIax,3,-0.02979633308330857,-0.10308677301480375,False
Pituitary adenoma,T1ax+T2ax+FLAIRsag,3,0.022588766942119153,-0.04139236941527862,False
Pituitary adenoma,T1ax+T2ax+FLAIRax,3,0.010979357536650868,-0.06807979333528719,False
Pituitary adenoma,T2ax+FLAIRax+FLAIRsag+SWIax,4,-0.021308875048592597,-0.0784262138292333,False
Pituitary adenoma,T1ax+FLAIRax+FLAIRsag+SWIax,4,0.003278954860203408,-0.04819228721664478,False
Pituitary adenoma,T1ax+T2ax+FLAIRsag+SWIax,4,0.02206035827492224,-0.005451449517650842,True
Pituitary adenoma,T1ax+T2ax+FLAIRax+SWIax,4,-0.02998734081534953,-0.08961965764685142,False
Pituitary adenoma,T1ax+T2ax+FLAIRax+FLAIRsag,4,0.02448200579761979,-0.013221295102433908,False
Pituitary adenoma,T1ax+T2ax+FLAIRax+FLAIRsag+SWIax,5,0.0,0.0,True
