shift,held_out,method,seed,axis,n_test,macro_full,macro_avg_subset,macro_worst_subset,budget,macro_auroc,macro_auprc,worst_finding
vendor,Siemens,uniform,0,availability,4334,0.7311911932439854,0.7156279690616513,0.632839536004395,,,,
vendor,Siemens,uniform,0,budget,4334,,,,1.0,0.6898572907735895,0.11667541212714044,0.46909457279138744
vendor,Siemens,uniform,0,budget,4334,,,,2.0,0.7111049976221677,0.12443884093276102,0.5044492824078967
vendor,Siemens,uniform,0,budget,4334,,,,3.0,0.7267684820667971,0.13268807362384422,0.5028710729710497
vendor,Siemens,uniform,0,budget,4334,,,,4.0,0.722648582352535,0.13603091644083135,0.5314972557474302
vendor,Siemens,uniform,0,budget,4334,,,,5.0,0.7311912114151857,0.13932729092087545,0.5370139431985514
vendor,Siemens,patient,0,availability,4334,0.73262411566414,0.7163603603168767,0.6325635214761798,,,,
vendor,Siemens,patient,0,budget,4334,,,,1.0,0.7171591226034767,0.12865367775534187,0.5147710539479895
vendor,Siemens,patient,0,budget,4334,,,,2.0,0.7089743737900343,0.11609967135740884,0.53317410327408
vendor,Siemens,patient,0,budget,4334,,,,3.0,0.7319582309180761,0.13190373040504985,0.5359077874771899
vendor,Siemens,patient,0,budget,4334,,,,4.0,0.7341325027029987,0.1368551557081116,0.5431509744071378
vendor,Siemens,patient,0,budget,4334,,,,5.0,0.7303535745763259,0.13931748419233625,0.5362671119471863
vendor,Siemens,finding,0,availability,4334,0.7309684748483675,0.7152542696663845,0.6311265420083723,,,,
vendor,Siemens,finding,0,budget,4334,,,,1.0,0.7183932542530819,0.13485594033813192,0.5362530207915002
vendor,Siemens,finding,0,budget,4334,,,,2.0,0.72193868944023,0.13725212517428137,0.530086874853252
vendor,Siemens,finding,0,budget,4334,,,,3.0,0.7271064849247679,0.14144719872677358,0.5192379503004938
vendor,Siemens,finding,0,budget,4334,,,,4.0,0.7333072824455973,0.14102464951972268,0.5387649683024185
vendor,Siemens,finding,0,budget,4334,,,,5.0,0.7307221552957417,0.1392368932092784,0.537183037066785
vendor,Siemens,label_id,0,availability,4334,0.7309705043471667,0.7153436110347131,0.632518683766725,,,,
vendor,Siemens,label_id,0,budget,4334,,,,1.0,0.7163914840464916,0.13382442470017286,0.5024906117675241
vendor,Siemens,label_id,0,budget,4334,,,,2.0,0.7178562852790341,0.12690612078022653,0.5370118181106676
vendor,Siemens,label_id,0,budget,4334,,,,3.0,0.7218236252416429,0.1319825818971193,0.5295577991703843
vendor,Siemens,label_id,0,budget,4334,,,,4.0,0.7238503987037685,0.13468428754627923,0.5300176844003861
vendor,Siemens,label_id,0,budget,4334,,,,5.0,0.7305133827374328,0.1393433199900073,0.5363727956148323
vendor,Siemens,queryseq,0,availability,4334,0.7296110343528613,0.714001344580391,0.629974603726084,,,,
vendor,Siemens,queryseq,0,budget,4334,,,,1.0,0.7041064794499511,0.11439972560576932,0.5241592864238761
vendor,Siemens,queryseq,0,budget,4334,,,,2.0,0.7119568650080602,0.12389048740089306,0.5266005791464987
vendor,Siemens,queryseq,0,budget,4334,,,,3.0,0.7158527945920603,0.1255671885018745,0.525360557446119
vendor,Siemens,queryseq,0,budget,4334,,,,4.0,0.7250130366269362,0.13415197439246407,0.525353511868276
vendor,Siemens,queryseq,0,budget,4334,,,,5.0,0.7293517261158685,0.13848529813561963,0.5360538467558895
vendor,Siemens,uniform,1,availability,4334,0.7303628473973574,0.7151162810756365,0.6385926236181946,,,,
vendor,Siemens,uniform,1,budget,4334,,,,1.0,0.6872210722843762,0.11551271619679128,0.46631861512121914
vendor,Siemens,uniform,1,budget,4334,,,,2.0,0.7106103898919172,0.12384663391921197,0.5084863985119739
vendor,Siemens,uniform,1,budget,4334,,,,3.0,0.7256928049068667,0.13239359236237996,0.5090570903172623
vendor,Siemens,uniform,1,budget,4334,,,,4.0,0.7220823883255698,0.1371926528521759,0.5318847625287988
vendor,Siemens,uniform,1,budget,4334,,,,5.0,0.7303628292261571,0.1396937633341438,0.5430445331454958
vendor,Siemens,patient,1,availability,4334,0.733218149083408,0.7171791151398201,0.638849861126493,,,,
vendor,Siemens,patient,1,budget,4334,,,,1.0,0.6957523823826841,0.11500803420405631,0.5213163957641986
vendor,Siemens,patient,1,budget,4334,,,,2.0,0.725905721913226,0.13239509561641516,0.5410228769912564
vendor,Siemens,patient,1,budget,4334,,,,3.0,0.7361438265563667,0.13870538872365895,0.5377044098271719
vendor,Siemens,patient,1,budget,4334,,,,4.0,0.7285723585836132,0.13472336654874648,0.5326668216693793
vendor,Siemens,patient,1,budget,4334,,,,5.0,0.730559173180933,0.13979635795739748,0.5432261094153557
vendor,Siemens,finding,1,availability,4334,0.7306958243604876,0.7153125171777862,0.6388951206656309,,,,
vendor,Siemens,finding,1,budget,4334,,,,1.0,0.7246030021590487,0.1363298096526368,0.5438710182358926
vendor,Siemens,finding,1,budget,4334,,,,2.0,0.7205207152810859,0.13847952547533432,0.5103464310625436
vendor,Siemens,finding,1,budget,4334,,,,3.0,0.7294658854797124,0.1428013287966396,0.5227713075887919
vendor,Siemens,finding,1,budget,4334,,,,4.0,0.7272072506008646,0.14124974354878722,0.5216334467671366
vendor,Siemens,finding,1,budget,4334,,,,5.0,0.7304323456663108,0.13976369548984705,0.5431134069030289
vendor,Siemens,label_id,1,availability,4334,0.7305111661394458,0.7152717517283904,0.6384454300775864,,,,
vendor,Siemens,label_id,1,budget,4334,,,,1.0,0.7250370541246669,0.13968139819819078,0.4994992641359911
vendor,Siemens,label_id,1,budget,4334,,,,2.0,0.7199319566487529,0.13859331042675238,0.519392658683572
vendor,Siemens,label_id,1,budget,4334,,,,3.0,0.7200086028708396,0.13724503563273785,0.5183330357421216
vendor,Siemens,label_id,1,budget,4334,,,,4.0,0.7205324390720746,0.13234077149751938,0.5316170305707623
vendor,Siemens,label_id,1,budget,4334,,,,5.0,0.7303763036533755,0.13973311012935316,0.5426433598951618
vendor,Siemens,queryseq,1,availability,4334,0.7291929044066369,0.7141669140848117,0.6396528079089325,,,,
vendor,Siemens,queryseq,1,budget,4334,,,,1.0,0.6842007915264287,0.11953298797740451,0.5111060729412492
vendor,Siemens,queryseq,1,budget,4334,,,,2.0,0.7118930891442701,0.12969425272932447,0.5382328281654021
vendor,Siemens,queryseq,1,budget,4334,,,,3.0,0.7216923412315931,0.12654888399293052,0.5277075995930187
vendor,Siemens,queryseq,1,budget,4334,,,,4.0,0.7237182687572661,0.1345777162203766,0.5305038292715577
vendor,Siemens,queryseq,1,budget,4334,,,,5.0,0.7299728498541607,0.13953800509624711,0.5431181028410426
vendor,Siemens,uniform,2,availability,4334,0.7284960267555507,0.713173570716438,0.6352848898080821,,,,
vendor,Siemens,uniform,2,budget,4334,,,,1.0,0.6841270627903819,0.11531359588442765,0.46258445886439375
vendor,Siemens,uniform,2,budget,4334,,,,2.0,0.7072481785975344,0.12333544738024026,0.5017860539832174
vendor,Siemens,uniform,2,budget,4334,,,,3.0,0.724099138756471,0.13259619218087546,0.5033078987973199
vendor,Siemens,uniform,2,budget,4334,,,,4.0,0.7201373954839557,0.1370044685562645,0.524839184685732
vendor,Siemens,uniform,2,budget,4334,,,,5.0,0.7284960267555507,0.13886338553051764,0.5344572278312593
vendor,Siemens,patient,2,availability,4334,0.7314635032286805,0.7151977472014245,0.6355692153848603,,,,
vendor,Siemens,patient,2,budget,4334,,,,1.0,0.7017503370960883,0.11768435673700146,0.500257163591272
vendor,Siemens,patient,2,budget,4334,,,,2.0,0.7209774366133205,0.1285173616805588,0.5340477549266203
vendor,Siemens,patient,2,budget,4334,,,,3.0,0.7344157953713903,0.13781383835782846,0.5323638618221274
vendor,Siemens,patient,2,budget,4334,,,,4.0,0.72932586349596,0.13467107981484633,0.5281928465210926
vendor,Siemens,patient,2,budget,4334,,,,5.0,0.7286288260227785,0.1389941422132894,0.5344447053298896
vendor,Siemens,finding,2,availability,4334,0.7289743836728978,0.7134403722432822,0.635726327672304,,,,
vendor,Siemens,finding,2,budget,4334,,,,1.0,0.7217359105098243,0.13602762028185422,0.5450740842510199
vendor,Siemens,finding,2,budget,4334,,,,2.0,0.7125227386489452,0.13808903774979295,0.5056258939076888
vendor,Siemens,finding,2,budget,4334,,,,3.0,0.7248624905822494,0.13761654044489913,0.5177442877977638
vendor,Siemens,finding,2,budget,4334,,,,4.0,0.7284266583999885,0.1408057782701585,0.5306597792909133
vendor,Siemens,finding,2,budget,4334,,,,5.0,0.7286834514333381,0.13901004666591638,0.5344885340846834
vendor,Siemens,label_id,2,availability,4334,0.7289264062022407,0.7134784333412776,0.6355319401815406,,,,
vendor,Siemens,label_id,2,budget,4334,,,,1.0,0.7162249234449547,0.13095719202317868,0.5042097327612325
vendor,Siemens,label_id,2,budget,4334,,,,2.0,0.7150913899097626,0.1338691219859451,0.5233243854494727
vendor,Siemens,label_id,2,budget,4334,,,,3.0,0.7219145012310226,0.13917830821105937,0.527269312045081
vendor,Siemens,label_id,2,budget,4334,,,,4.0,0.7185606110590874,0.13731005804108198,0.5243248575031881
vendor,Siemens,label_id,2,budget,4334,,,,5.0,0.7286459220064534,0.1390640439628142,0.53423093995054
vendor,Siemens,queryseq,2,availability,4334,0.7294655970640724,0.7138604160329417,0.6361660406485407,,,,
vendor,Siemens,queryseq,2,budget,4334,,,,1.0,0.7010179326896437,0.12254688714667347,0.5250646431767101
vendor,Siemens,queryseq,2,budget,4334,,,,2.0,0.7144160872784655,0.1322898237234113,0.5383032839438326
vendor,Siemens,queryseq,2,budget,4334,,,,3.0,0.7210771749649794,0.12608328648565537,0.5273162714252172
vendor,Siemens,queryseq,2,budget,4334,,,,4.0,0.7256551591925747,0.1350997372593907,0.5308279258523387
vendor,Siemens,queryseq,2,budget,4334,,,,5.0,0.7293311608313008,0.13929655446531555,0.534842294748376
field,3.0,uniform,0,availability,2726,0.7202798288097275,0.7134181298968987,0.6910433788816798,,,,
field,3.0,uniform,0,budget,2726,,,,1.0,0.6910436084441631,0.1269342190054152,0.4803150519673348
field,3.0,uniform,0,budget,2726,,,,2.0,0.7129196235069962,0.1379725378477956,0.4532445102393289
field,3.0,uniform,0,budget,2726,,,,3.0,0.71715345623223,0.14195369704829652,0.4658046508758944
field,3.0,uniform,0,budget,2726,,,,4.0,0.7174713178166039,0.14307778726685197,0.4684801381692574
field,3.0,uniform,0,budget,2726,,,,5.0,0.7202796585342615,0.14533298391610608,0.450499629903775
field,3.0,patient,0,availability,2726,0.7203487937080443,0.7134438582756701,0.6908806645712021,,,,
field,3.0,patient,0,budget,2726,,,,1.0,0.7085602369939754,0.13755917506881216,0.4933153932037445
field,3.0,patient,0,budget,2726,,,,2.0,0.7194878886498824,0.1418373964489604,0.4433906982482112
field,3.0,patient,0,budget,2726,,,,3.0,0.7173540661496203,0.1426499859877848,0.46206513693560325
field,3.0,patient,0,budget,2726,,,,4.0,0.7175085245731795,0.14312112287202025,0.46895817912657295
field,3.0,patient,0,budget,2726,,,,5.0,0.7202193454337479,0.14529912389263536,0.45111645694547253
field,3.0,finding,0,availability,2726,0.720405513331683,0.7135381388077078,0.6910297005237228,,,,
field,3.0,finding,0,budget,2726,,,,1.0,0.715123578236344,0.13795331944753517,0.4795262620638456
field,3.0,finding,0,budget,2726,,,,2.0,0.7153554293162938,0.14137377789646083,0.4539692820133235
field,3.0,finding,0,budget,2726,,,,3.0,0.7174125696337255,0.14331953851915571,0.46593572662225513
field,3.0,finding,0,budget,2726,,,,4.0,0.7200081102059562,0.1438883949817552,0.4684801381692574
field,3.0,finding,0,budget,2726,,,,5.0,0.7203453953869806,0.1452720770883368,0.44983654083395014
field,3.0,label_id,0,availability,2726,0.7204045980430562,0.7135591332041166,0.6910008527397563,,,,
field,3.0,label_id,0,budget,2726,,,,1.0,0.7088062016175929,0.1365722681824715,0.49566287824568434
field,3.0,label_id,0,budget,2726,,,,2.0,0.7177217445144866,0.1420693444141199,0.4460276338514681
field,3.0,label_id,0,budget,2726,,,,3.0,0.7184724832289685,0.1439675131822189,0.4582099679249938
field,3.0,label_id,0,budget,2726,,,,4.0,0.7160069430859565,0.14199998275418116,0.44974401677769554
field,3.0,label_id,0,budget,2726,,,,5.0,0.7204056647212337,0.1453244972768367,0.4493893412287195
field,3.0,queryseq,0,availability,2726,0.7203339738203495,0.7133215597193187,0.6913406520414614,,,,
field,3.0,queryseq,0,budget,2726,,,,1.0,0.7074839905963651,0.12659704606026792,0.4960368862570935
field,3.0,queryseq,0,budget,2726,,,,2.0,0.7132450059026486,0.13823921584913748,0.4830372563533185
field,3.0,queryseq,0,budget,2726,,,,3.0,0.7165271486471546,0.14276051794391045,0.47884283246977544
field,3.0,queryseq,0,budget,2726,,,,4.0,0.7182872654009653,0.14370485463737348,0.469559585492228
field,3.0,queryseq,0,budget,2726,,,,5.0,0.720204479713126,0.1453681161246808,0.45167160128300027
field,3.0,uniform,1,availability,2726,0.7292173765068902,0.7210319621773953,0.6896105402555053,,,,
field,3.0,uniform,1,budget,2726,,,,1.0,0.6896105402555053,0.1234478113646648,0.4914354966457683
field,3.0,uniform,1,budget,2726,,,,2.0,0.720109892689214,0.13560573751805435,0.5005677860162415
field,3.0,uniform,1,budget,2726,,,,3.0,0.7231591886804855,0.13981806616806017,0.4966266830799767
field,3.0,uniform,1,budget,2726,,,,4.0,0.724473248569718,0.14061843740479943,0.5084404492666496
field,3.0,uniform,1,budget,2726,,,,5.0,0.7292173886079801,0.14361043138164722,0.49522391762808593
field,3.0,patient,1,availability,2726,0.7292158241039463,0.7210651520598482,0.6896179263917447,,,,
field,3.0,patient,1,budget,2726,,,,1.0,0.7100198562685937,0.13398959021623824,0.4896033131984006
field,3.0,patient,1,budget,2726,,,,2.0,0.728827521483669,0.14074614946755712,0.5159218650100674
field,3.0,patient,1,budget,2726,,,,3.0,0.7262954529372777,0.1417963419247177,0.5230406611128605
field,3.0,patient,1,budget,2726,,,,4.0,0.7245618453655954,0.14068392831001084,0.5111600965713359
field,3.0,patient,1,budget,2726,,,,5.0,0.7292950695175687,0.14378125049708668,0.4986735755250828
field,3.0,finding,1,availability,2726,0.7293550413609889,0.721130861092484,0.689708703686217,,,,
field,3.0,finding,1,budget,2726,,,,1.0,0.7146057339800108,0.13714407921664676,0.49090110980695273
field,3.0,finding,1,budget,2726,,,,2.0,0.725670052136695,0.1400973931238485,0.5006918401038237
field,3.0,finding,1,budget,2726,,,,3.0,0.72540931754307,0.14227820825786527,0.4974282633382001
field,3.0,finding,1,budget,2726,,,,4.0,0.7273132075560236,0.14267270307496005,0.48624431021155995
field,3.0,finding,1,budget,2726,,,,5.0,0.7292758627019139,0.14371073332250622,0.496388117526934
field,3.0,label_id,1,availability,2726,0.7289329584439027,0.7208554189464491,0.6891533983758454,,,,
field,3.0,label_id,1,budget,2726,,,,1.0,0.7098356803805513,0.13400096128171404,0.48892578702775946
field,3.0,label_id,1,budget,2726,,,,2.0,0.7226677226453492,0.13852280945476333,0.5019991793344974
field,3.0,label_id,1,budget,2726,,,,3.0,0.7266178425174784,0.14192032841967486,0.5137366045441967
field,3.0,label_id,1,budget,2726,,,,4.0,0.7264946574772978,0.14140855136847033,0.5007395532144322
field,3.0,label_id,1,budget,2726,,,,5.0,0.729018639344595,0.14379777255809445,0.49669348143482867
field,3.0,queryseq,1,availability,2726,0.729616339666762,0.7213153930465461,0.6895789335181771,,,,
field,3.0,queryseq,1,budget,2726,,,,1.0,0.7084336501518882,0.13171912863217228,0.4812582901529682
field,3.0,queryseq,1,budget,2726,,,,2.0,0.7117043186311115,0.1358019857215004,0.4587138453904364
field,3.0,queryseq,1,budget,2726,,,,3.0,0.7184206799396405,0.14038529216143866,0.5054488372314945
field,3.0,queryseq,1,budget,2726,,,,4.0,0.7232158429223295,0.1422297833449532,0.5059307396486407
field,3.0,queryseq,1,budget,2726,,,,5.0,0.7300145620587387,0.14416584838677052,0.5003769335738074
field,3.0,uniform,2,availability,2726,0.7293156481473339,0.7215429113907427,0.6963426977090638,,,,
field,3.0,uniform,2,budget,2726,,,,1.0,0.6963426977090638,0.12790987377196308,0.4821505253213477
field,3.0,uniform,2,budget,2726,,,,2.0,0.7210006298813038,0.1383428810453121,0.4710333705495596
field,3.0,uniform,2,budget,2726,,,,3.0,0.7251461263635429,0.14260770829097438,0.46596623820293337
field,3.0,uniform,2,budget,2726,,,,4.0,0.7260319404209534,0.14407029683258296,0.48456480871813956
field,3.0,uniform,2,budget,2726,,,,5.0,0.7293156481473339,0.14662774761416222,0.4655081923410915
field,3.0,patient,2,availability,2726,0.7295171754945033,0.7218615270832197,0.6966808083911511,,,,
field,3.0,patient,2,budget,2726,,,,1.0,0.7145228349159773,0.13853127701421766,0.4645921006174077
field,3.0,patient,2,budget,2726,,,,2.0,0.7243336577104387,0.14211135506096997,0.47200671800597366
field,3.0,patient,2,budget,2726,,,,3.0,0.7266555153558493,0.14456125257121857,0.48198830074527876
field,3.0,patient,2,budget,2726,,,,4.0,0.7272012758999616,0.14462645504929905,0.4875516494422338
field,3.0,patient,2,budget,2726,,,,5.0,0.7295618219591015,0.1473544897994459,0.46002118462111014
field,3.0,finding,2,availability,2726,0.7293350260901056,0.7216331360725161,0.695998439444471,,,,
field,3.0,finding,2,budget,2726,,,,1.0,0.7170046767239472,0.14086559515369576,0.4463084366322178
field,3.0,finding,2,budget,2726,,,,2.0,0.7242082461833307,0.14227468779228736,0.4689912494155144
field,3.0,finding,2,budget,2726,,,,3.0,0.7258851931827003,0.1445209522092774,0.4562041357724276
field,3.0,finding,2,budget,2726,,,,4.0,0.7279307224599071,0.14505937630760238,0.4539425343295831
field,3.0,finding,2,budget,2726,,,,5.0,0.7292943776162494,0.14693011753719737,0.4657276726498908
field,3.0,label_id,2,availability,2726,0.7293661559281874,0.7217266795338128,0.6968536576399931,,,,
field,3.0,label_id,2,budget,2726,,,,1.0,0.7144258351038227,0.13806597988124975,0.4634183580964377
field,3.0,label_id,2,budget,2726,,,,2.0,0.7212897982981309,0.14205676794379857,0.4494670445545027
field,3.0,label_id,2,budget,2726,,,,3.0,0.7270693926967393,0.14433983854865035,0.47833347647266516
field,3.0,label_id,2,budget,2726,,,,4.0,0.7268081819970439,0.14425012342653462,0.4797266993024343
field,3.0,label_id,2,budget,2726,,,,5.0,0.7293762672641707,0.14722017064753468,0.4596299371141202
field,3.0,queryseq,2,availability,2726,0.7282051334832832,0.7206682277157619,0.6959777482520512,,,,
field,3.0,queryseq,2,budget,2726,,,,1.0,0.7079043616497017,0.1365155702743143,0.48116763524281203
field,3.0,queryseq,2,budget,2726,,,,2.0,0.7149087743189907,0.1426347199934951,0.44881814625022665
field,3.0,queryseq,2,budget,2726,,,,3.0,0.7229068953414197,0.14485081846886647,0.46595669558081165
field,3.0,queryseq,2,budget,2726,,,,4.0,0.7251298179084111,0.14596843441596932,0.47903963050967147
field,3.0,queryseq,2,budget,2726,,,,5.0,0.728370309778545,0.14748338596801344,0.4647352399492332
