subset,k,finding,n_pos,auroc_mean,auroc_sd_seed,ci_lo,ci_hi
T2cor,1,Cerebral infarction,339,0.8141270398585595,0.002085729501490045,0.7939294723931595,0.8414043220261376
T2cor,1,Cerebral hemorrhage,92,0.7259879952475061,0.024322794143853476,0.7066398225918218,0.818258648825806
T2cor,1,Metastatic malignant neoplasm to brain,50,0.7359841988890686,0.021903737121852934,0.6405200190677185,0.7966161283158448
T2cor,1,Intracranial meningioma,148,0.6703892921786757,0.012220137162234735,0.642782743025804,0.73169709357754
T2cor,1,Demyelinating disease of central nervous system,294,0.7752400432032855,0.0031497799359182506,0.7460390321602779,0.8036636996425581
T2cor,1,Herniation of nucleus pulposus,29,0.5304714193819668,0.01495964967439706,0.3987324291907612,0.6302841218430578
T2cor,1,Spinal cord compression,22,0.5918464304057525,0.010459445734234431,0.4484888104140541,0.7462050046466842
T2cor,1,Lacunar infarct,189,0.8264633520435423,0.007754566719192898,0.7955643297355629,0.8604053820328094
T2cor,1,Silent micro-hemorrhage of brain,78,0.8314164237830526,0.02029452321695661,0.817554314145054,0.8924129964157884
T2cor,1,Cavernous hemangioma,67,0.5799513973268531,0.018122321542339122,0.4700237745180409,0.6313881670644922
T2cor,1,Subdural intracranial hemorrhage,26,0.792524231245368,0.01698252039885604,0.6937073819061024,0.9012725885312922
T2cor,1,Gliosis,3854,0.7940471590638746,0.002785607537083235,0.7845680242196871,0.8017321675331252
T2cor,1,Cerebral atrophy,2012,0.9461749773793139,0.0008208434554168906,0.9397103496946314,0.9503221901841703
T2cor,1,Encephalomalacia,248,0.7853202690470381,0.004040689939315948,0.7538858562237477,0.822082675853472
T2cor,1,Arachnoid cyst,572,0.6764865553928053,0.003918517251238287,0.6503329513292911,0.6965908686112201
T2cor,1,Empty sella syndrome,670,0.7595530904496425,0.0008870997673763803,0.7409429989626284,0.7770657094320714
T2cor,1,Intracranial aneurysm,32,0.4775663031771675,0.02726832863843937,0.3594568885282155,0.5321376721714787
T2cor,1,Chiari malformation,62,0.8061821427016672,0.006676959730334452,0.7320390071105041,0.8493459828493435
T2cor,1,Cyst of pineal gland,244,0.7147676158552577,0.012421390127874262,0.670836196362383,0.7299109562596486
T2cor,1,Rathke's pouch cyst,47,0.6489315816491871,0.023987787201962412,0.5695650691851859,0.7035936548775702
T2cor,1,Cerebral edema,187,0.8250087303930681,0.0019313524757584243,0.794517335360902,0.8624220804213889
T2cor,1,Spinal stenosis,26,0.7443613964484301,0.02048305916751421,0.6499412765268102,0.8727654789393839
T2cor,1,Mastoiditis,281,0.7037737889643436,0.010661916893516152,0.6609780179404721,0.7240453043702841
T2cor,1,Chronic mastoiditis,360,0.7467054415434351,0.0052930057977430426,0.7340216661506219,0.7769601439896259
T2cor,1,Ventriculomegaly,1204,0.9108430054707007,0.002422180283367067,0.8992892586056658,0.9170312368375184
T2cor,1,Cerebellar degeneration,318,0.847550711252422,0.003536069314654575,0.8320786700036903,0.8773173798435091
T2cor,1,Mega cisterna magna,225,0.8037159815103525,0.007029969463803372,0.7708993616960914,0.8315735725272237
T2cor,1,Structure of cave of septum pellucidum,238,0.6726023085429341,0.013485484766917598,0.6165027883325455,0.6896314107267743
T2cor,1,Hyperostosis of skull,55,0.8939187946471266,0.006681402862525869,0.8647251215081173,0.9353340041604636
T2cor,1,Choroid plexus cyst,57,0.542682485249952,0.013274950942340817,0.4522102709330632,0.5993055465267504
T2cor,1,Lipoma of brain,34,0.5438602327342311,0.00721980457758234,0.44158273566333195,0.6240218035494892
T2cor,1,Glioma,35,0.8544827771942581,0.018020827514212186,0.7458314773395855,0.901134556513353
T2cor,1,Pituitary adenoma,57,0.6610037842481558,0.017337984750375384,0.593844085656279,0.7251410025090935
FLAIRax,1,Cerebral infarction,339,0.8435882631722248,0.007034342580008209,0.8132816931869075,0.8572468968069097
FLAIRax,1,Cerebral hemorrhage,92,0.7210062582345191,0.009487609859617175,0.6632520649152329,0.7886596172617147
FLAIRax,1,Metastatic malignant neoplasm to brain,50,0.8367982527099175,0.01348553618821293,0.7704008853986122,0.8863038350143472
FLAIRax,1,Intracranial meningioma,148,0.6667597759207348,0.011513454308709162,0.6166189086065917,0.7060472726075622
FLAIRax,1,Demyelinating disease of central nervous system,294,0.8179457649814615,0.0033288539615692943,0.7981757503353959,0.8494109705297012
FLAIRax,1,Herniation of nucleus pulposus,29,0.6876307061683565,0.01719067719917376,0.5513601879570197,0.7722300796511963
FLAIRax,1,Spinal cord compression,22,0.5240730550052585,0.03276393474551591,0.346535968007902,0.6297383308238714
FLAIRax,1,Lacunar infarct,189,0.852912679005564,0.004916547321038468,0.8184333685117433,0.8765844975645442
FLAIRax,1,Silent micro-hemorrhage of brain,78,0.823780488649955,0.014800664356541725,0.7998435674741173,0.8784226536624977
FLAIRax,1,Cavernous hemangioma,67,0.5325337669691236,0.00928364947951516,0.4625772877201389,0.5976857176472078
FLAIRax,1,Subdural intracranial hemorrhage,26,0.8315654150467648,0.03417409039112958,0.7068890766570909,0.9242921846438504
FLAIRax,1,Gliosis,3854,0.8027698823526749,0.0008221418418540288,0.7927839025972069,0.809618081795407
FLAIRax,1,Cerebral atrophy,2012,0.9459507538104704,0.0012517364302346643,0.9411015984162133,0.951840605124096
FLAIRax,1,Encephalomalacia,248,0.8106671303122558,0.004919750528692277,0.7786191690466795,0.8418584197750921
FLAIRax,1,Arachnoid cyst,572,0.6900944459538211,0.0014141757463161223,0.6673355821058199,0.7157416735195873
FLAIRax,1,Empty sella syndrome,670,0.761374379168711,0.0023430521692382805,0.7417512549164477,0.7750724898960751
FLAIRax,1,Intracranial aneurysm,32,0.5983853325255789,0.03284404752171762,0.5381940974793972,0.7050488980639652
FLAIRax,1,Chiari malformation,62,0.8605028078882069,0.0046082618371275875,0.8168097823384922,0.9082626785321428
FLAIRax,1,Cyst of pineal gland,244,0.678262296878312,0.012430277660423312,0.6420341241396864,0.7045529438875945
FLAIRax,1,Rathke's pouch cyst,47,0.6827091452939978,0.024705868889177023,0.5898165732387122,0.7389029239750866
FLAIRax,1,Cerebral edema,187,0.8433226527271996,0.009990379200061109,0.8030801748021504,0.8812973974009335
FLAIRax,1,Spinal stenosis,26,0.6982666534176304,0.007452779711644092,0.606610394864896,0.7877726782930153
FLAIRax,1,Mastoiditis,281,0.7048598959187431,0.005101377849498383,0.6839991663241849,0.7406841651951453
FLAIRax,1,Chronic mastoiditis,360,0.7609603754102592,0.007349569552597457,0.7486068773598088,0.7925016704263623
FLAIRax,1,Ventriculomegaly,1204,0.9156984278157588,0.0009148875436483308,0.9080250732463252,0.9262204248037645
FLAIRax,1,Cerebellar degeneration,318,0.8458055157728471,0.005044902707788605,0.8284250192425348,0.8742997275662526
FLAIRax,1,Mega cisterna magna,225,0.786565101246319,0.0053865566467655775,0.744051646619787,0.8103272085234542
FLAIRax,1,Structure of cave of septum pellucidum,238,0.6966140242855808,0.005987021799616404,0.6606022822189723,0.7267080314178812
FLAIRax,1,Hyperostosis of skull,55,0.8800790129996248,0.01999956104423118,0.8087911119109334,0.8944594333947352
FLAIRax,1,Choroid plexus cyst,57,0.6073623624689675,0.024988882651055113,0.5202466192663203,0.6393378062787759
FLAIRax,1,Lipoma of brain,34,0.5716942456413814,0.014853050956139783,0.5132275355380558,0.6764684929912649
FLAIRax,1,Glioma,35,0.7980689989496647,0.013541338862477168,0.6985897579490193,0.8466293091461138
FLAIRax,1,Pituitary adenoma,57,0.68791478223415,0.007975417417748716,0.6058128854978517,0.7636084824234105
T2ax,1,Cerebral infarction,339,0.8189850647173321,0.0043757000960351344,0.7892490145955784,0.8380761402400161
T2ax,1,Cerebral hemorrhage,92,0.7525118224167137,0.026943566488509107,0.7065780587340109,0.8169840186364637
T2ax,1,Metastatic malignant neoplasm to brain,50,0.7432885725071458,0.020598900966443807,0.6312304255310506,0.8017616537580547
T2ax,1,Intracranial meningioma,148,0.6455482206766453,0.0031277063946139397,0.5969282174484462,0.7055242128476993
T2ax,1,Demyelinating disease of central nervous system,294,0.8117938158373873,0.005978500197184588,0.7854345963837425,0.8489612357212936
T2ax,1,Herniation of nucleus pulposus,29,0.6262478871199949,0.011926028724393491,0.49110470170722675,0.743603730462725
T2ax,1,Spinal cord compression,22,0.6765053684545211,0.014016389464701478,0.5107421175595175,0.795985442232015
T2ax,1,Lacunar infarct,189,0.8404812911617023,0.004817901262381268,0.8142416333089155,0.8635019788683814
T2ax,1,Silent micro-hemorrhage of brain,78,0.8532352374577119,0.007037217522590285,0.8222476056999017,0.9024707202256187
T2ax,1,Cavernous hemangioma,67,0.5985592491169104,0.009031668419792157,0.5085249602826831,0.6682204466937874
T2ax,1,Subdural intracranial hemorrhage,26,0.7375029499807475,0.014699178228542876,0.5838489259821448,0.8489521897264918
T2ax,1,Gliosis,3854,0.7996861742856289,0.000761967283036716,0.7905214343980623,0.8072176237464033
T2ax,1,Cerebral atrophy,2012,0.9479560298465616,0.0004104209872458196,0.9427280465066058,0.9520627453136449
T2ax,1,Encephalomalacia,248,0.79191224634299,0.006488888258901332,0.7687718449827226,0.8284240681745793
T2ax,1,Arachnoid cyst,572,0.6946377594815094,0.005979921469477856,0.6620687575292741,0.7119094089815549
T2ax,1,Empty sella syndrome,670,0.769313244711547,0.0028769881357819816,0.7535650975604923,0.7875815100082155
T2ax,1,Intracranial aneurysm,32,0.5730045941033924,0.0274908154772091,0.463233524937446,0.6369034866522005
T2ax,1,Chiari malformation,62,0.8475451656436377,0.006215104204803638,0.802105949666693,0.8948751131667785
T2ax,1,Cyst of pineal gland,244,0.6826744003801065,0.006141851654776674,0.6465412251060073,0.7050927550413374
T2ax,1,Rathke's pouch cyst,47,0.699436753820696,0.020131065395706645,0.6103512573221123,0.7278292137096581
T2ax,1,Cerebral edema,187,0.8500456021784063,0.003479002587704528,0.8104753615870066,0.8815471945247096
T2ax,1,Spinal stenosis,26,0.8171162023293462,0.011062627686932022,0.7200761192788032,0.8834948939689786
T2ax,1,Mastoiditis,281,0.7599872800222717,0.0061760412639951506,0.7245179019301351,0.7827412668993674
T2ax,1,Chronic mastoiditis,360,0.7515302900394586,0.002497040100672609,0.726544652350651,0.7722750370793228
T2ax,1,Ventriculomegaly,1204,0.9161833191645266,0.001038562602706105,0.9058749291789313,0.9233457925607601
T2ax,1,Cerebellar degeneration,318,0.8424255890007659,0.005392784801426785,0.8194998532120678,0.8669830831406247
T2ax,1,Mega cisterna magna,225,0.8092967916632477,0.0010482753387447716,0.7799449351206128,0.8408763138240762
T2ax,1,Structure of cave of septum pellucidum,238,0.673804358280194,0.010305089121815077,0.6280679856111401,0.7125354524987515
T2ax,1,Hyperostosis of skull,55,0.9098979599343765,0.017399960302641408,0.8442451216666746,0.928772545145224
T2ax,1,Choroid plexus cyst,57,0.598698114502498,0.002029008800809155,0.5175329572267536,0.6797995328761902
T2ax,1,Lipoma of brain,34,0.6455820573503274,0.0050135050816854515,0.5364190764883162,0.7416002794707179
T2ax,1,Glioma,35,0.6828591434958082,0.009869290558296802,0.5798629682609576,0.8088985884440186
T2ax,1,Pituitary adenoma,57,0.7575884943709604,0.01864660613315325,0.7104711614484504,0.8170127777665995
T1ax,1,Cerebral infarction,339,0.8131730758501972,0.0016931080220199501,0.7840781612612286,0.8398712115822843
T1ax,1,Cerebral hemorrhage,92,0.7461928583192169,0.003516835930628583,0.6819675174937077,0.804210768336432
T1ax,1,Metastatic malignant neoplasm to brain,50,0.7046562044976542,0.0028901328284445917,0.6195966800192317,0.8044275262580328
T1ax,1,Intracranial meningioma,148,0.7084863116541199,0.008349903390782863,0.6539667113284202,0.7442694409153103
T1ax,1,Demyelinating disease of central nervous system,294,0.7171708921231473,0.003713435467287679,0.6889869471707356,0.7562396881377749
T1ax,1,Herniation of nucleus pulposus,29,0.6442610883849845,0.025161370216864435,0.5418898478776268,0.7246531497049844
T1ax,1,Spinal cord compression,22,0.6098759997065081,0.016415337615748312,0.47396678207371895,0.7259236338214632
T1ax,1,Lacunar infarct,189,0.8467719442384691,0.007883596796234169,0.8297244446887528,0.8804359640062143
T1ax,1,Silent micro-hemorrhage of brain,78,0.8172619567341474,0.01084020983244572,0.7536886756529753,0.8522028493904621
T1ax,1,Cavernous hemangioma,67,0.6196715894001036,0.005935692233897968,0.5575038683734492,0.6740671295016397
T1ax,1,Subdural intracranial hemorrhage,26,0.8921932123530704,0.026111798481406923,0.7988896153873628,0.9222490738839466
T1ax,1,Gliosis,3854,0.7853064515079277,0.00040596897523025374,0.7761629345789983,0.793611303962189
T1ax,1,Cerebral atrophy,2012,0.9454633019192537,0.00028118584512406246,0.9398301948029312,0.9506010024950522
T1ax,1,Encephalomalacia,248,0.7919689313256463,0.005396577551131474,0.7592163676270471,0.8152771346722644
T1ax,1,Arachnoid cyst,572,0.6471649971649972,0.00433433539922902,0.6289703234724304,0.6758384538266179
T1ax,1,Empty sella syndrome,670,0.759232474147742,0.005434914304355062,0.7341764303717419,0.768955480508438
T1ax,1,Intracranial aneurysm,32,0.5399342016693592,0.025601993060587403,0.4521155678000264,0.6719933319507502
T1ax,1,Chiari malformation,62,0.8077804623220582,0.007357000548481972,0.7553290708116016,0.8772757679848892
T1ax,1,Cyst of pineal gland,244,0.6849995441775075,0.004442121762646921,0.6494068532451835,0.7155612671160232
T1ax,1,Rathke's pouch cyst,47,0.7592360615211661,0.00326134499160614,0.6986860754023232,0.8124825547252181
T1ax,1,Cerebral edema,187,0.817234634325937,0.018806833734014726,0.8082669945105699,0.874697646654633
T1ax,1,Spinal stenosis,26,0.7190867894686722,0.025481216545386327,0.6156458331382315,0.8133799423487571
T1ax,1,Mastoiditis,281,0.6928143957917682,0.003926803688888778,0.6565196481790607,0.7186913298368125
T1ax,1,Chronic mastoiditis,360,0.7455382770340867,0.002306180155273322,0.7222964606752704,0.7752930960454234
T1ax,1,Ventriculomegaly,1204,0.9123710678102889,0.0017301138837952223,0.9035503768290349,0.9214530653364973
T1ax,1,Cerebellar degeneration,318,0.866776810165236,0.0034583038763649886,0.8513810442019709,0.8882569536048771
T1ax,1,Mega cisterna magna,225,0.7666410777726114,0.008812203362219044,0.7487961676007598,0.8079986091961052
T1ax,1,Structure of cave of septum pellucidum,238,0.6660247144693264,0.0028571846138836887,0.6303944926660717,0.7004262187854582
T1ax,1,Hyperostosis of skull,55,0.9064858343081214,0.01372847533377297,0.8912085834610577,0.9453355264415084
T1ax,1,Choroid plexus cyst,57,0.6564499066362791,0.015336467958269285,0.5722361137097353,0.7084190115654602
T1ax,1,Lipoma of brain,34,0.6563839544542974,0.025820358750930323,0.532258508726303,0.7127556275139197
T1ax,1,Glioma,35,0.7935510182096593,0.012432868387486359,0.7302849203866582,0.8671030407633619
T1ax,1,Pituitary adenoma,57,0.7139274058612063,0.03684174231375382,0.6640779369546994,0.7836749203013671
FLAIRax+T2cor,2,Cerebral infarction,339,0.8447523142769392,0.0017558992916772832,0.82233811906195,0.8650475846362351
FLAIRax+T2cor,2,Cerebral hemorrhage,92,0.7509241777244494,0.010836020553462415,0.7128571137783496,0.8179356927857252
FLAIRax+T2cor,2,Metastatic malignant neoplasm to brain,50,0.7927816426683924,0.025847486999869645,0.6845287780378936,0.8415828637821697
FLAIRax+T2cor,2,Intracranial meningioma,148,0.67397353934169,0.010341215762489276,0.6452125175887942,0.7269125628708114
FLAIRax+T2cor,2,Demyelinating disease of central nervous system,294,0.8151885334647696,0.0014170835182978016,0.7908333209477725,0.8447278977226089
FLAIRax+T2cor,2,Herniation of nucleus pulposus,29,0.6269338479431851,0.00976129204541981,0.4897365823964163,0.7274375006390502
FLAIRax+T2cor,2,Spinal cord compression,22,0.5326069410815174,0.028300443835461955,0.36998759027042727,0.605071698933453
FLAIRax+T2cor,2,Lacunar infarct,189,0.8458461734253276,0.0039115608201657,0.8215626035853113,0.8785330510467355
FLAIRax+T2cor,2,Silent micro-hemorrhage of brain,78,0.8613219451755206,0.005520107918637106,0.8278830862367668,0.9014419592638615
FLAIRax+T2cor,2,Cavernous hemangioma,67,0.5169865536634365,0.012031199908136699,0.42854612569095835,0.573596652774042
FLAIRax+T2cor,2,Subdural intracranial hemorrhage,26,0.8347788238996054,0.04713903070992378,0.7282385397120678,0.9133639870552556
FLAIRax+T2cor,2,Gliosis,3854,0.8034875349573931,0.0007508427535813994,0.7961331507228163,0.812732192183288
FLAIRax+T2cor,2,Cerebral atrophy,2012,0.9477185126420961,0.0003668912645429447,0.942224329938793,0.9520082312387734
FLAIRax+T2cor,2,Encephalomalacia,248,0.7992316256678441,0.005449440428882465,0.7673970660854018,0.8393960186759012
FLAIRax+T2cor,2,Arachnoid cyst,572,0.690329071969697,0.0049897577153970385,0.6630434997123522,0.7102852464654553
FLAIRax+T2cor,2,Empty sella syndrome,670,0.7636170408390681,0.0033832901498454804,0.741132286978164,0.7744294233905548
FLAIRax+T2cor,2,Intracranial aneurysm,32,0.5656485595045773,0.033718195886001855,0.5035122944421349,0.666702192228836
FLAIRax+T2cor,2,Chiari malformation,62,0.8368732314657611,0.006294799457185441,0.7717449080333778,0.8826619070364284
FLAIRax+T2cor,2,Cyst of pineal gland,244,0.7060610133001369,0.005329477260400237,0.6717078325653194,0.733370793144483
FLAIRax+T2cor,2,Rathke's pouch cyst,47,0.6400882724918481,0.026994358308608395,0.5036772402696608,0.6819023063702283
FLAIRax+T2cor,2,Cerebral edema,187,0.8379381691326837,0.0065160332189972145,0.7891201195631027,0.8678333887614177
FLAIRax+T2cor,2,Spinal stenosis,26,0.6839670098995142,0.02467209610369631,0.6178370505039724,0.7997555337741479
FLAIRax+T2cor,2,Mastoiditis,281,0.7206832040067148,0.00988737108666278,0.6848679182869002,0.7404675974147102
FLAIRax+T2cor,2,Chronic mastoiditis,360,0.7671433817654361,0.007964321023641637,0.7570500178043953,0.8016026434187231
FLAIRax+T2cor,2,Ventriculomegaly,1204,0.9129912495267183,0.001709433861194604,0.9040053831113564,0.9229808363402094
FLAIRax+T2cor,2,Cerebellar degeneration,318,0.85501581947699,0.004101554747302278,0.8330640160340604,0.875380717315663
FLAIRax+T2cor,2,Mega cisterna magna,225,0.8124512762536886,0.007856803998895446,0.7806554543203044,0.8384800770010743
FLAIRax+T2cor,2,Structure of cave of septum pellucidum,238,0.7168952844814614,0.013500532846149795,0.6698195541390805,0.7386779805684697
FLAIRax+T2cor,2,Hyperostosis of skull,55,0.9104884729793689,0.008813630263750049,0.8653700186684992,0.9270274208950506
FLAIRax+T2cor,2,Choroid plexus cyst,57,0.5843316979890709,0.016374602003237895,0.488857006161,0.6375169632866164
FLAIRax+T2cor,2,Lipoma of brain,34,0.5580972249943765,0.01176810050625797,0.4599745161312108,0.636922050503174
FLAIRax+T2cor,2,Glioma,35,0.8815879684668567,0.018175142999542968,0.8003725743626793,0.9234396324096567
FLAIRax+T2cor,2,Pituitary adenoma,57,0.6383780508873695,0.015372914460008146,0.5852563346861052,0.7408864250287973
T2ax+T2cor,2,Cerebral infarction,339,0.8336565881057393,0.004531583187950064,0.803019208625045,0.8519781291932991
T2ax+T2cor,2,Cerebral hemorrhage,92,0.7335155220685112,0.026000034396412915,0.7055256308937398,0.8236843871990922
T2ax+T2cor,2,Metastatic malignant neoplasm to brain,50,0.7626818745618292,0.020970802297767974,0.6706127998380902,0.8191684341498766
T2ax+T2cor,2,Intracranial meningioma,148,0.6722117175884299,0.011893220392663816,0.6434858605385613,0.7295301541149654
T2ax+T2cor,2,Demyelinating disease of central nervous system,294,0.8112202794965157,0.006445918140381407,0.7868350307759059,0.8434964519117518
T2ax+T2cor,2,Herniation of nucleus pulposus,29,0.545316112839163,0.010669318566608556,0.4093704997839826,0.649939969539879
T2ax+T2cor,2,Spinal cord compression,22,0.6475676865507374,0.01624851709938337,0.47049048502054114,0.7474178644916698
T2ax+T2cor,2,Lacunar infarct,189,0.8457984852623376,0.0015684952008660938,0.821595503778221,0.875938648328424
T2ax+T2cor,2,Silent micro-hemorrhage of brain,78,0.8376407928053785,0.010623653915988133,0.8136014120720246,0.8870808771756843
T2ax+T2cor,2,Cavernous hemangioma,67,0.561447722908342,0.004125214304860247,0.4689525074611934,0.6362428373559866
T2ax+T2cor,2,Subdural intracranial hemorrhage,26,0.7550434319972509,0.017520214519208176,0.6455538944614961,0.8552424462193596
T2ax+T2cor,2,Gliosis,3854,0.804424950354529,0.0008818731950986415,0.7957986983378733,0.8119250678419
T2ax+T2cor,2,Cerebral atrophy,2012,0.949424064586838,0.0006047456479992896,0.9439181723349171,0.9536022516345571
T2ax+T2cor,2,Encephalomalacia,248,0.814129941869716,0.00238094622642044,0.7849669389173765,0.8360914929496504
T2ax+T2cor,2,Arachnoid cyst,572,0.7012814852658602,0.003939564016374181,0.6794969389645701,0.7202501674732125
T2ax+T2cor,2,Empty sella syndrome,670,0.7697770939206201,0.002219420975951881,0.753657431707212,0.7891493941351645
T2ax+T2cor,2,Intracranial aneurysm,32,0.46799946149703825,0.05102086136786456,0.3404423538704901,0.5259409284056219
T2ax+T2cor,2,Chiari malformation,62,0.8280958599973881,0.00690113644507816,0.7677086122864246,0.8804280878525809
T2ax+T2cor,2,Cyst of pineal gland,244,0.6997572464549137,0.014030708144244751,0.6485054646676255,0.7066342277986674
T2ax+T2cor,2,Rathke's pouch cyst,47,0.6861396701396357,0.023767353685957778,0.5994823422594859,0.7269092198721404
T2ax+T2cor,2,Cerebral edema,187,0.8320944559270074,0.004428855754052454,0.793783499603075,0.8655412822391612
T2ax+T2cor,2,Spinal stenosis,26,0.7773261374504714,0.021700318086323864,0.6671342300510537,0.8534947185595402
T2ax+T2cor,2,Mastoiditis,281,0.7571704131831695,0.003842157764034622,0.7208816805123146,0.782815818355255
T2ax+T2cor,2,Chronic mastoiditis,360,0.7692888301926221,0.0033099041211660193,0.7484128425072679,0.7992320593297535
T2ax+T2cor,2,Ventriculomegaly,1204,0.9187811560600204,0.0016819936553239205,0.9117759749138092,0.9276953508137624
T2ax+T2cor,2,Cerebellar degeneration,318,0.8423862829914794,0.003269124973198561,0.8212848532320403,0.8690474448869456
T2ax+T2cor,2,Mega cisterna magna,225,0.818748514658911,0.006435549275116769,0.7970897061160496,0.8490924396652579
T2ax+T2cor,2,Structure of cave of septum pellucidum,238,0.7010596007747605,0.005516296942916344,0.6651660175171841,0.7309206352633145
T2ax+T2cor,2,Hyperostosis of skull,55,0.9195153771264479,0.0076376616544290045,0.8821909940460029,0.9329469829528622
T2ax+T2cor,2,Choroid plexus cyst,57,0.5547733829379871,0.013176980950403946,0.47489880989940203,0.6260644039701817
T2ax+T2cor,2,Lipoma of brain,34,0.6047509971834913,0.0179079747723172,0.48733743598900764,0.6760033141878687
T2ax+T2cor,2,Glioma,35,0.734300565180423,0.030108733832435598,0.6005579549788576,0.8208997992219944
T2ax+T2cor,2,Pituitary adenoma,57,0.6935244153821759,0.01185457028372558,0.6275446203187601,0.7516856277030657
T2ax+FLAIRax,2,Cerebral infarction,339,0.8504847314855605,0.004657881182216706,0.8224872548418912,0.864342507291696
T2ax+FLAIRax,2,Cerebral hemorrhage,92,0.7506633199228308,0.015154769224097985,0.6712231983187888,0.8130303829639722
T2ax+FLAIRax,2,Metastatic malignant neoplasm to brain,50,0.8081076416976757,0.016367694640386867,0.7055322501582412,0.8589618228315863
T2ax+FLAIRax,2,Intracranial meningioma,148,0.6685361058220648,0.013408694378645005,0.6212612794755951,0.7056026083778385
T2ax+FLAIRax,2,Demyelinating disease of central nervous system,294,0.8285730284852016,0.006856720294535377,0.8089324681440057,0.864975716628956
T2ax+FLAIRax,2,Herniation of nucleus pulposus,29,0.660716258199738,0.007895168543260719,0.5738122893247154,0.7718773749871144
T2ax+FLAIRax,2,Spinal cord compression,22,0.5335033140117885,0.022086786975816546,0.3537527858215238,0.6330593415568075
T2ax+FLAIRax,2,Lacunar infarct,189,0.8536413483644115,0.006934104797689403,0.8189013839996531,0.877249138970602
T2ax+FLAIRax,2,Silent micro-hemorrhage of brain,78,0.8488246997043819,0.00703064948158061,0.8177601472977912,0.8980876226859974
T2ax+FLAIRax,2,Cavernous hemangioma,67,0.5772609209924456,0.015392666588179234,0.4896333520452389,0.6640959855257281
T2ax+FLAIRax,2,Subdural intracranial hemorrhage,26,0.8185854997577909,0.02953537938435766,0.6781867268243561,0.9109781071655906
T2ax+FLAIRax,2,Gliosis,3854,0.8073594531796408,0.000727728965622197,0.7990695436176741,0.815737681460167
T2ax+FLAIRax,2,Cerebral atrophy,2012,0.949907693263496,0.00016190030807950795,0.9455251578885344,0.9545026493023475
T2ax+FLAIRax,2,Encephalomalacia,248,0.8018889690360768,0.00378484959891231,0.7766509908884687,0.8370089304818265
T2ax+FLAIRax,2,Arachnoid cyst,572,0.7027325292950293,0.003862656340704104,0.6739825071631288,0.7226724843953232
T2ax+FLAIRax,2,Empty sella syndrome,670,0.7734654948727662,0.004057729954674773,0.7499621513476703,0.7871524577699168
T2ax+FLAIRax,2,Intracranial aneurysm,32,0.6296959141087776,0.013982849012078604,0.5299261437376727,0.7210501627980999
T2ax+FLAIRax,2,Chiari malformation,62,0.8576805537416742,0.00879983205097393,0.8074560465561896,0.8862331733000799
T2ax+FLAIRax,2,Cyst of pineal gland,244,0.6768408829214314,0.011105970692669243,0.6326180688576013,0.6918258674050374
T2ax+FLAIRax,2,Rathke's pouch cyst,47,0.7136105399305407,0.028637493179022182,0.6307462567548695,0.7611325359088695
T2ax+FLAIRax,2,Cerebral edema,187,0.8501850697520131,0.0036395721717466536,0.8102770160804506,0.8875121022637424
T2ax+FLAIRax,2,Spinal stenosis,26,0.7958080256037627,0.01639970988800202,0.7456854248651099,0.8660765718051682
T2ax+FLAIRax,2,Mastoiditis,281,0.7509543650263977,0.0015269294897744207,0.7244742165758906,0.7770852500904272
T2ax+FLAIRax,2,Chronic mastoiditis,360,0.7689429524529507,0.005198033640372292,0.7511873343891853,0.7993477199293229
T2ax+FLAIRax,2,Ventriculomegaly,1204,0.9156345743192452,0.0010165933662592119,0.9069008552456786,0.9247934151054015
T2ax+FLAIRax,2,Cerebellar degeneration,318,0.8430679193972859,0.005242472557790553,0.8282215367275642,0.8743025460766239
T2ax+FLAIRax,2,Mega cisterna magna,225,0.8067344985093405,0.009354971017010454,0.7798715274869619,0.8385704601004937
T2ax+FLAIRax,2,Structure of cave of septum pellucidum,238,0.7205006858994624,0.0017591976682451312,0.6873637555389392,0.7559558510634866
T2ax+FLAIRax,2,Hyperostosis of skull,55,0.9039675708284595,0.017578771378692796,0.8436953318243909,0.92231342801831
T2ax+FLAIRax,2,Choroid plexus cyst,57,0.5945397014727565,0.011017753754196247,0.5243343224619333,0.6545207016349628
T2ax+FLAIRax,2,Lipoma of brain,34,0.6575767728322546,0.008597213240741695,0.5930780618167361,0.7425519281452704
T2ax+FLAIRax,2,Glioma,35,0.7804256743498885,0.007501343757709277,0.7118863767942615,0.8711352838266867
T2ax+FLAIRax,2,Pituitary adenoma,57,0.7233558400249916,0.017295840522194843,0.6640840451686932,0.7946021230101833
T1ax+T2cor,2,Cerebral infarction,339,0.8242932762111446,0.0012626073026439342,0.8039627662325409,0.8478377183718097
T1ax+T2cor,2,Cerebral hemorrhage,92,0.7430421254470168,0.01329150333128829,0.700137782571488,0.8139100999547042
T1ax+T2cor,2,Metastatic malignant neoplasm to brain,50,0.7108873968613493,0.023128463705379243,0.5991449351671091,0.776660422362987
T1ax+T2cor,2,Intracranial meningioma,148,0.6999553369416383,0.018819656125673614,0.6886979439294816,0.7600913768038112
T1ax+T2cor,2,Demyelinating disease of central nervous system,294,0.7309458690226379,0.005529627610722862,0.7061521844045028,0.7638163763750232
T1ax+T2cor,2,Herniation of nucleus pulposus,29,0.619517766756612,0.002340894610310163,0.500753632153418,0.7301239137026118
T1ax+T2cor,2,Spinal cord compression,22,0.5830655220485729,0.01692582833864083,0.4292892485158074,0.6936152195573632
T1ax+T2cor,2,Lacunar infarct,189,0.8375897724257374,0.0022553802534374247,0.8008117269954271,0.8646178524856694
T1ax+T2cor,2,Silent micro-hemorrhage of brain,78,0.8366415398197464,0.014733473726559056,0.8117387494426549,0.8902569315383042
T1ax+T2cor,2,Cavernous hemangioma,67,0.5603066079082111,0.014378094998379047,0.4770059752987027,0.6179507047670983
T1ax+T2cor,2,Subdural intracranial hemorrhage,26,0.799891420006873,0.022892846673482604,0.6882725953122986,0.8806660230004713
T1ax+T2cor,2,Gliosis,3854,0.7971924754998595,0.0017670991846840743,0.7875021933956693,0.8040373706888255
T1ax+T2cor,2,Cerebral atrophy,2012,0.947770874751491,0.0009079602386438529,0.9416451149075388,0.951483430830339
T1ax+T2cor,2,Encephalomalacia,248,0.7973298058257576,0.0035196623359799524,0.7602240286790359,0.8194186688293339
T1ax+T2cor,2,Arachnoid cyst,572,0.6758526910870661,0.007599405994772812,0.6501807716950758,0.6941055087963638
T1ax+T2cor,2,Empty sella syndrome,670,0.7653116846359245,0.004304840585683093,0.7435198994055952,0.7782538246163788
T1ax+T2cor,2,Intracranial aneurysm,32,0.5022402564620355,0.007179075223928779,0.3982477693953544,0.6377153904172002
T1ax+T2cor,2,Chiari malformation,62,0.7929363110008273,0.008441846922077676,0.7392649458965375,0.8510641918217968
T1ax+T2cor,2,Cyst of pineal gland,244,0.6981590609427935,0.0019355496002998812,0.663851881162761,0.7202699215431755
T1ax+T2cor,2,Rathke's pouch cyst,47,0.6985979070414375,0.01102102822989439,0.6121208359321448,0.7513717120833963
T1ax+T2cor,2,Cerebral edema,187,0.8552640807205947,0.0018642196994058972,0.8290449673903757,0.8877614942590697
T1ax+T2cor,2,Spinal stenosis,26,0.7214338355546172,0.0319012899614843,0.6539530200842024,0.8407977192408661
T1ax+T2cor,2,Mastoiditis,281,0.7227543562843467,0.008958645332726957,0.6760294821807564,0.740592249775431
T1ax+T2cor,2,Chronic mastoiditis,360,0.7558132736536735,0.0035078526267927975,0.7382673312069791,0.7831852966730054
T1ax+T2cor,2,Ventriculomegaly,1204,0.9146334206582388,0.002355825126293155,0.9055218793264054,0.922651977809839
T1ax+T2cor,2,Cerebellar degeneration,318,0.8472269892134255,0.004494133209278644,0.833478343142684,0.8771786397702869
T1ax+T2cor,2,Mega cisterna magna,225,0.7800419390425134,0.0064702156807896595,0.7477858124576053,0.8098126396553522
T1ax+T2cor,2,Structure of cave of septum pellucidum,238,0.6880588032814572,0.008956869583413537,0.6422550438306445,0.7104837853458198
T1ax+T2cor,2,Hyperostosis of skull,55,0.9201149636692244,0.0068298425125807955,0.8910871170534617,0.9457885560130249
T1ax+T2cor,2,Choroid plexus cyst,57,0.5996225218381174,0.03555414089755241,0.47967587582628635,0.6212977816030176
T1ax+T2cor,2,Lipoma of brain,34,0.5777339777403933,0.015633650740480856,0.4562227276139374,0.6307446750605918
T1ax+T2cor,2,Glioma,35,0.8466075708783958,0.0014736511903322782,0.7632132047976234,0.9046331477533708
T1ax+T2cor,2,Pituitary adenoma,57,0.6902731332580743,0.031699985924651584,0.6474088698077772,0.7653891040868541
T1ax+FLAIRax,2,Cerebral infarction,339,0.8379501184249437,0.006597306420020765,0.8070225919874106,0.8512556196328491
T1ax+FLAIRax,2,Cerebral hemorrhage,92,0.7392586580086581,0.008100119190564898,0.6705580032416574,0.7894215937605538
T1ax+FLAIRax,2,Metastatic malignant neoplasm to brain,50,0.8210996063204444,0.014027586183341342,0.7392082580130958,0.8673724933568854
T1ax+FLAIRax,2,Intracranial meningioma,148,0.71239818585709,0.0037095798054112544,0.6711103086956537,0.7574845849898152
T1ax+FLAIRax,2,Demyelinating disease of central nervous system,294,0.8040449469109313,0.0014165182370781948,0.7752637672509378,0.8336478589743217
T1ax+FLAIRax,2,Herniation of nucleus pulposus,29,0.7041146510650028,0.009754857296156704,0.5980616833685228,0.7900746509529037
T1ax+FLAIRax,2,Spinal cord compression,22,0.5229975297771907,0.027887353535642097,0.3234595636149509,0.6518628524956489
T1ax+FLAIRax,2,Lacunar infarct,189,0.8520589815280153,0.0011517278884030267,0.8249102679567214,0.879200355076441
T1ax+FLAIRax,2,Silent micro-hemorrhage of brain,78,0.8355802666245346,0.005578344081958904,0.7992340557265739,0.8781049486195726
T1ax+FLAIRax,2,Cavernous hemangioma,67,0.6483969379509903,0.010006632832834088,0.5830382180192246,0.7093500363887982
T1ax+FLAIRax,2,Subdural intracranial hemorrhage,26,0.8153120562090367,0.03333130547162115,0.6635864946007421,0.8831431205982717
T1ax+FLAIRax,2,Gliosis,3854,0.8005338654210458,0.0005135010703196999,0.7925651663997869,0.8084989639223483
T1ax+FLAIRax,2,Cerebral atrophy,2012,0.9487871011112811,0.0006899792828229641,0.9438246070091679,0.9534586239278102
T1ax+FLAIRax,2,Encephalomalacia,248,0.8183575587048685,0.0023395130454093144,0.7886396274088785,0.8475629697290453
T1ax+FLAIRax,2,Arachnoid cyst,572,0.6860161024223524,0.0049545353933985545,0.6705441322965231,0.7133121110061266
T1ax+FLAIRax,2,Empty sella syndrome,670,0.7729310143203247,0.0005973290874479949,0.7558705102197638,0.7938447254191917
T1ax+FLAIRax,2,Intracranial aneurysm,32,0.6231632000538503,0.025751255385828193,0.5448588762333318,0.7456202783175683
T1ax+FLAIRax,2,Chiari malformation,62,0.8316279221627269,0.008559590788167313,0.792914000531608,0.8940808593689745
T1ax+FLAIRax,2,Cyst of pineal gland,244,0.679114662484776,0.005502471195082983,0.6488436346101905,0.7057695762873779
T1ax+FLAIRax,2,Rathke's pouch cyst,47,0.7490250736321062,0.014564320788259071,0.6834387441881928,0.8028345318835242
T1ax+FLAIRax,2,Cerebral edema,187,0.8452628777854327,0.007243237298520895,0.8078508127255433,0.8817905941955861
T1ax+FLAIRax,2,Spinal stenosis,26,0.7651018312652416,0.018151848715279088,0.6878372130897329,0.8441848141119914
T1ax+FLAIRax,2,Mastoiditis,281,0.7234698061386604,0.0036809734149911176,0.6886711817581276,0.7490806903865411
T1ax+FLAIRax,2,Chronic mastoiditis,360,0.7605614482305073,0.0020793703715037606,0.7351986937070286,0.7863631377574386
T1ax+FLAIRax,2,Ventriculomegaly,1204,0.9156947225838529,0.0018790227553703044,0.9046550483925728,0.9242386036683723
T1ax+FLAIRax,2,Cerebellar degeneration,318,0.8640204491788467,0.00304973525722604,0.8459371123185253,0.885729677019166
T1ax+FLAIRax,2,Mega cisterna magna,225,0.7900173530386052,0.006951415392230165,0.7656525319358255,0.8283918141199692
T1ax+FLAIRax,2,Structure of cave of septum pellucidum,238,0.7059900352452465,0.012944519788595515,0.6736285539600719,0.7447524120537338
T1ax+FLAIRax,2,Hyperostosis of skull,55,0.8824207111169966,0.013929688731522633,0.8184965607106081,0.9174999629226088
T1ax+FLAIRax,2,Choroid plexus cyst,57,0.632195455588925,0.016658532874004126,0.5461346139939899,0.6797997537345363
T1ax+FLAIRax,2,Lipoma of brain,34,0.6419125171477543,0.014919870969383513,0.5529912235627731,0.684116816704754
T1ax+FLAIRax,2,Glioma,35,0.8449478102625069,0.016569444053768145,0.776581486970577,0.8946178816334661
T1ax+FLAIRax,2,Pituitary adenoma,57,0.69253965887334,0.029296069961973915,0.640717903300377,0.790540259831047
T1ax+T2ax,2,Cerebral infarction,339,0.8202082448129172,0.004334800276260789,0.7875408975518748,0.83539046893817
T1ax+T2ax,2,Cerebral hemorrhage,92,0.74374485342556,0.015138625247151694,0.6975187526274929,0.8011739315345302
T1ax+T2ax,2,Metastatic malignant neoplasm to brain,50,0.7205762282262849,0.020011200859068608,0.6097802776036245,0.7884947964810286
T1ax+T2ax,2,Intracranial meningioma,148,0.6895920198574309,0.0040100410841298305,0.6411439770065628,0.726343350515811
T1ax+T2ax,2,Demyelinating disease of central nervous system,294,0.7810747228968058,0.005164184319315558,0.7532669613929198,0.8080354413660192
T1ax+T2ax,2,Herniation of nucleus pulposus,29,0.6438303903850384,0.01088112481551921,0.5364321723762686,0.744657253258652
T1ax+T2ax,2,Spinal cord compression,22,0.6486743952845647,0.019937043397467605,0.4861992893628379,0.7697346036173607
T1ax+T2ax,2,Lacunar infarct,189,0.8544092648649632,0.005920487037914998,0.8229429483740048,0.8822743723966947
T1ax+T2ax,2,Silent micro-hemorrhage of brain,78,0.8608491710080814,0.00863624577520357,0.8360348095508096,0.9066894809836737
T1ax+T2ax,2,Cavernous hemangioma,67,0.6375199740463336,0.010930247963510872,0.5432243653869174,0.6973585031070137
T1ax+T2ax,2,Subdural intracranial hemorrhage,26,0.7836406488715548,0.019763495717480314,0.6479255967099322,0.8861982506830592
T1ax+T2ax,2,Gliosis,3854,0.7961271034821301,0.0009762571982529452,0.7869871705918653,0.8045043790573404
T1ax+T2ax,2,Cerebral atrophy,2012,0.9491977223199267,0.0004929888042999503,0.9437214802077412,0.9540012930079264
T1ax+T2ax,2,Encephalomalacia,248,0.7959103055729404,0.0066066207007068065,0.7588548661507105,0.8145111951152061
T1ax+T2ax,2,Arachnoid cyst,572,0.6738277312496063,0.002383668231782713,0.6516092616453802,0.6946805779281373
T1ax+T2ax,2,Empty sella syndrome,670,0.7822039945054154,0.004159209914680941,0.7623054872198375,0.7956537996704232
T1ax+T2ax,2,Intracranial aneurysm,32,0.5958901285675821,0.008049111646058559,0.4922325095636986,0.6962350483337384
T1ax+T2ax,2,Chiari malformation,62,0.8344438640024379,0.00890510421414815,0.8029114913126867,0.8941555633305787
T1ax+T2ax,2,Cyst of pineal gland,244,0.6910866830672946,0.009862496830686743,0.6474123777065598,0.7106788830244262
T1ax+T2ax,2,Rathke's pouch cyst,47,0.7610204391828915,0.010149649321973962,0.7085984135697454,0.805828025996423
T1ax+T2ax,2,Cerebral edema,187,0.8242390706050035,0.005696760719071856,0.7840251525618634,0.8721066898670697
T1ax+T2ax,2,Spinal stenosis,26,0.810173914303577,0.020131473092290988,0.7308916053855818,0.8788154935924494
T1ax+T2ax,2,Mastoiditis,281,0.7458657383273328,0.005466723431383797,0.7142875245458521,0.7781331237753818
T1ax+T2ax,2,Chronic mastoiditis,360,0.7641199094049242,0.006137501560384076,0.7434646173971529,0.7875815484612649
T1ax+T2ax,2,Ventriculomegaly,1204,0.919545471297594,0.0019179664005363178,0.909481057509418,0.9264307969650575
T1ax+T2ax,2,Cerebellar degeneration,318,0.8602263575437549,0.0006455014762997273,0.8387444220101328,0.8825202784626278
T1ax+T2ax,2,Mega cisterna magna,225,0.7951007296785585,0.004691605825088762,0.7671198517591615,0.8275245883212823
T1ax+T2ax,2,Structure of cave of septum pellucidum,238,0.7038450175535961,0.001879820149337544,0.665865049921783,0.7303770439483006
T1ax+T2ax,2,Hyperostosis of skull,55,0.9161657850660035,0.011630764751374872,0.872784563439705,0.946354537350704
T1ax+T2ax,2,Choroid plexus cyst,57,0.6527638738015956,0.010793763994387723,0.5652384290489694,0.7092926156488621
T1ax+T2ax,2,Lipoma of brain,34,0.6626351623215129,0.019422258612299504,0.559088407655864,0.7080880917723827
T1ax+T2ax,2,Glioma,35,0.7916150155626603,0.004756876901900823,0.7049412032470338,0.882201577793729
T1ax+T2ax,2,Pituitary adenoma,57,0.7755349185049497,0.032036933519291814,0.7369223094169722,0.8416476113747559
T2ax+FLAIRax+T2cor,3,Cerebral infarction,339,0.8504282087312017,0.0019399568269300863,0.82780038697162,0.8653285030113393
T2ax+FLAIRax+T2cor,3,Cerebral hemorrhage,92,0.7364792137210615,0.020782260367936838,0.6951006647665174,0.8195297653841322
T2ax+FLAIRax+T2cor,3,Metastatic malignant neoplasm to brain,50,0.7877584533247047,0.02048956498738642,0.6815523744975435,0.8269512667864897
T2ax+FLAIRax+T2cor,3,Intracranial meningioma,148,0.6800316093980477,0.009617518141508009,0.64532175508677,0.7357127523760529
T2ax+FLAIRax+T2cor,3,Demyelinating disease of central nervous system,294,0.828060401142357,0.006602474073823678,0.80586524336584,0.8627781901104359
T2ax+FLAIRax+T2cor,3,Herniation of nucleus pulposus,29,0.600747595192148,0.0023023472197552033,0.476511752491106,0.7065365276918484
T2ax+FLAIRax+T2cor,3,Spinal cord compression,22,0.5583663511629613,0.02021727177419752,0.41597906036847687,0.6598488647870814
T2ax+FLAIRax+T2cor,3,Lacunar infarct,189,0.8556752016213686,0.000465776992052533,0.8271658567543931,0.8804861722058651
T2ax+FLAIRax+T2cor,3,Silent micro-hemorrhage of brain,78,0.8653206895261379,0.006244348372582628,0.8423185836757504,0.9057815848389731
T2ax+FLAIRax+T2cor,3,Cavernous hemangioma,67,0.541719712494635,0.008566380725698985,0.4586486145619279,0.6028147145452127
T2ax+FLAIRax+T2cor,3,Subdural intracranial hemorrhage,26,0.7981483436634415,0.05165903386931899,0.6980837966059652,0.8904577736971404
T2ax+FLAIRax+T2cor,3,Gliosis,3854,0.808827972940343,0.00038937923494027847,0.8011014940194201,0.8166432576566446
T2ax+FLAIRax+T2cor,3,Cerebral atrophy,2012,0.9503841135877046,0.0005313048741635323,0.9450407543285343,0.9542967611746224
T2ax+FLAIRax+T2cor,3,Encephalomalacia,248,0.807752494581225,0.00336175683597957,0.7779312794062105,0.8413898538135649
T2ax+FLAIRax+T2cor,3,Arachnoid cyst,572,0.7034055717649469,0.004084889596256566,0.6767361251944617,0.7244458107145576
T2ax+FLAIRax+T2cor,3,Empty sella syndrome,670,0.7726374726605432,0.003147408754341492,0.753596955628373,0.7891212995446718
T2ax+FLAIRax+T2cor,3,Intracranial aneurysm,32,0.5615942211900916,0.016453383730449772,0.4848615152671878,0.6695073144001623
T2ax+FLAIRax+T2cor,3,Chiari malformation,62,0.8513112184928824,0.005929028783991805,0.7941474808217491,0.8896542558768966
T2ax+FLAIRax+T2cor,3,Cyst of pineal gland,244,0.6966097135548587,0.011689560480793608,0.6494915474985333,0.710254555225727
T2ax+FLAIRax+T2cor,3,Rathke's pouch cyst,47,0.6726857149412234,0.029407526074223977,0.5532245518890558,0.706112822917347
T2ax+FLAIRax+T2cor,3,Cerebral edema,187,0.843160730363906,0.0061169978178489265,0.7930746835306257,0.8718856424914561
T2ax+FLAIRax+T2cor,3,Spinal stenosis,26,0.7326132275066556,0.014926165084166563,0.6319101737490893,0.841713002428628
T2ax+FLAIRax+T2cor,3,Mastoiditis,281,0.7624032739470351,0.006179369826902146,0.7264537505979802,0.783036812565618
T2ax+FLAIRax+T2cor,3,Chronic mastoiditis,360,0.7835096142026527,0.006223056354330751,0.7723579717440201,0.8103399752644685
T2ax+FLAIRax+T2cor,3,Ventriculomegaly,1204,0.9186549435105283,0.0018222839596444894,0.911456990810228,0.9271400368968062
T2ax+FLAIRax+T2cor,3,Cerebellar degeneration,318,0.8446703218221764,0.005233362202744382,0.8275813019487003,0.8709898046745376
T2ax+FLAIRax+T2cor,3,Mega cisterna magna,225,0.8203710085731911,0.008120751954226313,0.7930287525258332,0.8523933155047861
T2ax+FLAIRax+T2cor,3,Structure of cave of septum pellucidum,238,0.7314720861237545,0.009950498320376727,0.6928110475251247,0.7594439429864156
T2ax+FLAIRax+T2cor,3,Hyperostosis of skull,55,0.9117528771571015,0.011034493520954551,0.8582813868505649,0.929858463261506
T2ax+FLAIRax+T2cor,3,Choroid plexus cyst,57,0.5702902203573145,0.008055601938649678,0.49411236480217163,0.6278331380274429
T2ax+FLAIRax+T2cor,3,Lipoma of brain,34,0.5998141864598482,0.0031199706464011714,0.50345814474541,0.6783866603988338
T2ax+FLAIRax+T2cor,3,Glioma,35,0.7940273241073111,0.03658548063498261,0.6660712865227606,0.8550911466324609
T2ax+FLAIRax+T2cor,3,Pituitary adenoma,57,0.6908531953112242,0.017625535809963743,0.6383296208039962,0.7669581599258167
T1ax+FLAIRax+T2cor,3,Cerebral infarction,339,0.8401774733041972,0.0012436681752797365,0.814901032504927,0.8559911548538882
T1ax+FLAIRax+T2cor,3,Cerebral hemorrhage,92,0.7619140257387539,0.0071762516860206516,0.7174541542035948,0.81942981053229
T1ax+FLAIRax+T2cor,3,Metastatic malignant neoplasm to brain,50,0.7781421560696758,0.02023363688433401,0.6765034738008707,0.8287477511373467
T1ax+FLAIRax+T2cor,3,Intracranial meningioma,148,0.7024669912084295,0.013974556528341096,0.6791206497032234,0.7568502613968517
T1ax+FLAIRax+T2cor,3,Demyelinating disease of central nervous system,294,0.7838911792917641,0.003036362041500053,0.7559239526146899,0.8177622592822831
T1ax+FLAIRax+T2cor,3,Herniation of nucleus pulposus,29,0.6904390613382642,0.011423797754531577,0.584650379258022,0.7784164622048332
T1ax+FLAIRax+T2cor,3,Spinal cord compression,22,0.5329481253210067,0.03155548322585401,0.3561543684333147,0.6219155602743545
T1ax+FLAIRax+T2cor,3,Lacunar infarct,189,0.8472632549645831,0.0006552804422844047,0.8195205367010554,0.8738238549512223
T1ax+FLAIRax+T2cor,3,Silent micro-hemorrhage of brain,78,0.8594573543495224,0.006817789820492552,0.8392154526274141,0.9009184045205184
T1ax+FLAIRax+T2cor,3,Cavernous hemangioma,67,0.5914695457503895,0.003500921098979103,0.5297656082684851,0.6528952660420406
T1ax+FLAIRax+T2cor,3,Subdural intracranial hemorrhage,26,0.817019939799691,0.04784972076775682,0.6880326986100032,0.866433296914446
T1ax+FLAIRax+T2cor,3,Gliosis,3854,0.8031785986998613,0.0005719083665679666,0.7943236758780398,0.8109904919269056
T1ax+FLAIRax+T2cor,3,Cerebral atrophy,2012,0.9491185419534078,0.0008366276202184704,0.9422085129033166,0.9533220524063563
T1ax+FLAIRax+T2cor,3,Encephalomalacia,248,0.8060797903561716,0.0042208244088957955,0.7815339536181207,0.8390550486085275
T1ax+FLAIRax+T2cor,3,Arachnoid cyst,572,0.6924120115526365,0.000782540685461979,0.668168051869025,0.7147267549818084
T1ax+FLAIRax+T2cor,3,Empty sella syndrome,670,0.7721238171262578,0.0013468880199371696,0.7565368676081587,0.7879450924140708
T1ax+FLAIRax+T2cor,3,Intracranial aneurysm,32,0.5504993773559504,0.03973442936849018,0.47293409954425936,0.6876973393975613
T1ax+FLAIRax+T2cor,3,Chiari malformation,62,0.8220290801445299,0.002243587101295973,0.7647416238370821,0.8698172026374379
T1ax+FLAIRax+T2cor,3,Cyst of pineal gland,244,0.6965867540229143,0.005166421045881506,0.658209437298663,0.7201515809904798
T1ax+FLAIRax+T2cor,3,Rathke's pouch cyst,47,0.7068819850126044,0.011827064376558174,0.6169837621413027,0.76369650036414
T1ax+FLAIRax+T2cor,3,Cerebral edema,187,0.8555582530465244,0.0034731391088864234,0.8105377992321963,0.8807397548429167
T1ax+FLAIRax+T2cor,3,Spinal stenosis,26,0.7388863356891776,0.024923716993949227,0.6720184550874672,0.8524508807423504
T1ax+FLAIRax+T2cor,3,Mastoiditis,281,0.7311646201564123,0.010591053036484199,0.686094685482862,0.745497634563489
T1ax+FLAIRax+T2cor,3,Chronic mastoiditis,360,0.7767219748374329,0.003201841707507797,0.7600514940757297,0.8004074507253552
T1ax+FLAIRax+T2cor,3,Ventriculomegaly,1204,0.9154954799134932,0.00246412850559533,0.907155801542358,0.9250002990054421
T1ax+FLAIRax+T2cor,3,Cerebellar degeneration,318,0.8556572831478366,0.0032772925408785804,0.8421010126887073,0.8806178803629984
T1ax+FLAIRax+T2cor,3,Mega cisterna magna,225,0.7970546635911369,0.010857189456033436,0.7655646993920117,0.8231461001607319
T1ax+FLAIRax+T2cor,3,Structure of cave of septum pellucidum,238,0.7157851558563296,0.004056391299345427,0.6761129475310566,0.7449386665530401
T1ax+FLAIRax+T2cor,3,Hyperostosis of skull,55,0.9101250426086551,0.00773879990100644,0.8615084545320745,0.9351336292573793
T1ax+FLAIRax+T2cor,3,Choroid plexus cyst,57,0.6129745989146614,0.02334972845384121,0.5190602287134524,0.6502642648220579
T1ax+FLAIRax+T2cor,3,Lipoma of brain,34,0.5926168819442464,0.009051567092853322,0.5146203569782545,0.6678917929372855
T1ax+FLAIRax+T2cor,3,Glioma,35,0.8760881358279757,0.01380857642143385,0.7967507785315708,0.9125764369963183
T1ax+FLAIRax+T2cor,3,Pituitary adenoma,57,0.6751737701193493,0.032707963442053296,0.645065350158466,0.7576656595244853
T1ax+T2ax+T2cor,3,Cerebral infarction,339,0.8338881766533169,0.004013781737730804,0.8026679052243814,0.8495576367486898
T1ax+T2ax+T2cor,3,Cerebral hemorrhage,92,0.7424399762375306,0.02183547006166197,0.6961786527490947,0.812893597999561
T1ax+T2ax+T2cor,3,Metastatic malignant neoplasm to brain,50,0.7401159467184382,0.025576304159714545,0.6427663618833261,0.8032063665520521
T1ax+T2ax+T2cor,3,Intracranial meningioma,148,0.694391921275483,0.012719830484183514,0.6704829960847085,0.7530495740902564
T1ax+T2ax+T2cor,3,Demyelinating disease of central nervous system,294,0.776654890927048,0.01048935802827049,0.7455072235765089,0.8062024258104938
T1ax+T2ax+T2cor,3,Herniation of nucleus pulposus,29,0.6059716648983915,0.002754435848282516,0.48977821060856613,0.7153681514166348
T1ax+T2ax+T2cor,3,Spinal cord compression,22,0.6337839655636266,0.027498592151720236,0.4662616184182985,0.7282246060699219
T1ax+T2ax+T2cor,3,Lacunar infarct,189,0.8444406351630437,0.0022991002721329283,0.810482834195489,0.8712952723492355
T1ax+T2ax+T2cor,3,Silent micro-hemorrhage of brain,78,0.8587548628695053,0.008033716384836596,0.8268435214986756,0.9052151921288675
T1ax+T2ax+T2cor,3,Cavernous hemangioma,67,0.5878908414589669,0.008241419540701154,0.5074181863980711,0.6623033091098333
T1ax+T2ax+T2cor,3,Subdural intracranial hemorrhage,26,0.7779942822127546,0.021251657512261567,0.6767492914393068,0.8738160010467988
T1ax+T2ax+T2cor,3,Gliosis,3854,0.8029387090920329,0.001297931319186595,0.7917478407986577,0.8084733560583937
T1ax+T2ax+T2cor,3,Cerebral atrophy,2012,0.9501364091094459,0.0007850984018409996,0.9446332298923011,0.9547299897976412
T1ax+T2ax+T2cor,3,Encephalomalacia,248,0.8172388866494821,0.0018853679876207187,0.7877245236513324,0.8364114934414824
T1ax+T2ax+T2cor,3,Arachnoid cyst,572,0.6902194863132363,0.0029728359091403087,0.6648587521932209,0.7104794575152278
T1ax+T2ax+T2cor,3,Empty sella syndrome,670,0.7756241149896913,0.0017343829212544532,0.7588065925501956,0.7931177428959475
T1ax+T2ax+T2cor,3,Intracranial aneurysm,32,0.5376127490576198,0.011905472428089233,0.42089179726538267,0.6463090276459459
T1ax+T2ax+T2cor,3,Chiari malformation,62,0.8320671716512124,0.010672565897743744,0.783803648136707,0.8966047068151876
T1ax+T2ax+T2cor,3,Cyst of pineal gland,244,0.7036530692347212,0.010748864331071662,0.658852942544103,0.7227032417664092
T1ax+T2ax+T2cor,3,Rathke's pouch cyst,47,0.7305050574574196,0.0135050114242199,0.642370565621252,0.7783861923340183
T1ax+T2ax+T2cor,3,Cerebral edema,187,0.8355395893252262,0.00045823945133488606,0.7936584376608515,0.8691118494790366
T1ax+T2ax+T2cor,3,Spinal stenosis,26,0.7622983144741582,0.024224416762414956,0.6814898726221046,0.8749992191605981
T1ax+T2ax+T2cor,3,Mastoiditis,281,0.7589579377286294,0.006303829549357549,0.7204572565270906,0.7773032749704125
T1ax+T2ax+T2cor,3,Chronic mastoiditis,360,0.7737732172929651,0.005847656223908489,0.7576870566926129,0.8037145254240071
T1ax+T2ax+T2cor,3,Ventriculomegaly,1204,0.9207916272429992,0.0018437223288968862,0.9132462451596575,0.9276299782167489
T1ax+T2ax+T2cor,3,Cerebellar degeneration,318,0.8469027904753088,0.002095234292466122,0.8272203351235444,0.8741121875108276
T1ax+T2ax+T2cor,3,Mega cisterna magna,225,0.8045971268716818,0.004226986408709726,0.7671180012698471,0.8340447507447764
T1ax+T2ax+T2cor,3,Structure of cave of septum pellucidum,238,0.7102712696710028,0.002980742760533912,0.6718442577044178,0.7404947145520835
T1ax+T2ax+T2cor,3,Hyperostosis of skull,55,0.9193567135300565,0.007952821627178886,0.8771484957712319,0.946455698731979
T1ax+T2ax+T2cor,3,Choroid plexus cyst,57,0.6106285543888048,0.022936190583668307,0.49318006399817815,0.6609692105807171
T1ax+T2ax+T2cor,3,Lipoma of brain,34,0.6070344602536443,0.01422904803379801,0.5144248310174645,0.6836718592153935
T1ax+T2ax+T2cor,3,Glioma,35,0.7995967943612768,0.018116364789090192,0.6984605338899893,0.8769344695521413
T1ax+T2ax+T2cor,3,Pituitary adenoma,57,0.7398538840017892,0.02541065771581043,0.7132217767634049,0.8082552203618055
T1ax+T2ax+FLAIRax,3,Cerebral infarction,339,0.8401728309454098,0.007334302782876976,0.8073200218036999,0.8544860051446015
T1ax+T2ax+FLAIRax,3,Cerebral hemorrhage,92,0.7529160490777339,0.010879818537457809,0.6768576908332178,0.801726690940949
T1ax+T2ax+FLAIRax,3,Metastatic malignant neoplasm to brain,50,0.8012924014452892,0.014384293414811726,0.7021505531191867,0.8611812217139081
T1ax+T2ax+FLAIRax,3,Intracranial meningioma,148,0.6994212901747149,0.0049210317263616585,0.6551804113314538,0.7376653945959957
T1ax+T2ax+FLAIRax,3,Demyelinating disease of central nervous system,294,0.8145151194658421,0.0030922605889106896,0.7864981163154419,0.8437258975965785
T1ax+T2ax+FLAIRax,3,Herniation of nucleus pulposus,29,0.6862207271556017,0.003651108048054515,0.5901961493476897,0.7839615525100975
T1ax+T2ax+FLAIRax,3,Spinal cord compression,22,0.5416226428938292,0.025935499572563057,0.36056570894108686,0.668066464800587
T1ax+T2ax+FLAIRax,3,Lacunar infarct,189,0.8604910567740206,0.007583737832032187,0.8196082644366772,0.8779055045266715
T1ax+T2ax+FLAIRax,3,Silent micro-hemorrhage of brain,78,0.8595129646491735,0.009503099528574649,0.8313852442557591,0.9098969630652285
T1ax+T2ax+FLAIRax,3,Cavernous hemangioma,67,0.6351323576528053,0.012870752753784354,0.5466874512206995,0.6966928288780098
T1ax+T2ax+FLAIRax,3,Subdural intracranial hemorrhage,26,0.7875190972437864,0.03156584889251377,0.6550862483925443,0.8924887141572904
T1ax+T2ax+FLAIRax,3,Gliosis,3854,0.804032414289277,0.0006391727789397116,0.7939096332343194,0.8113877720524767
T1ax+T2ax+FLAIRax,3,Cerebral atrophy,2012,0.9502436901029719,0.00017297743934340692,0.9450151540336457,0.9544898022361843
T1ax+T2ax+FLAIRax,3,Encephalomalacia,248,0.8105133736780133,0.0020165493250485066,0.7824287343232138,0.8418775294773841
T1ax+T2ax+FLAIRax,3,Arachnoid cyst,572,0.6949164609320859,0.00047512367544642274,0.6700782944976097,0.7222717031881412
T1ax+T2ax+FLAIRax,3,Empty sella syndrome,670,0.7849810519875499,0.0016945825144403697,0.765700464796554,0.7996733559511202
T1ax+T2ax+FLAIRax,3,Intracranial aneurysm,32,0.6436873148896068,0.01419380410271604,0.5603992767271596,0.7567662994547385
T1ax+T2ax+FLAIRax,3,Chiari malformation,62,0.8489264725088156,0.0051011587371421205,0.8135482086440539,0.899682104531185
T1ax+T2ax+FLAIRax,3,Cyst of pineal gland,244,0.6833607725001167,0.008973289514615025,0.6410585985277002,0.7042999404963161
T1ax+T2ax+FLAIRax,3,Rathke's pouch cyst,47,0.7591655123561414,0.018907476533566586,0.6951333438163562,0.8009044011593667
T1ax+T2ax+FLAIRax,3,Cerebral edema,187,0.8520993405728158,0.0005651571145040787,0.8099082642870153,0.8873783855437961
T1ax+T2ax+FLAIRax,3,Spinal stenosis,26,0.8127621342541415,0.022897792079277886,0.7533179382890278,0.8794446047983748
T1ax+T2ax+FLAIRax,3,Mastoiditis,281,0.7508072462803012,0.004880377596958446,0.7168681618946036,0.771137273512225
T1ax+T2ax+FLAIRax,3,Chronic mastoiditis,360,0.773016849823604,0.0038501815797017214,0.752318760006854,0.7988938088309079
T1ax+T2ax+FLAIRax,3,Ventriculomegaly,1204,0.9182907192141667,0.0017065744806381308,0.9107038965096816,0.9256026113661718
T1ax+T2ax+FLAIRax,3,Cerebellar degeneration,318,0.8593704226050377,0.003089987947979161,0.8428372054891577,0.882691618487019
T1ax+T2ax+FLAIRax,3,Mega cisterna magna,225,0.8052659026467183,0.010777050911327,0.7817712137049109,0.8363836277086882
T1ax+T2ax+FLAIRax,3,Structure of cave of septum pellucidum,238,0.722965989418603,0.0033922009663595663,0.6956550276699071,0.7550431113256802
T1ax+T2ax+FLAIRax,3,Hyperostosis of skull,55,0.8970768623354203,0.014699210777961947,0.8354034809176336,0.9250043565760201
T1ax+T2ax+FLAIRax,3,Choroid plexus cyst,57,0.6275871453894415,0.012146100107185635,0.545033670820715,0.6859808581781192
T1ax+T2ax+FLAIRax,3,Lipoma of brain,34,0.6604677337084454,0.013351470432696416,0.5783749839372183,0.6995915988011056
T1ax+T2ax+FLAIRax,3,Glioma,35,0.8234882674084419,0.008538202942236997,0.7483347833019591,0.8870499463816369
T1ax+T2ax+FLAIRax,3,Pituitary adenoma,57,0.7315590676407733,0.031099986496571728,0.6798983146337039,0.8197065519321995
T1ax+T2ax+FLAIRax+T2cor,4,Cerebral infarction,339,0.8456392084175576,0.004593705413578758,0.8158287635546351,0.8612505636533568
T1ax+T2ax+FLAIRax+T2cor,4,Cerebral hemorrhage,92,0.7523244871070958,0.014245415224944987,0.7013547807932611,0.811844312490509
T1ax+T2ax+FLAIRax+T2cor,4,Metastatic malignant neoplasm to brain,50,0.7785754732243975,0.0230115767084505,0.6768041382223877,0.8351569292853417
T1ax+T2ax+FLAIRax+T2cor,4,Intracranial meningioma,148,0.6983801009914022,0.012991408374187365,0.6703339331482894,0.7618107184894091
T1ax+T2ax+FLAIRax+T2cor,4,Demyelinating disease of central nervous system,294,0.8048028943656463,0.007141767743692772,0.7801724994980992,0.831568014698892
T1ax+T2ax+FLAIRax+T2cor,4,Herniation of nucleus pulposus,29,0.6586031461375023,0.003171954837840152,0.5462521313123747,0.7719820458154366
T1ax+T2ax+FLAIRax+T2cor,4,Spinal cord compression,22,0.5573672560960697,0.023969772414529092,0.3824345328605171,0.6613342629637988
T1ax+T2ax+FLAIRax+T2cor,4,Lacunar infarct,189,0.8551476738637556,0.002780551218550519,0.8273207761619593,0.8773710116361928
T1ax+T2ax+FLAIRax+T2cor,4,Silent micro-hemorrhage of brain,78,0.8717782406772191,0.008838548541197686,0.8491168402038036,0.9093420552555056
T1ax+T2ax+FLAIRax+T2cor,4,Cavernous hemangioma,67,0.5988788338582502,0.001388536165943877,0.5263988907720547,0.6600164130480208
T1ax+T2ax+FLAIRax+T2cor,4,Subdural intracranial hemorrhage,26,0.7922463120065252,0.04413907441836995,0.67856570391262,0.8726319547113903
T1ax+T2ax+FLAIRax+T2cor,4,Gliosis,3854,0.8064982751071588,0.0005083071624669238,0.7971956474210055,0.8146638659259843
T1ax+T2ax+FLAIRax+T2cor,4,Cerebral atrophy,2012,0.9509103233165112,0.0007256676470752734,0.9456428698949156,0.954685262631037
T1ax+T2ax+FLAIRax+T2cor,4,Encephalomalacia,248,0.8127477896171675,0.00342200617338095,0.7838316126229206,0.8462531227474375
T1ax+T2ax+FLAIRax+T2cor,4,Arachnoid cyst,572,0.7035375765844515,0.0026220456525273377,0.6806972524782007,0.7203918550558688
T1ax+T2ax+FLAIRax+T2cor,4,Empty sella syndrome,670,0.7790557517301925,0.0026370800474555486,0.7634498404343472,0.7968430528691928
T1ax+T2ax+FLAIRax+T2cor,4,Intracranial aneurysm,32,0.5864074279752288,0.018174118651723924,0.49899351599721453,0.6945086740529064
T1ax+T2ax+FLAIRax+T2cor,4,Chiari malformation,62,0.8506782464846981,0.005142987670945827,0.8116179731337665,0.8979208320282344
T1ax+T2ax+FLAIRax+T2cor,4,Cyst of pineal gland,244,0.69870200615787,0.009760779891541137,0.6579748896682994,0.7127378595277195
T1ax+T2ax+FLAIRax+T2cor,4,Rathke's pouch cyst,47,0.7268482590702997,0.017806096743366116,0.633114196584384,0.7732925667028208
T1ax+T2ax+FLAIRax+T2cor,4,Cerebral edema,187,0.8495226534562516,0.0029673424321558606,0.8058191393710001,0.8811183473829955
T1ax+T2ax+FLAIRax+T2cor,4,Spinal stenosis,26,0.7653202333486525,0.021858160880565882,0.7007675961381774,0.8517451350290397
T1ax+T2ax+FLAIRax+T2cor,4,Mastoiditis,281,0.7611191018412774,0.008032061393461312,0.7195221856167441,0.777549544605439
T1ax+T2ax+FLAIRax+T2cor,4,Chronic mastoiditis,360,0.7880522366043442,0.004169321233063761,0.7688251763184715,0.8110116419686109
T1ax+T2ax+FLAIRax+T2cor,4,Ventriculomegaly,1204,0.91947781376299,0.0020476554916100584,0.9119414713567721,0.9285699925730767
T1ax+T2ax+FLAIRax+T2cor,4,Cerebellar degeneration,318,0.8506126797112348,0.0036464676415519153,0.8267342527029433,0.8796175185326615
T1ax+T2ax+FLAIRax+T2cor,4,Mega cisterna magna,225,0.8110618783220737,0.009686349024391907,0.7755170307110326,0.8380627638092414
T1ax+T2ax+FLAIRax+T2cor,4,Structure of cave of septum pellucidum,238,0.7263730529175693,0.00355899100333237,0.691289339410566,0.7549196840985352
T1ax+T2ax+FLAIRax+T2cor,4,Hyperostosis of skull,55,0.9113624715227046,0.009011192904233597,0.8629944859118954,0.9327992561629367
T1ax+T2ax+FLAIRax+T2cor,4,Choroid plexus cyst,57,0.6087489734723968,0.016341905103377685,0.5129499874016447,0.6522877512389811
T1ax+T2ax+FLAIRax+T2cor,4,Lipoma of brain,34,0.6148879732859375,0.011540752057295623,0.532696461723687,0.6728667962758714
T1ax+T2ax+FLAIRax+T2cor,4,Glioma,35,0.8295225014139129,0.02733219961353532,0.7389099083311781,0.8831783179447745
T1ax+T2ax+FLAIRax+T2cor,4,Pituitary adenoma,57,0.7172324105826418,0.030173839885912157,0.6808983408722792,0.8065160795279905
