target_kind,seed,target,k,subset,n_pos,auroc
presence,0,ET,1,T2f,1314,0.7331852400345551
presence,0,SNFH,1,T2f,1322,0.9565444206792216
presence,0,NETC,1,T2f,1228,0.8780289187256692
presence,0,ET,1,T2w,1314,0.8385165987905714
presence,0,SNFH,1,T2w,1322,0.9519536752047576
presence,0,NETC,1,T2w,1228,0.8466605757262784
presence,0,ET,1,T1c,1314,0.7958369328232341
presence,0,SNFH,1,T1c,1322,0.9492148781887423
presence,0,NETC,1,T1c,1228,0.8245676756441831
presence,0,ET,1,T1n,1314,0.7673289728084248
presence,0,SNFH,1,T1n,1322,0.9353904742031405
presence,0,NETC,1,T1n,1228,0.8694089139588463
presence,0,ET,2,T2w+T2f,1314,0.8094532889053436
presence,0,SNFH,2,T2w+T2f,1322,0.9551098127184516
presence,0,NETC,2,T2w+T2f,1228,0.8795582744101058
presence,0,ET,2,T1c+T2f,1314,0.7627421942490435
presence,0,SNFH,2,T1c+T2f,1322,0.9573791016745787
presence,0,NETC,2,T1c+T2f,1228,0.8738976722014777
presence,0,ET,2,T1c+T2w,1314,0.8592907976469619
presence,0,SNFH,2,T1c+T2w,1322,0.9581616151077259
presence,0,NETC,2,T1c+T2w,1228,0.8502886576097031
presence,0,ET,2,T1n+T2f,1314,0.7040396560944505
presence,0,SNFH,2,T1n+T2f,1322,0.9577442746100474
presence,0,NETC,2,T1n+T2f,1228,0.8841529620507931
presence,0,ET,2,T1n+T2w,1314,0.8232753301246452
presence,0,SNFH,2,T1n+T2w,1322,0.9461369920183631
presence,0,NETC,2,T1n+T2w,1228,0.8763605307062842
presence,0,ET,2,T1n+T1c,1314,0.7995598338064092
presence,0,SNFH,2,T1n+T1c,1322,0.9532578642600031
presence,0,NETC,2,T1n+T1c,1228,0.8534599189640104
presence,0,ET,3,T1c+T2w+T2f,1314,0.8290345139660208
presence,0,SNFH,3,T1c+T2w+T2f,1322,0.9552402316239763
presence,0,NETC,3,T1c+T2w+T2f,1228,0.8746193162257355
presence,0,ET,3,T1n+T2w+T2f,1314,0.7808219178082193
presence,0,SNFH,3,T1n+T2w+T2f,1322,0.9595440555062862
presence,0,NETC,3,T1n+T2w+T2f,1228,0.8790815921188526
presence,0,ET,3,T1n+T1c+T2f,1314,0.758751902587519
presence,0,SNFH,3,T1n+T1c+T2f,1322,0.9568313422713757
presence,0,NETC,3,T1n+T1c+T2f,1228,0.8789160774343899
presence,0,ET,3,T1n+T1c+T2w,1314,0.8398741206960385
presence,0,SNFH,3,T1n+T1c+T2w,1322,0.962152433616777
presence,0,NETC,3,T1n+T1c+T2w,1228,0.8672770848229655
presence,0,ET,4,T1n+T1c+T2w+T2f,1314,0.8090213501172405
presence,0,SNFH,4,T1n+T1c+T2w+T2f,1322,0.9606917418749021
presence,0,NETC,4,T1n+T1c+T2w+T2f,1228,0.8777376128810148
presence,1,ET,1,T2f,1314,0.7853469908264429
presence,1,SNFH,1,T2f,1322,0.9507016537117221
presence,1,NETC,1,T2f,1228,0.8753608220121288
presence,1,ET,1,T2w,1314,0.822946233905138
presence,1,SNFH,1,T2w,1322,0.9418853356982628
presence,1,NETC,1,T2w,1228,0.8401657795079579
presence,1,ET,1,T1c,1314,0.7961660290427414
presence,1,SNFH,1,T1c,1322,0.9449893056497469
presence,1,NETC,1,T1c,1228,0.8490903312941923
presence,1,ET,1,T1n,1314,0.7579908675799087
presence,1,SNFH,1,T1n,1322,0.9261046481297929
presence,1,NETC,1,T1n,1228,0.8555321628134848
presence,1,ET,2,T2w+T2f,1314,0.8397507096137234
presence,1,SNFH,2,T2w+T2f,1322,0.9455892326151599
presence,1,NETC,2,T2w+T2f,1228,0.8730502370170281
presence,1,ET,2,T1c+T2f,1314,0.7836809412151877
presence,1,SNFH,2,T1c+T2f,1322,0.955005477594032
presence,1,NETC,2,T1c+T2f,1228,0.8849937766478642
presence,1,ET,2,T1c+T2w,1314,0.8527088732568184
presence,1,SNFH,2,T1c+T2w,1322,0.9591267150086077
presence,1,NETC,2,T1c+T2w,1228,0.8598554063716534
presence,1,ET,2,T1n+T2f,1314,0.7146118721461188
presence,1,SNFH,2,T1n+T2f,1322,0.9461630757994679
presence,1,NETC,2,T1n+T2f,1228,0.8766584571383174
presence,1,ET,2,T1n+T2w,1314,0.7961660290427414
presence,1,SNFH,2,T1n+T2w,1322,0.9389378684334081
presence,1,NETC,2,T1n+T2w,1228,0.8605439474590185
presence,1,ET,2,T1n+T1c,1314,0.7914558394010449
presence,1,SNFH,2,T1n+T1c,1322,0.954431634409724
presence,1,NETC,2,T1n+T1c,1228,0.8609014591774582
presence,1,ET,3,T1c+T2w+T2f,1314,0.830823974659591
presence,1,SNFH,3,T1c+T2w+T2f,1322,0.9519536752047576
presence,1,NETC,3,T1c+T2w+T2f,1228,0.8814782447498742
presence,1,ET,3,T1n+T2w+T2f,1314,0.7752889876177548
presence,1,SNFH,3,T1n+T2w+T2f,1322,0.9424330951014659
presence,1,NETC,3,T1n+T2w+T2f,1228,0.8684092052646911
presence,1,ET,3,T1n+T1c+T2f,1314,0.7535069315891234
presence,1,SNFH,3,T1n+T1c+T2f,1322,0.9556575721216547
presence,1,NETC,3,T1n+T1c+T2f,1228,0.88483488255078
presence,1,ET,3,T1n+T1c+T2w,1314,0.8272656217861698
presence,1,SNFH,3,T1n+T1c+T2w,1322,0.9592310501330273
presence,1,NETC,3,T1n+T1c+T2w,1228,0.8663237202404597
presence,1,ET,4,T1n+T1c+T2w+T2f,1314,0.7953844255214118
presence,1,SNFH,4,T1n+T1c+T2w+T2f,1322,0.9542229641608848
presence,1,NETC,4,T1n+T1c+T2w+T2f,1228,0.878075262837319
presence,2,ET,1,T2f,1314,0.7450327039368135
presence,2,SNFH,1,T2f,1322,0.9551098127184516
presence,2,NETC,1,T2f,1228,0.8803924684197982
presence,2,ET,1,T2w,1314,0.806594265498375
presence,2,SNFH,1,T2w,1322,0.9528405237623245
presence,2,NETC,1,T2w,1228,0.8487990254495379
presence,2,ET,1,T1c,1314,0.8078695133489654
presence,2,SNFH,1,T1c,1322,0.9448588867442225
presence,2,NETC,1,T1c,1228,0.8447737083234025
presence,2,ET,1,T1n,1314,0.7609527335554733
presence,2,SNFH,1,T1n,1322,0.9366164119150713
presence,2,NETC,1,T1n,1228,0.8414898969836604
presence,2,ET,2,T2w+T2f,1314,0.8307417006047142
presence,2,SNFH,2,T2w+T2f,1322,0.954744639782983
presence,2,NETC,2,T2w+T2f,1228,0.8826500887158709
presence,2,ET,2,T1c+T2f,1314,0.756900736352791
presence,2,SNFH,2,T1c+T2f,1322,0.9536230371954718
presence,2,NETC,2,T1c+T2f,1228,0.8813392124149254
presence,2,ET,2,T1c+T2w,1314,0.8372207824262619
presence,2,SNFH,2,T1c+T2w,1322,0.95414471281757
presence,2,NETC,2,T1c+T2w,1228,0.8650327057016498
presence,2,ET,2,T1n+T2f,1314,0.6986712740137397
presence,2,SNFH,2,T1n+T2f,1322,0.9610829985914757
presence,2,NETC,2,T1n+T2f,1228,0.8701437991578613
presence,2,ET,2,T1n+T2w,1314,0.8250853593319347
presence,2,SNFH,2,T1n+T2w,1322,0.9535708696332621
presence,2,NETC,2,T1n+T2w,1228,0.8582135007017823
presence,2,ET,2,T1n+T1c,1314,0.8123740178534699
presence,2,SNFH,2,T1n+T1c,1322,0.9467890865459857
presence,2,NETC,2,T1n+T1c,1228,0.8489910224835148
presence,2,ET,3,T1c+T2w+T2f,1314,0.8199843679295734
presence,2,SNFH,3,T1c+T2w+T2f,1322,0.9540925452553601
presence,2,NETC,3,T1c+T2w+T2f,1228,0.8873838086915071
presence,2,ET,3,T1n+T2w+T2f,1314,0.7935332592866838
presence,2,SNFH,3,T1n+T2w+T2f,1322,0.9582137826699358
presence,2,NETC,3,T1n+T2w+T2f,1228,0.8739175339636133
presence,2,ET,3,T1n+T1c+T2f,1314,0.7573326751408943
presence,2,SNFH,3,T1n+T1c+T2f,1322,0.9542751317230945
presence,2,NETC,3,T1n+T1c+T2f,1228,0.8731032017160563
presence,2,ET,3,T1n+T1c+T2w,1314,0.8422189312600271
presence,2,SNFH,3,T1n+T1c+T2w,1322,0.9573269341123689
presence,2,NETC,3,T1n+T1c+T2w,1228,0.8625102619104367
presence,2,ET,4,T1n+T1c+T2w+T2f,1314,0.8093504463367477
presence,2,SNFH,4,T1n+T1c+T2w+T2f,1322,0.9565444206792217
presence,2,NETC,4,T1n+T1c+T2w+T2f,1228,0.8771550011917056
burden,0,ET,1,T2f,677,0.8287369219238305
burden,0,SNFH,1,T2f,666,0.9081694833519651
burden,0,NETC,1,T2f,672,0.7822121116487832
burden,0,ET,1,T2w,677,0.841270397854034
burden,0,SNFH,1,T2w,666,0.8936520462067906
burden,0,NETC,1,T2w,672,0.8148603513570376
burden,0,ET,1,T1c,677,0.9104729803768589
burden,0,SNFH,1,T1c,666,0.8694504723701804
burden,0,NETC,1,T1c,672,0.8506820253874745
burden,0,ET,1,T1n,677,0.8124208302469
burden,0,SNFH,1,T1n,666,0.8361522106047653
burden,0,NETC,1,T1n,672,0.7940445508100147
burden,0,ET,2,T2w+T2f,677,0.8396092027578468
burden,0,SNFH,2,T2w+T2f,666,0.9129151048859079
burden,0,NETC,2,T2w+T2f,672,0.79887483343853
burden,0,ET,2,T1c+T2f,677,0.8861095161495338
burden,0,SNFH,2,T1c+T2f,666,0.892586747331273
burden,0,NETC,2,T1c+T2f,672,0.8220422189494355
burden,0,ET,2,T1c+T2w,677,0.899556868537666
burden,0,SNFH,2,T1c+T2w,666,0.8846255014138227
burden,0,NETC,2,T1c+T2w,672,0.8355665719896207
burden,0,ET,2,T1n+T2f,677,0.832747458897475
burden,0,SNFH,2,T1n+T2f,666,0.8828083558010567
burden,0,NETC,2,T1n+T2f,672,0.7814450522477032
burden,0,ET,2,T1n+T2w,677,0.8343429074858973
burden,0,SNFH,2,T1n+T2w,666,0.8739089454417922
burden,0,NETC,2,T1n+T2w,672,0.8096027070622063
burden,0,ET,2,T1n+T1c,677,0.885861870970287
burden,0,SNFH,2,T1n+T1c,666,0.8698537954012407
burden,0,NETC,2,T1n+T1c,672,0.8348367697594501
burden,0,ET,3,T1c+T2w+T2f,677,0.8837886644254414
burden,0,SNFH,3,T1c+T2w+T2f,666,0.8990574516121962
burden,0,NETC,3,T1c+T2w+T2f,672,0.821860316291465
burden,0,ET,3,T1n+T2w+T2f,677,0.8424845166974214
burden,0,SNFH,3,T1n+T2w+T2f,666,0.8944806119988602
burden,0,NETC,3,T1n+T2w+T2f,672,0.796650361175398
burden,0,ET,3,T1n+T1c+T2f,677,0.8727761243748603
burden,0,SNFH,3,T1n+T1c+T2f,666,0.8820565090638084
burden,0,NETC,3,T1n+T1c+T2f,672,0.8205760396942283
burden,0,ET,3,T1n+T1c+T2w,677,0.8837974306264764
burden,0,SNFH,3,T1n+T1c+T2w,666,0.8791236491966419
burden,0,NETC,3,T1n+T1c+T2w,672,0.8290816326530612
burden,0,ET,4,T1n+T1c+T2w+T2f,677,0.8749917816865294
burden,0,SNFH,4,T1n+T1c+T2w+T2f,666,0.8905262927160738
burden,0,NETC,4,T1n+T1c+T2w+T2f,672,0.820074163686093
burden,1,ET,1,T2f,677,0.8223770430727286
burden,1,SNFH,1,T2f,666,0.9053001907016506
burden,1,NETC,1,T2f,672,0.7704256960516165
burden,1,ET,1,T2w,677,0.8395807126044821
burden,1,SNFH,1,T2w,666,0.884434799763267
burden,1,NETC,1,T2w,672,0.799893926642822
burden,1,ET,1,T1c,677,0.9135104690355864
burden,1,SNFH,1,T1c,666,0.8541702286227835
burden,1,NETC,1,T1c,672,0.8430508801458727
burden,1,ET,1,T1n,677,0.8060236950413984
burden,1,SNFH,1,T1n,666,0.8303281383573355
burden,1,NETC,1,T1n,672,0.7848376463987656
burden,1,ET,2,T2w+T2f,677,0.8413777838167162
burden,1,SNFH,2,T2w+T2f,666,0.9025843361609784
burden,1,NETC,2,T2w+T2f,672,0.7917630969913738
burden,1,ET,2,T1c+T2f,677,0.8837623658223355
burden,1,SNFH,2,T1c+T2f,666,0.8803862256417
burden,1,NETC,2,T1c+T2f,672,0.8141853390840874
burden,1,ET,2,T1c+T2w,677,0.9019105935156411
burden,1,SNFH,2,T1c+T2w,666,0.872238662019684
burden,1,NETC,2,T1c+T2w,672,0.8241308121186619
burden,1,ET,2,T1n+T2f,677,0.8269530000131494
burden,1,SNFH,2,T1n+T2f,666,0.8781175335919862
burden,1,NETC,2,T1n+T2f,672,0.7806166280945368
burden,1,ET,2,T1n+T2w,677,0.8345357639086737
burden,1,SNFH,2,T1n+T2w,666,0.8649919992985686
burden,1,NETC,2,T1n+T2w,672,0.7988660670453749
burden,1,ET,2,T1n+T1c,677,0.8868436854862394
burden,1,SNFH,2,T1n+T1c,666,0.8521886850354002
burden,1,NETC,2,T1n+T1c,672,0.8276132617995651
burden,1,ET,3,T1c+T2w+T2f,677,0.8836944277643118
burden,1,SNFH,3,T1c+T2w+T2f,666,0.8842243703557573
burden,1,NETC,3,T1c+T2w+T2f,672,0.8146850234939336
burden,1,ET,3,T1n+T2w+T2f,677,0.841198076695493
burden,1,SNFH,3,T1n+T2w+T2f,666,0.8855351702067031
burden,1,NETC,3,T1n+T2w+T2f,672,0.7930144996142786
burden,1,ET,3,T1n+T1c+T2f,677,0.8714020223625788
burden,1,SNFH,3,T1n+T1c+T2f,666,0.8701409438635717
burden,1,NETC,3,T1n+T1c+T2f,672,0.8156120695700961
burden,1,ET,3,T1n+T1c+T2w,677,0.8840341180544293
burden,1,SNFH,3,T1n+T1c+T2w,666,0.8673571381600578
burden,1,NETC,3,T1n+T1c+T2w,672,0.8215008941721017
burden,1,ET,4,T1n+T1c+T2w+T2f,677,0.8737360233882243
burden,1,SNFH,4,T1n+T1c+T2w+T2f,666,0.8781635650248788
burden,1,NETC,4,T1n+T1c+T2w+T2f,672,0.8157654814503121
burden,2,ET,1,T2f,677,0.8169617223831793
burden,2,SNFH,1,T2f,666,0.9021481335349949
burden,2,NETC,1,T2f,672,0.7847828564415458
burden,2,ET,1,T2w,677,0.830847384823076
burden,2,SNFH,1,T2w,666,0.8830823524254182
burden,2,NETC,1,T2w,672,0.8098919980363279
burden,2,ET,1,T1c,677,0.912949432169328
burden,2,SNFH,1,T1c,666,0.8579754937419172
burden,2,NETC,1,T1c,672,0.8418827582579423
burden,2,ET,1,T1n,677,0.8122739963795589
burden,2,SNFH,1,T1n,666,0.8371517502904364
burden,2,NETC,1,T1n,672,0.7770530892769479
burden,2,ET,2,T2w+T2f,677,0.8356468798898964
burden,2,SNFH,2,T2w+T2f,666,0.9058722956533176
burden,2,NETC,2,T2w+T2f,672,0.806985938705379
burden,2,ET,2,T1c+T2f,677,0.8869423052478862
burden,2,SNFH,2,T1c+T2f,666,0.8893820828127398
burden,2,NETC,2,T1c+T2f,672,0.8197059751735747
burden,2,ET,2,T1c+T2w,677,0.8978365015844909
burden,2,SNFH,2,T1c+T2w,666,0.8693562175314001
burden,2,NETC,2,T1c+T2w,672,0.8353649449470509
burden,2,ET,2,T1n+T2f,677,0.8296946293869357
burden,2,SNFH,2,T1n+T2f,666,0.8815655071129525
burden,2,NETC,2,T1n+T2f,672,0.7824246966827968
burden,2,ET,2,T1n+T2w,677,0.8363657083747902
burden,2,SNFH,2,T1n+T2w,666,0.8683435260077595
burden,2,NETC,2,T1n+T2w,672,0.8031353005119574
burden,2,ET,2,T1n+T1c,677,0.8893398612310377
burden,2,SNFH,2,T1n+T1c,666,0.8587076127222112
burden,2,NETC,2,T1n+T1c,672,0.8182682866961217
burden,2,ET,3,T1c+T2w+T2f,677,0.8833087149187592
burden,2,SNFH,3,T1c+T2w+T2f,666,0.8943184059972382
burden,2,NETC,3,T1c+T2w+T2f,672,0.8269404411249035
burden,2,ET,3,T1n+T2w+T2f,677,0.8429557000030682
burden,2,SNFH,3,T1n+T2w+T2f,666,0.8921088972183863
burden,2,NETC,3,T1n+T2w+T2f,672,0.8004199102321341
burden,2,ET,3,T1n+T1c+T2f,677,0.8767691289464341
burden,2,SNFH,3,T1n+T1c+T2f,666,0.878288507485588
burden,2,NETC,3,T1n+T1c+T2f,672,0.8144264148958552
burden,2,ET,3,T1n+T1c+T2w,677,0.8847660958408758
burden,2,SNFH,3,T1n+T1c+T2w,666,0.8709037504657943
burden,2,NETC,3,T1n+T1c+T2w,672,0.8213409074970194
burden,2,ET,4,T1n+T1c+T2w+T2f,677,0.8780928253027627
burden,2,SNFH,4,T1n+T1c+T2w+T2f,666,0.886902961355516
burden,2,NETC,4,T1n+T1c+T2w+T2f,672,0.8209639525913458
burden_perfold,0,ET,1,T2f,682,0.8280073993223132
burden_perfold,0,SNFH,1,T2f,681,0.9052162097003967
burden_perfold,0,NETC,1,T2f,674,0.7824163156533669
burden_perfold,0,ET,1,T2w,682,0.8414340132118232
burden_perfold,0,SNFH,1,T2w,681,0.8945668135095447
burden_perfold,0,NETC,1,T2w,674,0.8153071019377688
burden_perfold,0,ET,1,T1c,682,0.9120914044246895
burden_perfold,0,SNFH,1,T1c,681,0.8691958708659345
burden_perfold,0,NETC,1,T1c,674,0.8471021130927596
burden_perfold,0,ET,1,T1n,682,0.8138180590806079
burden_perfold,0,SNFH,1,T1n,681,0.8365047011637845
burden_perfold,0,NETC,1,T1n,674,0.7934967937619714
burden_perfold,0,ET,2,T2w+T2f,682,0.8386855682530497
burden_perfold,0,SNFH,2,T2w+T2f,681,0.9096324544677494
burden_perfold,0,NETC,2,T2w+T2f,674,0.800264300961214
burden_perfold,0,ET,2,T1c+T2f,682,0.8853872151282826
burden_perfold,0,SNFH,2,T1c+T2f,681,0.8925088215311111
burden_perfold,0,NETC,2,T1c+T2f,674,0.8193505121652955
burden_perfold,0,ET,2,T1c+T2w,682,0.9004422936145777
burden_perfold,0,SNFH,2,T1c+T2w,681,0.8846472483397989
burden_perfold,0,NETC,2,T1c+T2w,674,0.8322609347400164
burden_perfold,0,ET,2,T1n+T2f,682,0.831864865931118
burden_perfold,0,SNFH,2,T1n+T2f,681,0.878525872838451
burden_perfold,0,NETC,2,T1n+T2f,674,0.7804176218173211
burden_perfold,0,ET,2,T1n+T2w,682,0.8341618119572699
burden_perfold,0,SNFH,2,T1n+T2w,681,0.8768777259079054
burden_perfold,0,NETC,2,T1n+T2w,674,0.8079456846183852
burden_perfold,0,ET,2,T1n+T1c,682,0.886807464197888
burden_perfold,0,SNFH,2,T1n+T1c,681,0.8709601770881276
burden_perfold,0,NETC,2,T1n+T1c,674,0.8310270919442996
burden_perfold,0,ET,3,T1c+T2w+T2f,682,0.8832414993271351
burden_perfold,0,SNFH,3,T1c+T2w+T2f,681,0.8973042277598791
burden_perfold,0,NETC,3,T1c+T2w+T2f,674,0.8198545687248247
burden_perfold,0,ET,3,T1n+T2w+T2f,682,0.8410986766259441
burden_perfold,0,SNFH,3,T1n+T2w+T2f,681,0.892813465711092
burden_perfold,0,NETC,3,T1n+T2w+T2f,674,0.7963874485533576
burden_perfold,0,ET,3,T1n+T1c+T2f,682,0.8718992324518146
burden_perfold,0,SNFH,3,T1n+T1c+T2f,681,0.8807000241085322
burden_perfold,0,NETC,3,T1n+T1c+T2f,674,0.8175906973074614
burden_perfold,0,ET,3,T1n+T1c+T2w,682,0.8838661459086744
burden_perfold,0,SNFH,3,T1n+T1c+T2w,681,0.8800293685756241
burden_perfold,0,NETC,3,T1n+T1c+T2w,674,0.825712582566656
burden_perfold,0,ET,4,T1n+T1c+T2w+T2f,682,0.8736044080322974
burden_perfold,0,SNFH,4,T1n+T1c+T2w+T2f,681,0.8897516821180441
burden_perfold,0,NETC,4,T1n+T1c+T2w+T2f,674,0.817448246540638
burden_perfold,1,ET,1,T2f,677,0.82404919592021
burden_perfold,1,SNFH,1,T2f,683,0.8974408430576623
burden_perfold,1,NETC,1,T2f,681,0.7761500865715475
burden_perfold,1,ET,1,T2w,677,0.842120719354457
burden_perfold,1,SNFH,1,T2w,683,0.8841014895538353
burden_perfold,1,NETC,1,T2w,681,0.8052753851885945
burden_perfold,1,ET,1,T1c,677,0.9140101424945977
burden_perfold,1,SNFH,1,T1c,683,0.846564557561305
burden_perfold,1,NETC,1,T1c,681,0.8474390163718851
burden_perfold,1,ET,1,T1n,677,0.8105010322201719
burden_perfold,1,SNFH,1,T1n,683,0.8222573885903157
burden_perfold,1,NETC,1,T1n,681,0.7865057970061585
burden_perfold,1,ET,2,T2w+T2f,677,0.8426269674642448
burden_perfold,1,SNFH,2,T2w+T2f,683,0.8975153645856164
burden_perfold,1,NETC,2,T2w+T2f,681,0.7974181953667784
burden_perfold,1,ET,2,T1c+T2f,677,0.8826139934867125
burden_perfold,1,SNFH,2,T1c+T2f,683,0.8733638140994732
burden_perfold,1,NETC,2,T1c+T2f,681,0.8202336335941439
burden_perfold,1,ET,2,T1c+T2w,677,0.901728694844159
burden_perfold,1,SNFH,2,T1c+T2w,683,0.8676716844495489
burden_perfold,1,NETC,2,T1c+T2w,681,0.8302342910995681
burden_perfold,1,ET,2,T1n+T2f,677,0.8288223923839245
burden_perfold,1,SNFH,2,T1n+T2f,683,0.8685703264042924
burden_perfold,1,NETC,2,T1n+T2f,681,0.7836916737896422
burden_perfold,1,ET,2,T1n+T2w,677,0.8372160298752132
burden_perfold,1,SNFH,2,T1n+T2w,683,0.8571751080562156
burden_perfold,1,NETC,2,T1n+T2w,681,0.8056194796940408
burden_perfold,1,ET,2,T1n+T1c,677,0.8880468465783324
burden_perfold,1,SNFH,2,T1n+T1c,683,0.8438423299813259
burden_perfold,1,NETC,2,T1n+T1c,681,0.8335426392267736
burden_perfold,1,ET,3,T1c+T2w+T2f,677,0.8835870418016296
burden_perfold,1,SNFH,3,T1c+T2w+T2f,683,0.8784356616196597
burden_perfold,1,NETC,3,T1c+T2w+T2f,681,0.8210226401034475
burden_perfold,1,ET,3,T1n+T2w+T2f,677,0.8418029445669277
burden_perfold,1,SNFH,3,T1n+T2w+T2f,683,0.8772257826952244
burden_perfold,1,NETC,3,T1n+T2w+T2f,681,0.7976461305805773
burden_perfold,1,ET,3,T1n+T1c+T2f,677,0.8708475601470969
burden_perfold,1,SNFH,3,T1n+T1c+T2f,683,0.8607740594944809
burden_perfold,1,NETC,3,T1n+T1c+T2f,681,0.8210094899949592
burden_perfold,1,ET,3,T1n+T1c+T2w,677,0.8847178817351817
burden_perfold,1,SNFH,3,T1n+T1c+T2w,683,0.8585537563233707
burden_perfold,1,NETC,3,T1n+T1c+T2w,681,0.8289850307931708
burden_perfold,1,ET,4,T1n+T1c+T2w+T2f,677,0.8733897584473306
burden_perfold,1,SNFH,4,T1n+T1c+T2w+T2f,683,0.868195526954875
burden_perfold,1,NETC,4,T1n+T1c+T2w+T2f,681,0.8223047756810661
burden_perfold,2,ET,1,T2f,674,0.816510263029862
burden_perfold,2,SNFH,1,T2f,676,0.8989086127547665
burden_perfold,2,NETC,1,T2f,675,0.7880363795748411
burden_perfold,2,ET,1,T2w,674,0.8353817023085789
burden_perfold,2,SNFH,1,T2w,676,0.8833179925487616
burden_perfold,2,NETC,1,T2w,675,0.8092066622835854
burden_perfold,2,ET,1,T1c,674,0.915449991014644
burden_perfold,2,SNFH,1,T1c,676,0.8586763094455403
burden_perfold,2,NETC,1,T1c,675,0.8414529914529914
burden_perfold,2,ET,1,T1n,674,0.8147570228228045
burden_perfold,2,SNFH,1,T1n,676,0.8333355248739864
burden_perfold,2,NETC,1,T1n,675,0.775150120534736
burden_perfold,2,ET,2,T2w+T2f,674,0.8351318655790733
burden_perfold,2,SNFH,2,T2w+T2f,676,0.9038571115494193
burden_perfold,2,NETC,2,T2w+T2f,675,0.8086215209292134
burden_perfold,2,ET,2,T1c+T2f,674,0.8889147004808261
burden_perfold,2,SNFH,2,T1c+T2f,676,0.8870721016874862
burden_perfold,2,NETC,2,T1c+T2f,675,0.8201621740083278
burden_perfold,2,ET,2,T1c+T2w,674,0.8998461531718307
burden_perfold,2,SNFH,2,T1c+T2w,676,0.8682774490466799
burden_perfold,2,NETC,2,T1c+T2w,675,0.8343151435459127
burden_perfold,2,ET,2,T1n+T2f,674,0.8295499870698535
burden_perfold,2,SNFH,2,T1n+T2f,676,0.8780648696033311
burden_perfold,2,NETC,2,T1n+T2f,675,0.7835481043173351
burden_perfold,2,ET,2,T1n+T2w,674,0.837367246843072
burden_perfold,2,SNFH,2,T1n+T2w,676,0.8681854043392505
burden_perfold,2,NETC,2,T1n+T2w,675,0.8033574402805173
burden_perfold,2,ET,2,T1n+T1c,674,0.8918557609281653
burden_perfold,2,SNFH,2,T1n+T1c,676,0.857753670830594
burden_perfold,2,NETC,2,T1n+T1c,675,0.8173701512163051
burden_perfold,2,ET,3,T1c+T2w+T2f,674,0.884715690184923
burden_perfold,2,SNFH,3,T1c+T2w+T2f,676,0.8914924391847469
burden_perfold,2,NETC,3,T1c+T2w+T2f,675,0.8272101687486302
burden_perfold,2,ET,3,T1n+T2w+T2f,674,0.8415596824881986
burden_perfold,2,SNFH,3,T1n+T2w+T2f,676,0.8904142011834318
burden_perfold,2,NETC,3,T1n+T2w+T2f,675,0.8017137847907079
burden_perfold,2,ET,3,T1n+T1c+T2f,674,0.8773170165111397
burden_perfold,2,SNFH,3,T1n+T1c+T2f,676,0.8759105851413543
burden_perfold,2,NETC,3,T1n+T1c+T2f,675,0.8150317773394695
burden_perfold,2,ET,3,T1n+T1c+T2w,674,0.8869357305971097
burden_perfold,2,SNFH,3,T1n+T1c+T2w,676,0.8692154284461976
burden_perfold,2,NETC,3,T1n+T1c+T2w,675,0.8205632259478413
burden_perfold,2,ET,4,T1n+T1c+T2w+T2f,674,0.8787327579783388
burden_perfold,2,SNFH,4,T1n+T1c+T2w+T2f,676,0.8845101906640369
burden_perfold,2,NETC,4,T1n+T1c+T2w+T2f,675,0.8213214990138067
