a,b,axis,condition,n_seeds,delta,ci_lo,ci_hi,p_sign,n_reps
queryseq,uniform,avail,SWIax,3,-0.0013933827544183658,-0.002364004839540064,-0.00041045660930746816,0.004,2000
queryseq,uniform,avail,FLAIRsag,3,-1.6461409585752634e-05,-0.0011556873588978885,0.001168951375844207,0.5165,2000
queryseq,uniform,avail,FLAIRax,3,0.0020701263506003845,0.001016578347986834,0.003187494022280484,1.0,2000
queryseq,uniform,avail,T2ax,3,2.9152747352853856e-05,-0.0007833901636184873,0.000847230879205245,0.5215,2000
queryseq,uniform,avail,T1ax,3,-0.0009062082529272573,-0.0018942901887083056,0.0001654189484199975,0.0495,2000
queryseq,uniform,avail,FLAIRsag+SWIax,3,-0.0005686443863698784,-0.0019552571144894155,0.0008554327070602954,0.227,2000
queryseq,uniform,avail,FLAIRax+SWIax,3,0.0027452348780504666,0.00128380311167969,0.004264196609828503,1.0,2000
queryseq,uniform,avail,FLAIRax+FLAIRsag,3,0.001506936563452959,0.00030363332636976556,0.0028052990020068663,0.995,2000
queryseq,uniform,avail,T2ax+SWIax,3,3.442058886650599e-05,-0.0012122225575572534,0.0013253289003034366,0.5255,2000
queryseq,uniform,avail,T2ax+FLAIRsag,3,-0.0005643706014946559,-0.0017075897611469229,0.0005945318224317098,0.188,2000
queryseq,uniform,avail,T2ax+FLAIRax,3,0.0013340222097813954,0.0003609788852863155,0.0023495166146590236,0.996,2000
queryseq,uniform,avail,T1ax+SWIax,3,-0.0004335992310641437,-0.0016506461083423021,0.0008377559111088563,0.266,2000
queryseq,uniform,avail,T1ax+FLAIRsag,3,-4.524262109206756e-05,-0.0012157559433329792,0.0011656211842523173,0.4835,2000
queryseq,uniform,avail,T1ax+FLAIRax,3,0.0019188541373962125,0.000827552894040962,0.0030332931692229085,1.0,2000
queryseq,uniform,avail,T1ax+T2ax,3,-0.00017409768863896953,-0.0011113492198019084,0.0007862856116860539,0.3545,2000
queryseq,uniform,avail,FLAIRax+FLAIRsag+SWIax,3,0.0013573312054600984,6.465234245396294e-05,0.002736702798714083,0.9785,2000
queryseq,uniform,avail,T2ax+FLAIRsag+SWIax,3,1.7523913707073644e-06,-0.0012104830962457321,0.0012997110114383304,0.511,2000
queryseq,uniform,avail,T2ax+FLAIRax+SWIax,3,0.001372761511100113,0.00020489840992341703,0.0026168873234516414,0.9905,2000
queryseq,uniform,avail,T2ax+FLAIRax+FLAIRsag,3,0.0007666463106842473,-0.00031034892625540945,0.0019664508735058265,0.906,2000
queryseq,uniform,avail,T1ax+FLAIRsag+SWIax,3,3.2015916071918386e-05,-0.0011477222323021386,0.001313778930040806,0.5465,2000
queryseq,uniform,avail,T1ax+FLAIRax+SWIax,3,0.00185258797448632,0.0006279822514773996,0.003136437104262667,0.9985,2000
queryseq,uniform,avail,T1ax+FLAIRax+FLAIRsag,3,0.001012002011163079,-0.00010125644024050695,0.002135973957153723,0.9605,2000
queryseq,uniform,avail,T1ax+T2ax+SWIax,3,-0.00010693069155322099,-0.0012957995817395242,0.0010950102377013896,0.4375,2000
queryseq,uniform,avail,T1ax+T2ax+FLAIRsag,3,-7.952630866080324e-05,-0.0011050891168110034,0.0009452638137494178,0.4375,2000
queryseq,uniform,avail,T1ax+T2ax+FLAIRax,3,0.001493692272380757,0.0004838012511432139,0.0024838757927935677,0.9985,2000
queryseq,uniform,avail,T2ax+FLAIRax+FLAIRsag+SWIax,3,0.0011410223913993335,4.536443933018722e-06,0.0024478194699903166,0.9755,2000
queryseq,uniform,avail,T1ax+FLAIRax+FLAIRsag+SWIax,3,0.0011132396160777015,6.826152438873295e-06,0.002330368145753734,0.976,2000
queryseq,uniform,avail,T1ax+T2ax+FLAIRsag+SWIax,3,-2.3282157656271747e-05,-0.0011531634361455676,0.001161412508259615,0.5005,2000
queryseq,uniform,avail,T1ax+T2ax+FLAIRax+SWIax,3,0.001308683864864904,0.00020494731250493404,0.0024404289841534602,0.993,2000
queryseq,uniform,avail,T1ax+T2ax+FLAIRax+FLAIRsag,3,0.0008636553342242009,-0.00016335259357187236,0.0018924621296312492,0.952,2000
queryseq,uniform,avail,T1ax+T2ax+FLAIRax+FLAIRsag+SWIax,3,0.0008683733593986306,-0.00012456068894209002,0.0019471207482610997,0.9555,2000
queryseq,uniform,budget,1,3,0.0001510299202526643,-0.010207447754400469,0.00896135744150687,0.537,2000
queryseq,uniform,budget,2,3,0.007149416743873708,-0.005006944138954329,0.018231216450713586,0.8855,2000
queryseq,uniform,budget,3,3,0.002531652159281053,-0.006299113154853244,0.011161923138087212,0.73,2000
queryseq,uniform,budget,4,3,0.0021334085029924474,-0.0031955243682013743,0.007581758919991753,0.7805,2000
queryseq,uniform,budget,5,3,0.0002555775018345067,-0.0006915513948384591,0.0012863079763743368,0.7055,2000
queryseq,patient,avail,SWIax,3,0.0001411679578842541,-0.0007270388069851266,0.0010808494635898766,0.6275,2000
queryseq,patient,avail,FLAIRsag,3,0.0005361538022464721,-0.000458073981406057,0.0015724301728850644,0.8655,2000
queryseq,patient,avail,FLAIRax,3,0.0012544932194483345,0.0002989599325634462,0.0021889857334651823,0.9965,2000
queryseq,patient,avail,T2ax,3,0.000533193251083083,-0.00040965900384820847,0.0014392744053899904,0.8855,2000
queryseq,patient,avail,T1ax,3,0.0004002330729007871,-0.0003982662861015554,0.0012633183514843898,0.836,2000
queryseq,patient,avail,FLAIRsag+SWIax,3,0.0002734930755810149,-0.0007517207652611741,0.0013994811430838982,0.7175,2000
queryseq,patient,avail,FLAIRax+SWIax,3,0.000862670995393845,-0.00015088186592454784,0.0021031843285059843,0.9455,2000
queryseq,patient,avail,FLAIRax+FLAIRsag,3,0.0011433312632731444,-1.1891079500252376e-05,0.0023245728722492993,0.9735,2000
queryseq,patient,avail,T2ax+SWIax,3,0.000464027160165692,-0.0007610819114869774,0.0017157802712764972,0.774,2000
queryseq,patient,avail,T2ax+FLAIRsag,3,0.0006040666160420124,-0.0004306347457104766,0.0016753247646821609,0.8805,2000
queryseq,patient,avail,T2ax+FLAIRax,3,0.0011872480771354511,0.00024765738194859827,0.0021497029199099007,0.9945,2000
queryseq,patient,avail,T1ax+SWIax,3,0.0007741849447385887,-0.00039625307703067167,0.0021505342522016306,0.89,2000
queryseq,patient,avail,T1ax+FLAIRsag,3,0.0007118308678181628,-0.00017255352688209762,0.0016831102951710719,0.9405,2000
queryseq,patient,avail,T1ax+FLAIRax,3,0.0010741643913042029,0.00013649599638834232,0.002123302075307727,0.9875,2000
queryseq,patient,avail,T1ax+T2ax,3,0.00042422876117172934,-0.0005521012959753016,0.001396679829575394,0.8105,2000
queryseq,patient,avail,FLAIRax+FLAIRsag+SWIax,3,0.0006456369996956213,-0.00043022174575894977,0.0017906568219474431,0.874,2000
queryseq,patient,avail,T2ax+FLAIRsag+SWIax,3,0.00041381242442352513,-0.0007311238421049581,0.0015695139966259853,0.757,2000
queryseq,patient,avail,T2ax+FLAIRax+SWIax,3,0.000967353835603316,-9.721445659773379e-05,0.0021016709675877464,0.961,2000
queryseq,patient,avail,T2ax+FLAIRax+FLAIRsag,3,0.0009958664668789086,-1.7295145365377097e-05,0.002051221949459177,0.974,2000
queryseq,patient,avail,T1ax+FLAIRsag+SWIax,3,0.0007080884889744708,-0.0003191007531244182,0.0018388001997692324,0.9135,2000
queryseq,patient,avail,T1ax+FLAIRax+SWIax,3,0.0007566721738600945,-0.00025858513278642804,0.001968842883297855,0.9195,2000
queryseq,patient,avail,T1ax+FLAIRax+FLAIRsag,3,0.0008922541563426177,-3.712053842753433e-05,0.0018862663350237398,0.966,2000
queryseq,patient,avail,T1ax+T2ax+SWIax,3,0.0006960677775455781,-0.00043087328771770553,0.0019033972316763834,0.8905,2000
queryseq,patient,avail,T1ax+T2ax+FLAIRsag,3,0.0006894833873374769,-0.0002856500793483792,0.0016432576127227675,0.918,2000
queryseq,patient,avail,T1ax+T2ax+FLAIRax,3,0.0012022111621193298,0.00013636111410364864,0.002210526265273784,0.9885,2000
queryseq,patient,avail,T2ax+FLAIRax+FLAIRsag+SWIax,3,0.0008540393951103157,-0.00023605595517738677,0.002001161900127058,0.9415,2000
queryseq,patient,avail,T1ax+FLAIRax+FLAIRsag+SWIax,3,0.0009572519372169877,-5.7623435918678637e-05,0.002113574831557499,0.9665,2000
queryseq,patient,avail,T1ax+T2ax+FLAIRsag+SWIax,3,0.0004925494817485264,-0.0006283141192771023,0.0016075356962182712,0.814,2000
queryseq,patient,avail,T1ax+T2ax+FLAIRax+SWIax,3,0.0007964300446498973,-0.0002917186608736108,0.001882923496729806,0.931,2000
queryseq,patient,avail,T1ax+T2ax+FLAIRax+FLAIRsag,3,0.001036299913353408,3.314205755293053e-05,0.0020795853289924345,0.9765,2000
queryseq,patient,avail,T1ax+T2ax+FLAIRax+FLAIRsag+SWIax,3,0.0006987724374384113,-0.000311286838452097,0.0017602309527269433,0.916,2000
queryseq,patient,budget,1,3,0.0006888736908305846,-0.009103265549522536,0.009251807630456289,0.5725,2000
queryseq,patient,budget,2,3,0.004053163903534592,0.0004256487483143665,0.0075278529394816815,0.9825,2000
queryseq,patient,budget,3,3,-5.202915086386132e-05,-0.0048291868683416105,0.004298037327182655,0.5205,2000
queryseq,patient,budget,4,3,0.0021585705947292245,-0.0007577996771433447,0.005254731676858294,0.93,2000
queryseq,patient,budget,5,3,0.0005285607291262952,-0.0003202919670741816,0.001442804985636892,0.889,2000
queryseq,finding,avail,SWIax,3,-0.0006452996512192641,-0.0016097347740334585,0.0003247168953761358,0.093,2000
queryseq,finding,avail,FLAIRsag,3,-0.0001867166400301496,-0.001282961057758571,0.0009256877572190491,0.3835,2000
queryseq,finding,avail,FLAIRax,3,0.001960529914154932,0.0010318903233177946,0.002924123475094792,1.0,2000
queryseq,finding,avail,T2ax,3,0.00019269916695740144,-0.000626009078844913,0.0009834813234472274,0.6865,2000
queryseq,finding,avail,T1ax,3,-0.00048103182253841453,-0.0013655527756342841,0.0004490543081057968,0.168,2000
queryseq,finding,avail,FLAIRsag+SWIax,3,-0.0009434815527543444,-0.002173030386065804,0.00031446618002544145,0.073,2000
queryseq,finding,avail,FLAIRax+SWIax,3,0.0017711933680663627,0.0005785614146596266,0.0029895260304321192,0.999,2000
queryseq,finding,avail,FLAIRax+FLAIRsag,3,0.001264713192125119,0.00012751491136308812,0.0024672032472863167,0.9875,2000
queryseq,finding,avail,T2ax+SWIax,3,-0.0004972957417259456,-0.0015595768783627012,0.0005772024339240182,0.182,2000
queryseq,finding,avail,T2ax+FLAIRsag,3,-0.00035634314940619386,-0.0014003607642461937,0.0007405582262583118,0.27,2000
queryseq,finding,avail,T2ax+FLAIRax,3,0.0012300968292373747,0.00030849579517750587,0.0021942757604592137,0.994,2000
queryseq,finding,avail,T1ax+SWIax,3,-0.0005606704387412077,-0.0016165670664318797,0.0005327208329654602,0.1615,2000
queryseq,finding,avail,T1ax+FLAIRsag,3,0.00025445110809554304,-0.0008331425981095777,0.0013662865835075365,0.6905,2000
queryseq,finding,avail,T1ax+FLAIRax,3,0.0018014521395697937,0.000835265540449752,0.002710859395727914,1.0,2000
queryseq,finding,avail,T1ax+T2ax,3,0.00015170957562666963,-0.0007103147740792958,0.0010609754913044394,0.6495,2000
queryseq,finding,avail,FLAIRax+FLAIRsag+SWIax,3,0.0008238293890153983,-0.0003333851826380159,0.0019791356948712937,0.9235,2000
queryseq,finding,avail,T2ax+FLAIRsag+SWIax,3,-0.0003647421613970636,-0.0014601946590288481,0.0007705051600155672,0.281,2000
queryseq,finding,avail,T2ax+FLAIRax+SWIax,3,0.0009346279327622035,-0.00010298813648287352,0.002007258244082306,0.9635,2000
queryseq,finding,avail,T2ax+FLAIRax+FLAIRsag,3,0.0007792717609290093,-0.00017352398155065385,0.0018289591997098188,0.938,2000
queryseq,finding,avail,T1ax+FLAIRsag+SWIax,3,-0.00012393021824209772,-0.0012014983941626253,0.0010450415583909364,0.4345,2000
queryseq,finding,avail,T1ax+FLAIRax+SWIax,3,0.0012443201976498526,0.000175121611009917,0.0023351316947370325,0.9905,2000
queryseq,finding,avail,T1ax+FLAIRax+FLAIRsag,3,0.0010152129155586102,1.3300453860501319e-05,0.0019934760606543896,0.9755,2000
queryseq,finding,avail,T1ax+T2ax+SWIax,3,-0.00029900998324556655,-0.0013299571880868522,0.000737651728686024,0.2945,2000
queryseq,finding,avail,T1ax+T2ax+FLAIRsag,3,0.00022352658831335963,-0.0007250857272407305,0.0011666242737066572,0.674,2000
queryseq,finding,avail,T1ax+T2ax+FLAIRax,3,0.0013735653803537602,0.0004622703369079919,0.0023049193236377215,0.999,2000
queryseq,finding,avail,T2ax+FLAIRax+FLAIRsag+SWIax,3,0.0006702362686055513,-0.00036690292063889005,0.001761596492064136,0.905,2000
queryseq,finding,avail,T1ax+FLAIRax+FLAIRsag+SWIax,3,0.0009153292934234108,-9.29451086131567e-05,0.0019921586923389773,0.964,2000
queryseq,finding,avail,T1ax+T2ax+FLAIRsag+SWIax,3,-9.49367217043282e-05,-0.0011027333520991216,0.0009457454942398711,0.45,2000
queryseq,finding,avail,T1ax+T2ax+FLAIRax+SWIax,3,0.0008866502616317761,-8.587263237869222e-05,0.0018867468078313792,0.962,2000
queryseq,finding,avail,T1ax+T2ax+FLAIRax+FLAIRsag,3,0.0009425358756243021,5.553750965705525e-05,0.0018753351600725825,0.9805,2000
queryseq,finding,avail,T1ax+T2ax+FLAIRax+FLAIRsag+SWIax,3,0.0006476007088421653,-0.0002497817367986904,0.0016310143707398022,0.924,2000
queryseq,finding,budget,1,3,-0.003995839345124119,-0.01607009189303843,0.00751937681751659,0.274,2000
queryseq,finding,budget,2,3,-0.0002537463036732986,-0.008136290165962156,0.007022197829162212,0.489,2000
queryseq,finding,budget,3,3,-0.0019904572196886693,-0.0084970486852762,0.0042935054247783665,0.3045,2000
queryseq,finding,budget,4,3,-0.0009552096803805606,-0.0060371917861873,0.004462482832261879,0.3665,2000
queryseq,finding,budget,5,3,0.00039341535325100135,-0.00044303138232139355,0.0012868067701171312,0.824,2000
queryseq,label_id,avail,SWIax,3,-0.00024277474775984286,-0.0011795762258170618,0.0007160601035413175,0.2935,2000
queryseq,label_id,avail,FLAIRsag,3,0.00025100213006630355,-0.0007649895173327907,0.0013005964043910695,0.6925,2000
queryseq,label_id,avail,FLAIRax,3,0.0017820947750811255,0.0008530446177883028,0.002712994659102009,0.9995,2000
queryseq,label_id,avail,T2ax,3,0.0004835897759974302,-0.00040556255988772303,0.001376619841676855,0.8635,2000
queryseq,label_id,avail,T1ax,3,1.7261639553621386e-05,-0.0008334388620654554,0.0009447268353384935,0.5195,2000
queryseq,label_id,avail,FLAIRsag+SWIax,3,-0.00039184161500242944,-0.001522793021236892,0.0007309435049436095,0.2605,2000
queryseq,label_id,avail,FLAIRax+SWIax,3,0.0014913562188272518,0.0005662568683865797,0.0024151096504934438,1.0,2000
queryseq,label_id,avail,FLAIRax+FLAIRsag,3,0.0012861133653307988,0.0001282448670950613,0.0023949188058715334,0.9845,2000
queryseq,label_id,avail,T2ax+SWIax,3,0.00021721161885792902,-0.0006602763171097086,0.0011565009536400363,0.7015,2000
queryseq,label_id,avail,T2ax+FLAIRsag,3,0.00020076690506407342,-0.0007560058027937508,0.0011416643851173002,0.667,2000
queryseq,label_id,avail,T2ax+FLAIRax,3,0.0013270920413790998,0.0004226339173795693,0.0022699753466069988,0.9965,2000
queryseq,label_id,avail,T1ax+SWIax,3,0.0001464751602893783,-0.0009014316482771421,0.00130302704714611,0.607,2000
queryseq,label_id,avail,T1ax+FLAIRsag,3,0.0006871471347012645,-0.0003092551211646104,0.0017024911189535042,0.9165,2000
queryseq,label_id,avail,T1ax+FLAIRax,3,0.0016382005137932241,0.0006579374838826454,0.002686595457709801,1.0,2000
queryseq,label_id,avail,T1ax+T2ax,3,0.0004811029709759866,-0.00038568946427318835,0.0013864884228926583,0.8565,2000
queryseq,label_id,avail,FLAIRax+FLAIRsag+SWIax,3,0.0008709911781144491,-0.0002343658467702724,0.001941669339682314,0.943,2000
queryseq,label_id,avail,T2ax+FLAIRsag+SWIax,3,0.0002072879150902694,-0.0007577603718800468,0.0012421676916241403,0.687,2000
queryseq,label_id,avail,T2ax+FLAIRax+SWIax,3,0.0010935453167579053,0.00021837386104584696,0.0019784010366363674,0.9935,2000
queryseq,label_id,avail,T2ax+FLAIRax+FLAIRsag,3,0.0010807503916056068,0.00016757320370087758,0.0020166280849486192,0.987,2000
queryseq,label_id,avail,T1ax+FLAIRsag+SWIax,3,0.00039656032439945127,-0.000645113610811543,0.0014583904680542416,0.8005,2000
queryseq,label_id,avail,T1ax+FLAIRax+SWIax,3,0.001184185875630773,0.0001922566115237189,0.002221152350526845,0.992,2000
queryseq,label_id,avail,T1ax+FLAIRax+FLAIRsag,3,0.00126123701244628,0.00025364741422536263,0.002219638527098009,0.993,2000
queryseq,label_id,avail,T1ax+T2ax+SWIax,3,0.00028803888729959156,-0.0006293339673972137,0.001301157109457012,0.733,2000
queryseq,label_id,avail,T1ax+T2ax+FLAIRsag,3,0.000749188747964779,-0.00014628892054590454,0.0016713415066672984,0.949,2000
queryseq,label_id,avail,T1ax+T2ax+FLAIRax,3,0.0015978107313579083,0.0007199552004105798,0.0025374285694586144,0.9995,2000
queryseq,label_id,avail,T2ax+FLAIRax+FLAIRsag+SWIax,3,0.0009804686718176477,4.537252847863443e-05,0.0019259528948830968,0.98,2000
queryseq,label_id,avail,T1ax+FLAIRax+FLAIRsag+SWIax,3,0.0010500514468750179,7.929471257798268e-05,0.0020707608791652485,0.9835,2000
queryseq,label_id,avail,T1ax+T2ax+FLAIRsag+SWIax,3,0.00032779524071872997,-0.0005598475083435023,0.0012704681422983552,0.7745,2000
queryseq,label_id,avail,T1ax+T2ax+FLAIRax+SWIax,3,0.0011280096380747976,0.0002577547340838805,0.0020977177822090573,0.9895,2000
queryseq,label_id,avail,T1ax+T2ax+FLAIRax+FLAIRsag,3,0.0013272518832294973,0.00038502552383937855,0.0022509536254335925,0.9975,2000
queryseq,label_id,avail,T1ax+T2ax+FLAIRax+FLAIRsag+SWIax,3,0.0009315902176640973,8.309699301857211e-05,0.0018287336085440946,0.9855,2000
queryseq,label_id,budget,1,3,-0.0001760930335343427,-0.010376636183245865,0.0087066389166521,0.516,2000
queryseq,label_id,budget,2,3,0.002053724042845657,-0.002445089682872405,0.006396252427084429,0.836,2000
queryseq,label_id,budget,3,3,-0.0013251050456781672,-0.006098003720443998,0.003249514679660383,0.3255,2000
queryseq,label_id,budget,4,3,0.0003514023686642201,-0.0036988300435543057,0.004533455083439709,0.5945,2000
queryseq,label_id,budget,5,3,0.0007304090180768391,-5.8323454256725534e-05,0.0015657209187739775,0.9645,2000
