n_candidates,perm,optimism,observed
2,0,0.005069106840206117,0.004234679409709119
2,1,0.0072082467775219095,0.004234679409709119
2,2,0.006441164084543816,0.004234679409709119
2,3,0.005622144347616875,0.004234679409709119
2,4,0.0072820931646087605,0.004234679409709119
2,5,0.004966273783353681,0.004234679409709119
2,6,0.0056884554537462995,0.004234679409709119
2,7,0.005035542203353227,0.004234679409709119
2,8,0.00447678569100235,0.004234679409709119
2,9,0.007928678655690913,0.004234679409709119
2,10,0.004909864786294793,0.004234679409709119
2,11,0.006385334565241985,0.004234679409709119
2,12,0.003595100577186483,0.004234679409709119
2,13,0.006661719255601384,0.004234679409709119
2,14,0.007305494986360184,0.004234679409709119
2,15,0.003964329213975715,0.004234679409709119
2,16,0.005816468178110323,0.004234679409709119
2,17,0.005617029711541932,0.004234679409709119
2,18,0.005446358340885915,0.004234679409709119
2,19,0.0051257845382737255,0.004234679409709119
2,20,0.005547284751426407,0.004234679409709119
2,21,0.004539044855137786,0.004234679409709119
2,22,0.004581844907197485,0.004234679409709119
2,23,0.005736252261342223,0.004234679409709119
2,24,0.002340226300557635,0.004234679409709119
2,25,0.007047434562441723,0.004234679409709119
2,26,0.004945244724317288,0.004234679409709119
2,27,0.007362881121220077,0.004234679409709119
2,28,0.006785885195008834,0.004234679409709119
2,29,0.007138316680607826,0.004234679409709119
2,30,0.004884323126128187,0.004234679409709119
2,31,0.0026730307820842514,0.004234679409709119
2,32,0.005884483924368522,0.004234679409709119
2,33,0.005545287784830211,0.004234679409709119
2,34,0.005992047443129533,0.004234679409709119
2,35,0.004483129187635937,0.004234679409709119
2,36,0.006025264018831633,0.004234679409709119
2,37,0.006293372163437505,0.004234679409709119
2,38,0.003970700497324675,0.004234679409709119
2,39,0.0062438943914169265,0.004234679409709119
2,40,0.007882178925878114,0.004234679409709119
2,41,0.005419470224059697,0.004234679409709119
2,42,0.006277475956630252,0.004234679409709119
2,43,0.004162613569013263,0.004234679409709119
2,44,0.006339640061577001,0.004234679409709119
2,45,0.004615969484162763,0.004234679409709119
2,46,0.004202513707118327,0.004234679409709119
2,47,0.007045713744870896,0.004234679409709119
2,48,0.0044471374826129395,0.004234679409709119
2,49,0.004404415964952224,0.004234679409709119
2,50,0.006096088069910577,0.004234679409709119
2,51,0.004570049832607226,0.004234679409709119
2,52,0.0064154864340231765,0.004234679409709119
2,53,0.005873110265108228,0.004234679409709119
2,54,0.0039003245937677677,0.004234679409709119
2,55,0.004489221093784357,0.004234679409709119
2,56,0.0065824946868442424,0.004234679409709119
2,57,0.0054966664045398295,0.004234679409709119
2,58,0.005550524539533197,0.004234679409709119
2,59,0.005450792920986269,0.004234679409709119
2,60,0.006423881153500288,0.004234679409709119
2,61,0.007496375238022157,0.004234679409709119
2,62,0.0039020216355160064,0.004234679409709119
2,63,0.004367464363031592,0.004234679409709119
2,64,0.003924834380801601,0.004234679409709119
2,65,0.005117992570490837,0.004234679409709119
2,66,0.006277074427760931,0.004234679409709119
2,67,0.007577867531994631,0.004234679409709119
2,68,0.004487909392211498,0.004234679409709119
2,69,0.005164321163027785,0.004234679409709119
2,70,0.005396729162959413,0.004234679409709119
2,71,0.0048582968574721885,0.004234679409709119
2,72,0.003987703572794765,0.004234679409709119
2,73,0.004191229370541616,0.004234679409709119
2,74,0.005729753653064273,0.004234679409709119
2,75,0.0048506662021355895,0.004234679409709119
2,76,0.007872665646415034,0.004234679409709119
2,77,0.0038160432527631905,0.004234679409709119
2,78,0.0034943851809545734,0.004234679409709119
2,79,0.004581160900509473,0.004234679409709119
2,80,0.004645752453153462,0.004234679409709119
2,81,0.0066531217451824,0.004234679409709119
2,82,0.005699814829102923,0.004234679409709119
2,83,0.005339519611956556,0.004234679409709119
2,84,0.006606911670715809,0.004234679409709119
2,85,0.005641194365060165,0.004234679409709119
2,86,0.002560740439202014,0.004234679409709119
2,87,0.005831192556138232,0.004234679409709119
2,88,0.0066963612091990865,0.004234679409709119
2,89,0.0046887691690610245,0.004234679409709119
2,90,0.007283750233622821,0.004234679409709119
2,91,0.005650215610721099,0.004234679409709119
2,92,0.005046984563771728,0.004234679409709119
2,93,0.003157323723984029,0.004234679409709119
2,94,0.004857440355685694,0.004234679409709119
2,95,0.00813150935260526,0.004234679409709119
2,96,0.007967432436584265,0.004234679409709119
2,97,0.004987925794935233,0.004234679409709119
2,98,0.006996873128316872,0.004234679409709119
2,99,0.003589545371386449,0.004234679409709119
4,0,0.01552277695289328,0.006183540587758607
4,1,0.010704079733630523,0.006183540587758607
4,2,0.011877716914422354,0.006183540587758607
4,3,0.016343926578765933,0.006183540587758607
4,4,0.013211876918066301,0.006183540587758607
4,5,0.016326453046659917,0.006183540587758607
4,6,0.013388246029806261,0.006183540587758607
4,7,0.00918243407617847,0.006183540587758607
4,8,0.01563213476849834,0.006183540587758607
4,9,0.017007998252297762,0.006183540587758607
4,10,0.018380646095318476,0.006183540587758607
4,11,0.016542201489671005,0.006183540587758607
4,12,0.011905853746351391,0.006183540587758607
4,13,0.013475570934703085,0.006183540587758607
4,14,0.013105296310947756,0.006183540587758607
4,15,0.017370475113283823,0.006183540587758607
4,16,0.009749944332019478,0.006183540587758607
4,17,0.014380623742639376,0.006183540587758607
4,18,0.014559975899549604,0.006183540587758607
4,19,0.011590186314448359,0.006183540587758607
4,20,0.01222036925361858,0.006183540587758607
4,21,0.010202897303470126,0.006183540587758607
4,22,0.015375569829069735,0.006183540587758607
4,23,0.013827186913607514,0.006183540587758607
4,24,0.014276327620425522,0.006183540587758607
4,25,0.012405276114458519,0.006183540587758607
4,26,0.012114494137270726,0.006183540587758607
4,27,0.014262744390999782,0.006183540587758607
4,28,0.012411719932622356,0.006183540587758607
4,29,0.019750559942976365,0.006183540587758607
4,30,0.016809495462893398,0.006183540587758607
4,31,0.012206072748343011,0.006183540587758607
4,32,0.012327490972420252,0.006183540587758607
4,33,0.010797630430810723,0.006183540587758607
4,34,0.015128382574884802,0.006183540587758607
4,35,0.010674577164704324,0.006183540587758607
4,36,0.016196338595943383,0.006183540587758607
4,37,0.012685230211353704,0.006183540587758607
4,38,0.01647703638953002,0.006183540587758607
4,39,0.012720177965073187,0.006183540587758607
4,40,0.009984454204765736,0.006183540587758607
4,41,0.013157278745435486,0.006183540587758607
4,42,0.013715179862508198,0.006183540587758607
4,43,0.011374699073751215,0.006183540587758607
4,44,0.014534958213301197,0.006183540587758607
4,45,0.011671993218724475,0.006183540587758607
4,46,0.015236164440089905,0.006183540587758607
4,47,0.01748205706455891,0.006183540587758607
4,48,0.015616819402481386,0.006183540587758607
4,49,0.015644123065884863,0.006183540587758607
4,50,0.011831146457694786,0.006183540587758607
4,51,0.013853019509346975,0.006183540587758607
4,52,0.014568347413792537,0.006183540587758607
4,53,0.011578781520633963,0.006183540587758607
4,54,0.013314040542577843,0.006183540587758607
4,55,0.014118334586588344,0.006183540587758607
4,56,0.012727554526096307,0.006183540587758607
4,57,0.01423002348897251,0.006183540587758607
4,58,0.011108949157979608,0.006183540587758607
4,59,0.00902640530726151,0.006183540587758607
4,60,0.014434177450950214,0.006183540587758607
4,61,0.012208547662252545,0.006183540587758607
4,62,0.014685493090779156,0.006183540587758607
4,63,0.013492860788114791,0.006183540587758607
4,64,0.016659361123446237,0.006183540587758607
4,65,0.01176483157609931,0.006183540587758607
4,66,0.010653304559641308,0.006183540587758607
4,67,0.012890600902677518,0.006183540587758607
4,68,0.014367897205503855,0.006183540587758607
4,69,0.016715831550438154,0.006183540587758607
4,70,0.01912888554322012,0.006183540587758607
4,71,0.014842934248417872,0.006183540587758607
4,72,0.014206095178593059,0.006183540587758607
4,73,0.018324439570010398,0.006183540587758607
4,74,0.011160450530641186,0.006183540587758607
4,75,0.01157130461911654,0.006183540587758607
4,76,0.010050952368959032,0.006183540587758607
4,77,0.014851492952839107,0.006183540587758607
4,78,0.011497926505559586,0.006183540587758607
4,79,0.01659333418759651,0.006183540587758607
4,80,0.013990939863615881,0.006183540587758607
4,81,0.00991753989771682,0.006183540587758607
4,82,0.012274945140858251,0.006183540587758607
4,83,0.017379632231869224,0.006183540587758607
4,84,0.012757188895019533,0.006183540587758607
4,85,0.01029029718260388,0.006183540587758607
4,86,0.011973395588486146,0.006183540587758607
4,87,0.013994357621397335,0.006183540587758607
4,88,0.015978598603112626,0.006183540587758607
4,89,0.01401328127792767,0.006183540587758607
4,90,0.015304596333255038,0.006183540587758607
4,91,0.011219340354243212,0.006183540587758607
4,92,0.011726761843487088,0.006183540587758607
4,93,0.01140508569218468,0.006183540587758607
4,94,0.010544805238354993,0.006183540587758607
4,95,0.016677468175068377,0.006183540587758607
4,96,0.014334571019243625,0.006183540587758607
4,97,0.015936399045208438,0.006183540587758607
4,98,0.008288010912228305,0.006183540587758607
4,99,0.012107071371317502,0.006183540587758607
8,0,0.02502281500153475,0.012619147832049094
8,1,0.020791327076668864,0.012619147832049094
8,2,0.02639064111552958,0.012619147832049094
8,3,0.015652859369745586,0.012619147832049094
8,4,0.02090631623259498,0.012619147832049094
8,5,0.020374255133162156,0.012619147832049094
8,6,0.024694803289143197,0.012619147832049094
8,7,0.024007080044334383,0.012619147832049094
8,8,0.025081822172330848,0.012619147832049094
8,9,0.02366870379425795,0.012619147832049094
8,10,0.019001072980719125,0.012619147832049094
8,11,0.02205195587981401,0.012619147832049094
8,12,0.019821484113380472,0.012619147832049094
8,13,0.027107978121998777,0.012619147832049094
8,14,0.02334878941336682,0.012619147832049094
8,15,0.02407559618619215,0.012619147832049094
8,16,0.024887581625177957,0.012619147832049094
8,17,0.026235542521767907,0.012619147832049094
8,18,0.022770601921385802,0.012619147832049094
8,19,0.025068580578466837,0.012619147832049094
8,20,0.02370566343289604,0.012619147832049094
8,21,0.021481500035654855,0.012619147832049094
8,22,0.026099192141535554,0.012619147832049094
8,23,0.021749406967466023,0.012619147832049094
8,24,0.026600982698772535,0.012619147832049094
8,25,0.02003743851301404,0.012619147832049094
8,26,0.024828234653699044,0.012619147832049094
8,27,0.02111089339375527,0.012619147832049094
8,28,0.02370031836255082,0.012619147832049094
8,29,0.021896879688345583,0.012619147832049094
8,30,0.02167639995009335,0.012619147832049094
8,31,0.02076671941959518,0.012619147832049094
8,32,0.026028579684542363,0.012619147832049094
8,33,0.021797161341616578,0.012619147832049094
8,34,0.02087614470102006,0.012619147832049094
8,35,0.023036193785129833,0.012619147832049094
8,36,0.02167277776949461,0.012619147832049094
8,37,0.019840845470314783,0.012619147832049094
8,38,0.024837737355189016,0.012619147832049094
8,39,0.023929921009914146,0.012619147832049094
8,40,0.018750200258753846,0.012619147832049094
8,41,0.025496011485413583,0.012619147832049094
8,42,0.021298643776461512,0.012619147832049094
8,43,0.018438322711461064,0.012619147832049094
8,44,0.015011828192803667,0.012619147832049094
8,45,0.02789097469822671,0.012619147832049094
8,46,0.01984796877884465,0.012619147832049094
8,47,0.022760328930507834,0.012619147832049094
8,48,0.01823428296808849,0.012619147832049094
8,49,0.02430897533560067,0.012619147832049094
8,50,0.023018700686720628,0.012619147832049094
8,51,0.016229865676498423,0.012619147832049094
8,52,0.02089932769738856,0.012619147832049094
8,53,0.025418013873767853,0.012619147832049094
8,54,0.019058581786283613,0.012619147832049094
8,55,0.016403626095644164,0.012619147832049094
8,56,0.023669803923845212,0.012619147832049094
8,57,0.021726825771334946,0.012619147832049094
8,58,0.02129347921535296,0.012619147832049094
8,59,0.0285368359848851,0.012619147832049094
8,60,0.024159057535308004,0.012619147832049094
8,61,0.017968902768405015,0.012619147832049094
8,62,0.018594278121739416,0.012619147832049094
8,63,0.021336261307094095,0.012619147832049094
8,64,0.019158285657128182,0.012619147832049094
8,65,0.022796869504167594,0.012619147832049094
8,66,0.017630253326578693,0.012619147832049094
8,67,0.023526126032596906,0.012619147832049094
8,68,0.021657895850848208,0.012619147832049094
8,69,0.019969461468065663,0.012619147832049094
8,70,0.019561255498740993,0.012619147832049094
8,71,0.026319181562412697,0.012619147832049094
8,72,0.024391444847444377,0.012619147832049094
8,73,0.01837426742067394,0.012619147832049094
8,74,0.01969983678126186,0.012619147832049094
8,75,0.025575457366611154,0.012619147832049094
8,76,0.02178838831821095,0.012619147832049094
8,77,0.023394692484585644,0.012619147832049094
8,78,0.024027047577966254,0.012619147832049094
8,79,0.024184986895281924,0.012619147832049094
8,80,0.019046946028724254,0.012619147832049094
8,81,0.016858723096612405,0.012619147832049094
8,82,0.020942923479919773,0.012619147832049094
8,83,0.02251903757212892,0.012619147832049094
8,84,0.02641280949453978,0.012619147832049094
8,85,0.024633350112804597,0.012619147832049094
8,86,0.02199973597088445,0.012619147832049094
8,87,0.02133923294193929,0.012619147832049094
8,88,0.02508353987630685,0.012619147832049094
8,89,0.02613115028603291,0.012619147832049094
8,90,0.0234302931205998,0.012619147832049094
8,91,0.02282519329952387,0.012619147832049094
8,92,0.025204394753124804,0.012619147832049094
8,93,0.020972136919409023,0.012619147832049094
8,94,0.023969175492757067,0.012619147832049094
8,95,0.024578731542853338,0.012619147832049094
8,96,0.01896022838939293,0.012619147832049094
8,97,0.0212067569701212,0.012619147832049094
8,98,0.024935293675872217,0.012619147832049094
8,99,0.02469106125581827,0.012619147832049094
15,0,0.028637569946417973,0.01492569780741948
15,1,0.028284311139105456,0.01492569780741948
15,2,0.028238982735561913,0.01492569780741948
15,3,0.027701116920916258,0.01492569780741948
15,4,0.0256410653693957,0.01492569780741948
15,5,0.02894131291715224,0.01492569780741948
15,6,0.028625975518161373,0.01492569780741948
15,7,0.02776940937862271,0.01492569780741948
15,8,0.02797105472983774,0.01492569780741948
15,9,0.030395918414068968,0.01492569780741948
15,10,0.025522284758853098,0.01492569780741948
15,11,0.02752024928248109,0.01492569780741948
15,12,0.026782105676879553,0.01492569780741948
15,13,0.03160666980059279,0.01492569780741948
15,14,0.034183117072951186,0.01492569780741948
15,15,0.027841813087625678,0.01492569780741948
15,16,0.022785672643817922,0.01492569780741948
15,17,0.0285477629983229,0.01492569780741948
15,18,0.03116446099179554,0.01492569780741948
15,19,0.03042610548609892,0.01492569780741948
15,20,0.025501938313262307,0.01492569780741948
15,21,0.036698499984449906,0.01492569780741948
15,22,0.03145779102500085,0.01492569780741948
15,23,0.029223809287946934,0.01492569780741948
15,24,0.025934907441262367,0.01492569780741948
15,25,0.028932905413427135,0.01492569780741948
15,26,0.03801633047901348,0.01492569780741948
15,27,0.023157448020179938,0.01492569780741948
15,28,0.026537903443395128,0.01492569780741948
15,29,0.028000232721475116,0.01492569780741948
15,30,0.032679721819096175,0.01492569780741948
15,31,0.026744389406010982,0.01492569780741948
15,32,0.04164793150077073,0.01492569780741948
15,33,0.025188450098605486,0.01492569780741948
15,34,0.030663457587181475,0.01492569780741948
15,35,0.03599668193823702,0.01492569780741948
15,36,0.029836331402838978,0.01492569780741948
15,37,0.026892468081938237,0.01492569780741948
15,38,0.030909988511649,0.01492569780741948
15,39,0.028587737548430803,0.01492569780741948
15,40,0.028412556262219446,0.01492569780741948
15,41,0.03451909288137367,0.01492569780741948
15,42,0.03188134196294201,0.01492569780741948
15,43,0.026884127436066052,0.01492569780741948
15,44,0.027542630043684735,0.01492569780741948
15,45,0.028208654907776853,0.01492569780741948
15,46,0.03302313465257645,0.01492569780741948
15,47,0.03378788899842877,0.01492569780741948
15,48,0.027051200903145278,0.01492569780741948
15,49,0.026273911253848647,0.01492569780741948
15,50,0.0324111468844368,0.01492569780741948
15,51,0.03211198657589465,0.01492569780741948
15,52,0.02855057982410969,0.01492569780741948
15,53,0.02478647467818773,0.01492569780741948
15,54,0.027338788352151866,0.01492569780741948
15,55,0.026385367308813745,0.01492569780741948
15,56,0.023126898799931572,0.01492569780741948
15,57,0.03275216851749552,0.01492569780741948
15,58,0.02221307470026901,0.01492569780741948
15,59,0.027751478963451093,0.01492569780741948
15,60,0.03280541140723581,0.01492569780741948
15,61,0.03290281335666767,0.01492569780741948
15,62,0.0260615657814518,0.01492569780741948
15,63,0.029578619400161932,0.01492569780741948
15,64,0.023679451587848066,0.01492569780741948
15,65,0.024411963206017684,0.01492569780741948
15,66,0.02607580536424725,0.01492569780741948
15,67,0.03092671244495221,0.01492569780741948
15,68,0.030015582060153867,0.01492569780741948
15,69,0.030335926991443163,0.01492569780741948
15,70,0.03548246899289392,0.01492569780741948
15,71,0.028037852714102307,0.01492569780741948
15,72,0.02763640792912192,0.01492569780741948
15,73,0.027635158536620796,0.01492569780741948
15,74,0.030568643038423327,0.01492569780741948
15,75,0.025899865727576188,0.01492569780741948
15,76,0.02914327598884131,0.01492569780741948
15,77,0.026089586615603344,0.01492569780741948
15,78,0.028405021611277392,0.01492569780741948
15,79,0.027857956037732112,0.01492569780741948
15,80,0.03290855998681752,0.01492569780741948
15,81,0.02723240244349323,0.01492569780741948
15,82,0.025477329909548596,0.01492569780741948
15,83,0.02463880584389011,0.01492569780741948
15,84,0.026352102760120455,0.01492569780741948
15,85,0.025212615122208293,0.01492569780741948
15,86,0.02670581759278834,0.01492569780741948
15,87,0.029685397057411966,0.01492569780741948
15,88,0.031139227767210342,0.01492569780741948
15,89,0.031868688025894654,0.01492569780741948
15,90,0.027087310030218026,0.01492569780741948
15,91,0.022969788590457063,0.01492569780741948
15,92,0.024022444395723763,0.01492569780741948
15,93,0.022217510549405683,0.01492569780741948
15,94,0.025214454606005576,0.01492569780741948
15,95,0.03184300616007979,0.01492569780741948
15,96,0.028040234952368848,0.01492569780741948
15,97,0.03065799194853125,0.01492569780741948
15,98,0.024980940535628604,0.01492569780741948
15,99,0.026282769650695093,0.01492569780741948
