mode,tau,beta,seed,val,macro_full,macro_avg_subset,macro_worst_subset,macro_k1,worst_k1,macro_k2,worst_k2,gate_mean,gate_spread_over_seq,gate_spread_over_findings,avg_inputs_read
queryseq,0.05,0.0,0,0.5,0.5,0.5,0.5,0.5185644104435958,0.32050533553890564,0.49928850694927734,0.31012617171029155,1.6437539272192256e-39,0.0,0.0,0.0
queryseq,0.05,0.0,1,0.7704024074044602,0.7753517400132769,0.7703672403982017,0.7483384218797743,0.7754418547733649,0.6043423930021868,0.7773244565239171,0.5957825679475164,0.9916079044342041,0.004581033252179623,0.04244690388441086,3.9664220754268147
queryseq,0.05,0.02,0,0.5,0.5,0.5,0.5,0.49193645951798676,0.38699685381596444,0.4941596411098956,0.37233628490804704,9.305609438274441e-38,0.0,0.0,0.0
queryseq,0.05,0.02,1,0.5,0.5,0.5,0.5,0.5175987947103057,0.41867383069828723,0.5016825912272828,0.3823596014492754,4.303139610165266e-37,0.0,0.0,0.0
queryseq,0.1,0.0,0,0.7807902067562558,0.796347269391727,0.7914555308077994,0.7783577689044369,0.7853156735195841,0.6368040188983912,0.7915305290061291,0.6510974224029664,0.9983595609664917,0.0015517208958044648,0.005346645601093769,3.994931288770151
queryseq,0.1,0.0,1,0.7833420396435242,0.7887830860742167,0.7853838775513485,0.7783429086297475,0.7778182330879508,0.5943767572633553,0.7858753549724632,0.6281070120355835,0.9684500098228455,0.024824347347021103,0.10766449570655823,3.8840417939944007
queryseq,0.1,0.02,0,0.5,0.5,0.5,0.5,0.5025703131522244,0.31949174532126756,0.5081974104062629,0.3044987188219649,1.6405775836868392e-17,4.270503132810686e-18,6.216321860340107e-17,0.0
queryseq,0.1,0.02,1,0.5,0.5,0.5,0.5,0.6003092988223802,0.4908097854526426,0.6041696068639232,0.47154631083202514,0.009816018864512444,0.0036019119434058666,0.042374949902296066,0.0012809017548354041
queryseq,0.25,0.0,0,0.7838085820839175,0.7971290646408095,0.7918779333203597,0.7761661062050096,0.7883392437484947,0.6313019556246636,0.7934317568398945,0.638807487590455,0.7524318695068359,0.10038366168737411,0.2745744287967682,3.0555362403703636
queryseq,0.25,0.0,1,0.7812753084144064,0.7895474292205391,0.7850610644198566,0.7734891195566697,0.7832268975282819,0.6083723836301156,0.7878347037143217,0.6104654795376445,0.7335125207901001,0.11814751476049423,0.28361964225769043,2.965250965250965
queryseq,0.25,0.02,0,0.7801825684124831,0.7942933194687751,0.7900627329111405,0.7747710103355999,0.7869373578910069,0.5850726631182345,0.794598505431302,0.6203277315950002,0.002679277677088976,0.0024661736097186804,0.004204017575830221,0.0003110761404600267
queryseq,0.25,0.02,1,0.7811257531818848,0.7938214305686311,0.7878248721279448,0.7704276463548647,0.7916165710258426,0.6650020931762455,0.7897796217658366,0.6596794450092698,0.004865550901740789,0.0044201393611729145,0.007115066982805729,0.0023605189481966733
queryseq,1.0,0.0,0,0.7858152505589312,0.8020402090638431,0.7963109038144961,0.7851269596097568,0.7914397277990427,0.6769930028108366,0.8004003098098047,0.6683810776867412,0.29737281799316406,0.10716115683317184,0.14508484303951263,0.8286153452030229
queryseq,1.0,0.0,1,0.7824288494607543,0.7972453975581874,0.7921222507423491,0.777348463111133,0.7928681819102816,0.6758268046169487,0.7954609019667493,0.65534357992943,0.38684937357902527,0.1315251886844635,0.10321930050849915,1.2798953320280335
queryseq,1.0,0.02,0,0.7844830088166315,0.7993200292558917,0.7936798506208184,0.7805648284703859,0.7951906747482756,0.6766939776329167,0.7957074083957049,0.6464027271096227,0.005274212919175625,0.003167135640978813,0.00471423240378499,0.0
queryseq,1.0,0.02,1,0.7836524154693145,0.79397623163998,0.7890375116742214,0.776225906105106,0.7902225439961873,0.6625130821559393,0.7912826414906939,0.6603373004006937,0.006937804631888866,0.0042352695018053055,0.0064421845600008965,3.659719299529726e-05
patient,0.05,0.0,0,0.7837484433952502,0.8005742473557749,0.7954151494993688,0.7821306445862531,0.7954368081036879,0.6497219065845344,0.801323627502296,0.6571377309969499,0.3529573976993561,0.16409410536289215,5.587935447692871e-08,1.071767095463778
patient,0.05,0.0,1,0.7840558213327122,0.7957923575230935,0.7914213997642826,0.7804389247943593,0.7923473660586199,0.65743675617487,0.7930084738761972,0.6495723939955744,0.35999664664268494,0.14885622262954712,3.725290298461914e-08,0.989844278943805
patient,0.05,0.02,0,0.7853219077861446,0.7993568878038654,0.7945701719192734,0.7818730184827043,0.793039110920234,0.6622305529522025,0.7988672299100634,0.6600124960949703,0.0031865737400949,0.0018120715394616127,4.3655745685100555e-10,0.0
patient,0.05,0.02,1,0.7848672028114011,0.7952090192949544,0.7909550795759565,0.7787732422015687,0.7916354939242852,0.6614183067791315,0.7945932703773946,0.6599187753826928,0.004025270696729422,0.0018060804577544332,5.238689482212067e-10,0.0
patient,0.1,0.0,0,0.7837484433952502,0.8005742473557749,0.7954151494993688,0.7821306445862531,0.7954368081036879,0.6497219065845344,0.801323627502296,0.6571377309969499,0.3529573976993561,0.16409410536289215,5.587935447692871e-08,1.071767095463778
patient,0.1,0.0,1,0.7840558213327122,0.7957923575230935,0.7914213997642826,0.7804389247943593,0.7923473660586199,0.65743675617487,0.7930084738761972,0.6495723939955744,0.35999664664268494,0.14885622262954712,3.725290298461914e-08,0.989844278943805
patient,0.1,0.02,0,0.7853219077861446,0.7993568878038654,0.7945701719192734,0.7818730184827043,0.793039110920234,0.6622305529522025,0.7988672299100634,0.6600124960949703,0.0031865737400949,0.0018120715394616127,4.3655745685100555e-10,0.0
patient,0.1,0.02,1,0.7848672028114011,0.7952090192949544,0.7909550795759565,0.7787732422015687,0.7916354939242852,0.6614183067791315,0.7945932703773946,0.6599187753826928,0.004025270696729422,0.0018060804577544332,5.238689482212067e-10,0.0
patient,0.25,0.0,0,0.7837484433952502,0.8005742473557749,0.7954151494993688,0.7821306445862531,0.7954368081036879,0.6497219065845344,0.801323627502296,0.6571377309969499,0.3529573976993561,0.16409410536289215,5.587935447692871e-08,1.071767095463778
patient,0.25,0.0,1,0.7840558213327122,0.7957923575230935,0.7914213997642826,0.7804389247943593,0.7923473660586199,0.65743675617487,0.7930084738761972,0.6495723939955744,0.35999664664268494,0.14885622262954712,3.725290298461914e-08,0.989844278943805
patient,0.25,0.02,0,0.7853219077861446,0.7993568878038654,0.7945701719192734,0.7818730184827043,0.793039110920234,0.6622305529522025,0.7988672299100634,0.6600124960949703,0.0031865737400949,0.0018120715394616127,4.3655745685100555e-10,0.0
patient,0.25,0.02,1,0.7848672028114011,0.7952090192949544,0.7909550795759565,0.7787732422015687,0.7916354939242852,0.6614183067791315,0.7945932703773946,0.6599187753826928,0.004025270696729422,0.0018060804577544332,5.238689482212067e-10,0.0
patient,1.0,0.0,0,0.7837484433952502,0.8005742473557749,0.7954151494993688,0.7821306445862531,0.7954368081036879,0.6497219065845344,0.801323627502296,0.6571377309969499,0.3529573976993561,0.16409410536289215,5.587935447692871e-08,1.071767095463778
patient,1.0,0.0,1,0.7840558213327122,0.7957923575230935,0.7914213997642826,0.7804389247943593,0.7923473660586199,0.65743675617487,0.7930084738761972,0.6495723939955744,0.35999664664268494,0.14885622262954712,3.725290298461914e-08,0.989844278943805
patient,1.0,0.02,0,0.7853219077861446,0.7993568878038654,0.7945701719192734,0.7818730184827043,0.793039110920234,0.6622305529522025,0.7988672299100634,0.6600124960949703,0.0031865737400949,0.0018120715394616127,4.3655745685100555e-10,0.0
patient,1.0,0.02,1,0.7848672028114011,0.7952090192949544,0.7909550795759565,0.7787732422015687,0.7916354939242852,0.6614183067791315,0.7945932703773946,0.6599187753826928,0.004025270696729422,0.0018060804577544332,5.238689482212067e-10,0.0
finding,0.05,0.0,0,0.7839402153720856,0.7983748735086259,0.7935131318466696,0.7826153636824793,0.7891636317602082,0.6593876913464541,0.7969997828373853,0.6708216182442986,0.5001787543296814,0.015436443500220776,0.016728665679693222,1.837837837837838
finding,0.05,0.0,1,0.7883365194049422,0.7989532515993208,0.7941201997275084,0.7841762946274377,0.7946845419892922,0.6565448297407059,0.7963639842395074,0.6516655702410143,0.5002903342247009,0.01494288444519043,0.01591745764017105,1.837837837837838
finding,0.05,0.02,0,0.7849778117250839,0.7993286629315949,0.7948017993869505,0.7846964031870891,0.7914032862330114,0.6466729147141519,0.7972362715646344,0.6512469349919263,0.4320722222328186,0.010270091705024242,0.029055152088403702,0.0
finding,0.05,0.02,1,0.7858263464938346,0.7965106071234201,0.792431078278071,0.7820482978391882,0.7818419056796919,0.5696969696969697,0.7914292180307664,0.6205873164636051,0.430118590593338,0.010494493879377842,0.029082152992486954,0.0
finding,0.1,0.0,0,0.7839402153720856,0.7983748735086259,0.7935131318466696,0.7826153636824793,0.7891636317602082,0.6593876913464541,0.7969997828373853,0.6708216182442986,0.5001787543296814,0.015436443500220776,0.016728665679693222,1.837837837837838
finding,0.1,0.0,1,0.7883365194049422,0.7989532515993208,0.7941201997275084,0.7841762946274377,0.7946845419892922,0.6565448297407059,0.7963639842395074,0.6516655702410143,0.5002903342247009,0.01494288444519043,0.01591745764017105,1.837837837837838
finding,0.1,0.02,0,0.7849778117250839,0.7993286629315949,0.7948017993869505,0.7846964031870891,0.7914032862330114,0.6466729147141519,0.7972362715646344,0.6512469349919263,0.4320722222328186,0.010270091705024242,0.029055152088403702,0.0
finding,0.1,0.02,1,0.7858263464938346,0.7965106071234201,0.792431078278071,0.7820482978391882,0.7818419056796919,0.5696969696969697,0.7914292180307664,0.6205873164636051,0.430118590593338,0.010494493879377842,0.029082152992486954,0.0
finding,0.25,0.0,0,0.7839402153720856,0.7983748735086259,0.7935131318466696,0.7826153636824793,0.7891636317602082,0.6593876913464541,0.7969997828373853,0.6708216182442986,0.5001787543296814,0.015436443500220776,0.016728665679693222,1.837837837837838
finding,0.25,0.0,1,0.7883365194049422,0.7989532515993208,0.7941201997275084,0.7841762946274377,0.7946845419892922,0.6565448297407059,0.7963639842395074,0.6516655702410143,0.5002903342247009,0.01494288444519043,0.01591745764017105,1.837837837837838
finding,0.25,0.02,0,0.7849778117250839,0.7993286629315949,0.7948017993869505,0.7846964031870891,0.7914032862330114,0.6466729147141519,0.7972362715646344,0.6512469349919263,0.4320722222328186,0.010270091705024242,0.029055152088403702,0.0
finding,0.25,0.02,1,0.7858263464938346,0.7965106071234201,0.792431078278071,0.7820482978391882,0.7818419056796919,0.5696969696969697,0.7914292180307664,0.6205873164636051,0.430118590593338,0.010494493879377842,0.029082152992486954,0.0
finding,1.0,0.0,0,0.7839402153720856,0.7983748735086259,0.7935131318466696,0.7826153636824793,0.7891636317602082,0.6593876913464541,0.7969997828373853,0.6708216182442986,0.5001787543296814,0.015436443500220776,0.016728665679693222,1.837837837837838
finding,1.0,0.0,1,0.7883365194049422,0.7989532515993208,0.7941201997275084,0.7841762946274377,0.7946845419892922,0.6565448297407059,0.7963639842395074,0.6516655702410143,0.5002903342247009,0.01494288444519043,0.01591745764017105,1.837837837837838
finding,1.0,0.02,0,0.7849778117250839,0.7993286629315949,0.7948017993869505,0.7846964031870891,0.7914032862330114,0.6466729147141519,0.7972362715646344,0.6512469349919263,0.4320722222328186,0.010270091705024242,0.029055152088403702,0.0
finding,1.0,0.02,1,0.7858263464938346,0.7965106071234201,0.792431078278071,0.7820482978391882,0.7818419056796919,0.5696969696969697,0.7914292180307664,0.6205873164636051,0.430118590593338,0.010494493879377842,0.029082152992486954,0.0
