seed,lattice,n_candidates,frac_patients,n_studies,rep,naive,crossfit,optimism
0,real,2,0.1,1256,0,0.7595761591434371,0.7250843863534256,0.03449177279001148
0,null,2,0.1,1256,0,0.5609405821631779,0.5025021421677647,0.058438439995413205
0,real,2,0.1,1236,1,0.7816556213916813,0.7520072454941129,0.029648375897568413
0,null,2,0.1,1236,1,0.5249154041175174,0.4862949735345162,0.038620430583001186
0,real,2,0.1,1230,2,0.8198251425429547,0.7647195680261166,0.05510557451683806
0,null,2,0.1,1230,2,0.5498504868903529,0.5094073415534058,0.04044314533694704
0,real,2,0.1,1244,3,0.8007542408116728,0.7757461752324005,0.025008065579272265
0,null,2,0.1,1244,3,0.5404094246386294,0.5062429759404954,0.03416644869813401
0,real,2,0.1,1229,4,0.7931025220408281,0.7653808179266655,0.027721704114162637
0,null,2,0.1,1229,4,0.48314644602658735,0.4712573336086288,0.011889112417958536
0,real,2,0.1,1259,5,0.7889369980592709,0.7470897412822964,0.04184725677697443
0,null,2,0.1,1259,5,0.5313839717822026,0.4983370689287028,0.03304690285349987
0,real,2,0.25,3115,0,0.7680642981498499,0.7510186732601871,0.01704562488966277
0,null,2,0.25,3115,0,0.5275043250400598,0.5129927463677016,0.014511578672358194
0,real,2,0.25,3078,1,0.77478414210423,0.7644153309017077,0.01036881120252231
0,null,2,0.25,3078,1,0.5239989260016165,0.5084854987904251,0.01551342721119131
0,real,2,0.25,3094,2,0.7851588342943651,0.7730614430215847,0.012097391272780311
0,null,2,0.25,3094,2,0.5207895079283528,0.5017318071951107,0.01905770073324209
0,real,2,0.25,3102,3,0.7932114307356135,0.7854416106603197,0.00776982007529381
0,null,2,0.25,3102,3,0.5130309936629153,0.49682547299465163,0.01620552066826364
0,real,2,0.25,3084,4,0.776943105368107,0.7569181738152941,0.02002493155281282
0,null,2,0.25,3084,4,0.5222943966684845,0.49817069140777354,0.024123705260711004
0,real,2,0.25,3133,5,0.7754693932823928,0.7560129916054664,0.019456401676926416
0,null,2,0.25,3133,5,0.5115359109871489,0.4920533891438126,0.01948252184333632
0,real,2,0.5,6209,0,0.7696991008561613,0.7584890269539678,0.01121007390219353
0,null,2,0.5,6209,0,0.5166879690862001,0.5055934124524298,0.011094556633770236
0,real,2,0.5,6192,1,0.7722214840421564,0.765897891140195,0.0063235929019613835
0,null,2,0.5,6192,1,0.5229759666018727,0.5090368064361207,0.01393916016575203
0,real,2,0.5,6192,2,0.7707796601934581,0.7637708571975682,0.007008802995889907
0,null,2,0.5,6192,2,0.5154048477812446,0.510269842883708,0.005135004897536599
0,real,2,0.5,6216,3,0.7666712699034253,0.7535372015377367,0.013134068365688534
0,null,2,0.5,6216,3,0.5113950447312255,0.4970914167056057,0.014303628025619852
0,real,2,0.5,6194,4,0.7742636708103466,0.7669347522527084,0.0073289185576382865
0,null,2,0.5,6194,4,0.5055257403475595,0.4879240489945995,0.01760169135295997
0,real,2,0.5,6215,5,0.7603099601220169,0.7499732077252115,0.010336752396805426
0,null,2,0.5,6215,5,0.503395803350419,0.49490280187528446,0.008493001475134543
0,real,2,1.0,12412,0,0.7692203427544189,0.763793564267363,0.005426778487055861
0,null,2,1.0,12412,0,0.5073284805101506,0.49394610773849423,0.013382372771656326
0,real,2,1.0,12412,1,0.772872267121544,0.7668972807435662,0.005974986377977776
0,null,2,1.0,12412,1,0.508581284560687,0.5001128833952586,0.008468401165428352
0,real,2,1.0,12412,2,0.7584145982471034,0.7562766950565201,0.002137903190583379
0,null,2,1.0,12412,2,0.5071441226083275,0.5030296784255214,0.004114444182806154
0,real,2,1.0,12412,3,0.7735068501169012,0.7700230054480169,0.003483844668884295
0,null,2,1.0,12412,3,0.5062090639870569,0.49670262047721214,0.009506443509844753
0,real,2,1.0,12412,4,0.7759823393566215,0.7713901963445395,0.004592143012081995
0,null,2,1.0,12412,4,0.5017407841717367,0.4922173867313614,0.009523397440375336
0,real,2,1.0,12412,5,0.7601113677617467,0.7466317353431844,0.013479632418562315
0,null,2,1.0,12412,5,0.508930784832036,0.49504153658461136,0.013889248247424657
0,real,4,0.1,1251,0,0.820203073975317,0.7866179992147678,0.03358507476054917
0,null,4,0.1,1251,0,0.5174517964030753,0.4620545893959059,0.05539720700716938
0,real,4,0.1,1232,1,0.7786692876972091,0.758067863183143,0.020601424514066102
0,null,4,0.1,1232,1,0.5723517394002006,0.5148578948378051,0.05749384456239548
0,real,4,0.1,1240,2,0.8186076802276946,0.7901845511274315,0.028423129100263123
0,null,4,0.1,1240,2,0.5488590205070694,0.5254095888223798,0.023449431684689603
0,real,4,0.1,1234,3,0.8215808849812125,0.7761208701418975,0.045460014839315055
0,null,4,0.1,1234,3,0.5824146464568276,0.5209653048730294,0.06144934158379822
0,real,4,0.1,1237,4,0.7890514155618839,0.7693039086849425,0.01974750687694138
0,null,4,0.1,1237,4,0.5653824490241706,0.5147587819328752,0.0506236670912954
0,real,4,0.1,1243,5,0.8107221294757962,0.7814454123275131,0.02927671714828317
0,null,4,0.1,1243,5,0.560149541816829,0.5083284229603274,0.051821118856501536
0,real,4,0.25,3087,0,0.8123317495921254,0.7809945089916278,0.031337240600497585
0,null,4,0.25,3087,0,0.5316085202281617,0.48259649005564215,0.049012030172519594
0,real,4,0.25,3094,1,0.779871626323224,0.744220750541859,0.035650875781365055
0,null,4,0.25,3094,1,0.5491572033272177,0.5191408738080144,0.0300163295192033
0,real,4,0.25,3117,2,0.8073798316856812,0.7765342147137465,0.030845616971934664
0,null,4,0.25,3117,2,0.5219191255346337,0.47508844656639737,0.04683067896823634
0,real,4,0.25,3094,3,0.7712301116910211,0.7478736419989784,0.023356469692042636
0,null,4,0.25,3094,3,0.5194680232649507,0.4814969014427022,0.03797112182224849
0,real,4,0.25,3100,4,0.7763799280800604,0.73332192062315,0.04305800745691035
0,null,4,0.25,3100,4,0.5301937686736875,0.49876822536790294,0.031425543305784565
0,real,4,0.25,3097,5,0.8113901382486182,0.7868525893224613,0.024537548926156894
0,null,4,0.25,3097,5,0.5287393218849711,0.4885425163454833,0.04019680553948779
0,real,4,0.5,6188,0,0.7940058437971176,0.7768755653269583,0.017130278470159244
0,null,4,0.5,6188,0,0.5091067318917797,0.48657475919434323,0.022531972697436453
0,real,4,0.5,6204,1,0.774934560666408,0.7517300174686462,0.023204543197761773
0,null,4,0.5,6204,1,0.527369953815463,0.502312689474547,0.02505726434091604
0,real,4,0.5,6226,2,0.7813238003130114,0.7598595293010795,0.021464271011931935
0,null,4,0.5,6226,2,0.5291046805538765,0.5111291282193143,0.01797555233456216
0,real,4,0.5,6187,3,0.7793676883635974,0.7623266739449468,0.01704101441865058
0,null,4,0.5,6187,3,0.5231447901089459,0.501662525347054,0.021482264761891856
0,real,4,0.5,6214,4,0.762153425634172,0.7458908529368264,0.016262572697345545
0,null,4,0.5,6214,4,0.5133521229771537,0.4987276721771016,0.014624450800052091
0,real,4,0.5,6187,5,0.794909936018507,0.7812396455306174,0.013670290487889591
0,null,4,0.5,6187,5,0.5334616411136658,0.5139527749856293,0.019508866128036484
0,real,4,1.0,12412,0,0.7820493403191042,0.7711523099018681,0.010897030417236109
0,null,4,1.0,12412,0,0.5072035015005276,0.48508337237145494,0.022120129129072685
0,real,4,1.0,12412,1,0.7810390925821876,0.7743513372302052,0.006687755351982405
0,null,4,1.0,12412,1,0.5117158059608965,0.49146042125735995,0.02025538470353655
0,real,4,1.0,12412,2,0.7785873019729134,0.7740828674209745,0.00450443455193883
0,null,4,1.0,12412,2,0.5130021337348233,0.5002754336071771,0.012726700127646207
0,real,4,1.0,12412,3,0.7809372208591238,0.7713967030556492,0.009540517803474535
0,null,4,1.0,12412,3,0.5140364572933014,0.49847289818268464,0.015563559110616743
0,real,4,1.0,12412,4,0.7807240201933013,0.77176105948423,0.008962960709071321
0,null,4,1.0,12412,4,0.5074883099622365,0.49144297197400644,0.016045337988230046
0,real,4,1.0,12412,5,0.7790926817510755,0.7730539101557629,0.006038771595312631
0,null,4,1.0,12412,5,0.5130738548429191,0.49813319767690495,0.01494065716601417
0,real,8,0.1,1224,0,0.8346762759818337,0.7871369825492335,0.047539293432600216
0,null,8,0.1,1224,0,0.5813123694379687,0.4936348537929282,0.0876775156450405
0,real,8,0.1,1236,1,0.8189123857640095,0.7513485287418381,0.06756385702217138
0,null,8,0.1,1236,1,0.5634508924639766,0.5090170542347074,0.05443383822926917
0,real,8,0.1,1251,2,0.824152802489787,0.7752705213595,0.04888228113028692
0,null,8,0.1,1251,2,0.5946727213380867,0.49279038322703855,0.10188233811104813
0,real,8,0.1,1241,3,0.8389441442949342,0.780736724651027,0.0582074196439073
0,null,8,0.1,1241,3,0.5983790436488564,0.5166545970905428,0.08172444655831357
0,real,8,0.1,1240,4,0.8400633475210311,0.7980441938735454,0.04201915364748565
0,null,8,0.1,1240,4,0.5277028935831201,0.45114079808817603,0.07656209549494403
0,real,8,0.1,1251,5,0.8203122367432099,0.7561129029554405,0.06419933378776932
0,null,8,0.1,1251,5,0.5538895620097889,0.4618211380711863,0.0920684239386026
0,real,8,0.25,3081,0,0.8020485005927186,0.7657771028782299,0.03627139771448873
0,null,8,0.25,3081,0,0.5393792633063683,0.4965984680729238,0.042780795233444524
0,real,8,0.25,3097,1,0.7918190237082704,0.7589411005449881,0.03287792316328231
0,null,8,0.25,3097,1,0.5255511788797715,0.4765502007413374,0.049000978138434126
0,real,8,0.25,3100,2,0.7977464122128471,0.75626397359511,0.04148243861773715
0,null,8,0.25,3100,2,0.5672850827782947,0.5110716639873422,0.05621341879095254
0,real,8,0.25,3085,3,0.7954292145251374,0.7575124224574602,0.037916792067677174
0,null,8,0.25,3085,3,0.5360876474988221,0.47615256501280406,0.05993508248601803
0,real,8,0.25,3098,4,0.8237153278141012,0.7995969219339575,0.02411840588014369
0,null,8,0.25,3098,4,0.5404066613500429,0.48217102936376394,0.05823563198627896
0,real,8,0.25,3114,5,0.7920496881349843,0.7552527938799154,0.036796894255068935
0,null,8,0.25,3114,5,0.528934215470514,0.46576673311633676,0.06316748235417724
0,real,8,0.5,6182,0,0.7874164750662924,0.7705968865842552,0.01681958848203724
0,null,8,0.5,6182,0,0.5345406024017687,0.4944531360334445,0.04008746636832422
0,real,8,0.5,6204,1,0.799988910676489,0.7739435198277524,0.026045390848736583
0,null,8,0.5,6204,1,0.5262160569841745,0.5013416734107585,0.02487438357341598
0,real,8,0.5,6208,2,0.7979854374857966,0.773025461355076,0.02495997613072065
0,null,8,0.5,6208,2,0.5388862144152127,0.5071030305959171,0.03178318381929557
0,real,8,0.5,6218,3,0.7875664298643053,0.7646058828892299,0.022960546975075324
0,null,8,0.5,6218,3,0.5252563316498319,0.4902011482544379,0.035055183395393985
0,real,8,0.5,6216,4,0.8011964939413063,0.7791707352397977,0.02202575870150858
0,null,8,0.5,6216,4,0.5349619413377741,0.5001499741491765,0.03481196718859758
0,real,8,0.5,6205,5,0.7827614446032174,0.7550820462890897,0.02767939831412769
0,null,8,0.5,6205,5,0.5276822937588963,0.49044844800592113,0.03723384575297517
0,real,8,1.0,12412,0,0.7870925747562824,0.7750176130529759,0.012074961703306464
0,null,8,1.0,12412,0,0.5199565268250103,0.4923009420162831,0.02765558480872715
0,real,8,1.0,12412,1,0.7869238159570306,0.7755322793431729,0.011391536613857722
0,null,8,1.0,12412,1,0.5164701020902757,0.49076030968871076,0.0257097924015649
0,real,8,1.0,12412,2,0.7874003259680914,0.7754440316669633,0.011956294301128101
0,null,8,1.0,12412,2,0.5203426543906636,0.48900642477032247,0.03133622962034116
0,real,8,1.0,12412,3,0.7861167030920269,0.7737509018818723,0.012365801210154515
0,null,8,1.0,12412,3,0.5183374667716351,0.4909503622138187,0.027387104557816344
0,real,8,1.0,12412,4,0.7862942330766721,0.7704112570866584,0.01588297599001376
0,null,8,1.0,12412,4,0.5189484699143642,0.4975572411723112,0.02139122874205296
0,real,8,1.0,12412,5,0.787104644282412,0.7690093865804717,0.018095257701940315
0,null,8,1.0,12412,5,0.5196747338133219,0.4909584914083756,0.028716242404946246
0,real,15,0.1,1237,0,0.825031663456592,0.7467960142921586,0.07823564916443337
0,null,15,0.1,1237,0,0.574225758809113,0.4770978350125333,0.0971279237965797
0,real,15,0.1,1242,1,0.8397718636445819,0.7620836462460908,0.07768821739849108
0,null,15,0.1,1242,1,0.6001395721874975,0.49447084391783896,0.10566872826965851
0,real,15,0.1,1242,2,0.8153962379207076,0.7302409115834455,0.08515532633726208
0,null,15,0.1,1242,2,0.5603551183914771,0.4579534232473222,0.10240169514415493
0,real,15,0.1,1242,3,0.802515644652088,0.7456540250417651,0.05686161961032288
0,null,15,0.1,1242,3,0.604520675865151,0.5104230713968422,0.09409760446830884
0,real,15,0.1,1241,4,0.8444528690902647,0.7508485629763543,0.09360430611391046
0,null,15,0.1,1241,4,0.6147897776046256,0.4974703286603231,0.11731944894430252
0,real,15,0.1,1235,5,0.8591052599046319,0.7772833064904859,0.081821953414146
0,null,15,0.1,1235,5,0.6070832518651529,0.5031709186733897,0.10391233319176318
0,real,15,0.25,3094,0,0.8175287040981035,0.7748548332043507,0.04267387089375285
0,null,15,0.25,3094,0,0.5506046725878878,0.47638863761880906,0.07421603496907875
0,real,15,0.25,3101,1,0.8196649954132516,0.7729493931869342,0.04671560222631732
0,null,15,0.25,3101,1,0.5608988682487904,0.5033127753851669,0.057586092863623484
0,real,15,0.25,3101,2,0.794860608427392,0.736202182506721,0.05865842592067105
0,null,15,0.25,3101,2,0.5383770358524791,0.4797933888443734,0.0585836470081057
0,real,15,0.25,3097,3,0.8047644775218905,0.765167252638878,0.03959722488301254
0,null,15,0.25,3097,3,0.567909368940385,0.5156975809726353,0.05221178796774972
0,real,15,0.25,3087,4,0.819907540248202,0.7769634685550328,0.04294407169316916
0,null,15,0.25,3087,4,0.549412461192691,0.4879555161434159,0.061456945049275125
0,real,15,0.25,3115,5,0.8150837907236951,0.78097231002494,0.034111480698755026
0,null,15,0.25,3115,5,0.5551639573683239,0.5067228323715415,0.048441124996782436
0,real,15,0.5,6217,0,0.8111382117533265,0.7900562829629234,0.02108192879040305
0,null,15,0.5,6217,0,0.5376523625204507,0.4901803400243304,0.04747202249612026
0,real,15,0.5,6224,1,0.8019403624370766,0.7772268380714537,0.024713524365622908
0,null,15,0.5,6224,1,0.5512633257110796,0.5071224929822649,0.04414083272881475
0,real,15,0.5,6209,2,0.7920319858326808,0.7614575671855276,0.030574418647153156
0,null,15,0.5,6209,2,0.5417222624655167,0.4982517846618859,0.04347047780363078
0,real,15,0.5,6193,3,0.7977722410405013,0.7668261820828697,0.030946058957631584
0,null,15,0.5,6193,3,0.5469412980798831,0.5072609134566585,0.03968038462322465
0,real,15,0.5,6190,4,0.8005265915086623,0.7719700594854545,0.028556532023207848
0,null,15,0.5,6190,4,0.5382618870374458,0.4884287164610716,0.04983317057637421
0,real,15,0.5,6193,5,0.8051161420829881,0.7793995643044836,0.025716577778504446
0,null,15,0.5,6193,5,0.5384342627169334,0.49297341571804204,0.04546084699889136
0,real,15,1.0,12412,0,0.7914912764199219,0.7765655786125024,0.01492569780741948
0,null,15,1.0,12412,0,0.5226830818020274,0.48613730427909463,0.036545777522932754
0,real,15,1.0,12412,1,0.7914912764199219,0.7755866012541746,0.01590467516574734
0,null,15,1.0,12412,1,0.5226830818020274,0.4876188974062863,0.035064184395741105
0,real,15,1.0,12412,2,0.7914912764199219,0.778075368188515,0.013415908231406926
0,null,15,1.0,12412,2,0.5226830818020274,0.4855372018573913,0.037145879944636084
0,real,15,1.0,12412,3,0.7914912764199219,0.7781906989492804,0.013300577470641506
0,null,15,1.0,12412,3,0.5226830818020274,0.4891998449876051,0.03348323681442228
0,real,15,1.0,12412,4,0.7914912764199219,0.771100245120247,0.0203910312996749
0,null,15,1.0,12412,4,0.5226830818020274,0.4921160120176014,0.03056706978442597
0,real,15,1.0,12412,5,0.7914912764199219,0.7739033874952649,0.017587888924657014
0,null,15,1.0,12412,5,0.5226830818020274,0.4912723082777545,0.031410773524272906
1,real,2,0.1,1239,0,0.773279976838308,0.7522968884625825,0.02098308837572549
1,null,2,0.1,1239,0,0.5458359456140763,0.5012464085909965,0.044589537023079884
1,real,2,0.1,1246,1,0.7494473681258073,0.729076977782534,0.02037039034327326
1,null,2,0.1,1246,1,0.5577179739844523,0.5339727374550961,0.02374523652935623
1,real,2,0.1,1251,2,0.7911517139182958,0.7554094111674373,0.035742302750858435
1,null,2,0.1,1251,2,0.5245736657497619,0.45987264242290254,0.0647010233268594
1,real,2,0.1,1227,3,0.7591958113843366,0.795773267718498,-0.03657745633416143
1,null,2,0.1,1227,3,0.5121652636818941,0.4885500627567942,0.02361520092509989
1,real,2,0.1,1247,4,0.781709025776284,0.7604238608548496,0.021285164921434396
1,null,2,0.1,1247,4,0.4938294960267045,0.4822619639612048,0.011567532065499708
1,real,2,0.1,1241,5,0.7810262235105632,0.7481656429724408,0.03286058053812235
1,null,2,0.1,1241,5,0.5436699928420228,0.5016991228705313,0.041970869971491465
1,real,2,0.25,3107,0,0.7728520357994246,0.7492683046730151,0.023583731126409546
1,null,2,0.25,3107,0,0.5209878475432224,0.5082685591787744,0.012719288364447912
1,real,2,0.25,3106,1,0.7745577467947387,0.7544153787572689,0.020142368037469716
1,null,2,0.25,3106,1,0.5203252777709586,0.4992576428210569,0.021067634949901715
1,real,2,0.25,3104,2,0.78545494306616,0.771034638831886,0.014420304234273984
1,null,2,0.25,3104,2,0.5114464612245317,0.4965720992186488,0.014874362005882935
1,real,2,0.25,3091,3,0.777026155344684,0.7590527873975105,0.017973367947173524
1,null,2,0.25,3091,3,0.5097720141318669,0.48887155531581244,0.020900458816054457
1,real,2,0.25,3114,4,0.7811732351862753,0.7683875496040475,0.012785685582227813
1,null,2,0.25,3114,4,0.5113067087249106,0.49644824409909466,0.014858464625815915
1,real,2,0.25,3110,5,0.7817843013648071,0.7597195676235529,0.022064733741254283
1,null,2,0.25,3110,5,0.5358322181868971,0.5094793088384171,0.026352909348480003
1,real,2,0.5,6210,0,0.7624576093104605,0.7569541027280698,0.005503506582390627
1,null,2,0.5,6210,0,0.5103448551361517,0.5019899944658649,0.00835486067028679
1,real,2,0.5,6197,1,0.7458074525409175,0.7352147670594916,0.01059268548142589
1,null,2,0.5,6197,1,0.5240009091304237,0.5105585839708537,0.013442325159570001
1,real,2,0.5,6188,2,0.7686781796010672,0.7610595867257686,0.0076185928752986465
1,null,2,0.5,6188,2,0.5075760916922185,0.4949171935119682,0.012658898180250289
1,real,2,0.5,6213,3,0.7625579883139685,0.7544912219363332,0.00806676637763526
1,null,2,0.5,6213,3,0.5072053268417,0.48577978700692004,0.021425539834780016
1,real,2,0.5,6224,4,0.749324576206214,0.742828500780987,0.006496075425226899
1,null,2,0.5,6224,4,0.5120754157771262,0.5014343369654513,0.010641078811674975
1,real,2,0.5,6203,5,0.7836581001760918,0.7786273194635953,0.005030780712496519
1,null,2,0.5,6203,5,0.5164657308482256,0.5054104540765866,0.011055276771638978
1,real,2,1.0,12412,0,0.7752987612307912,0.7673528821836452,0.007945879047146054
1,null,2,1.0,12412,0,0.5131980257603457,0.4995371620527178,0.013660863707627868
1,real,2,1.0,12412,1,0.7692142849428638,0.7632031033550292,0.006011181587834646
1,null,2,1.0,12412,1,0.5075643884714509,0.4995429129830334,0.008021475488417529
1,real,2,1.0,12412,2,0.7773879543415233,0.773915713608844,0.003472240732679266
1,null,2,1.0,12412,2,0.5106144929528137,0.49459367851139385,0.01602081444141984
1,real,2,1.0,12412,3,0.777707292806488,0.7723219430294169,0.005385349777071058
1,null,2,1.0,12412,3,0.5085476147305336,0.5024523143982742,0.006095300332259357
1,real,2,1.0,12412,4,0.7797655216912511,0.7772805685766533,0.002484953114597843
1,null,2,1.0,12412,4,0.5064518679738148,0.5009761348297863,0.005475733144028494
1,real,2,1.0,12412,5,0.7725008696283847,0.7689019974775372,0.003598872150847532
1,null,2,1.0,12412,5,0.5074400113761339,0.504463454314841,0.0029765570612929615
1,real,4,0.1,1263,0,0.8105535629046642,0.7796019050359703,0.030951657868693916
1,null,4,0.1,1263,0,0.5442762142197015,0.48481234839167264,0.05946386582802887
1,real,4,0.1,1228,1,0.795936947864882,0.7556170666879036,0.04031988117697838
1,null,4,0.1,1228,1,0.5234646288299027,0.45549998831205446,0.06796464051784828
1,real,4,0.1,1236,2,0.8180929695393491,0.7767145317335342,0.04137843780581485
1,null,4,0.1,1236,2,0.5654867248626106,0.5301902266366669,0.03529649822594372
1,real,4,0.1,1230,3,0.8028577193544906,0.7660896357248628,0.0367680836296278
1,null,4,0.1,1230,3,0.5584538501733847,0.5047998765817654,0.053653973591619275
1,real,4,0.1,1244,4,0.8131349929360006,0.7747810274646272,0.038353965471373375
1,null,4,0.1,1244,4,0.5795040544830025,0.513447835320962,0.06605621916204041
1,real,4,0.1,1235,5,0.75059131321841,0.6970417336549003,0.0535495795635097
1,null,4,0.1,1235,5,0.5542623242206406,0.507763536662735,0.046498787557905596
1,real,4,0.25,3134,0,0.7847840664287784,0.7618852429162698,0.022898823512508604
1,null,4,0.25,3134,0,0.5529176617315136,0.5233799091480433,0.029537752583470245
1,real,4,0.25,3097,1,0.7898611632544635,0.7649926399352371,0.0248685233192264
1,null,4,0.25,3097,1,0.5278080607745099,0.48774862113257034,0.04005943964193959
1,real,4,0.25,3110,2,0.805904072756691,0.7885933986630483,0.01731067409364262
1,null,4,0.25,3110,2,0.5242018294716851,0.4899876784583834,0.03421415101330172
1,real,4,0.25,3105,3,0.7920409759465996,0.7614332873915597,0.030607688555039925
1,null,4,0.25,3105,3,0.5490620724635721,0.5175980073849991,0.03146406507857302
1,real,4,0.25,3097,4,0.8078842063100289,0.7785635041374876,0.029320702172541235
1,null,4,0.25,3097,4,0.5554321799926338,0.5171366391302012,0.03829554086243259
1,real,4,0.25,3079,5,0.7980965629808404,0.7674205846507857,0.030675978330054754
1,null,4,0.25,3079,5,0.546337997446463,0.5065713538144595,0.03976664363200355
1,real,4,0.5,6222,0,0.785543578252144,0.7703765206658917,0.015167057586252364
1,null,4,0.5,6222,0,0.5339246223845934,0.5074164091940992,0.026508213190494123
1,real,4,0.5,6213,1,0.7887527089136501,0.7709830168672717,0.01776969204637846
1,null,4,0.5,6213,1,0.528642705046698,0.49907286086660224,0.029569844180095728
1,real,4,0.5,6223,2,0.7915156115663193,0.7760331972505341,0.015482414315785231
1,null,4,0.5,6223,2,0.530616455051316,0.5034189309504716,0.027197524100844417
1,real,4,0.5,6197,3,0.7887975367376222,0.7745729061368966,0.014224630600725652
1,null,4,0.5,6197,3,0.5248075524508167,0.5031867461448063,0.021620806306010376
1,real,4,0.5,6197,4,0.7769369799261805,0.7626013293602621,0.014335650565918345
1,null,4,0.5,6197,4,0.5334852670617714,0.5126065180608461,0.020878749000925234
1,real,4,0.5,6177,5,0.7936787451103134,0.7852707806219124,0.008407964488401087
1,null,4,0.5,6177,5,0.524110402378851,0.4983771183883609,0.025733283990490075
1,real,4,1.0,12412,0,0.780112897713697,0.7737983646296868,0.006314533084010199
1,null,4,1.0,12412,0,0.5172056685076241,0.503354859661306,0.013850808846318063
1,real,4,1.0,12412,1,0.7765207075350787,0.7699733917624391,0.0065473157726396725
1,null,4,1.0,12412,1,0.5211616029799228,0.5074232073285618,0.013738395651360924
1,real,4,1.0,12412,2,0.7845333517910054,0.7762245401435913,0.008308811647414038
1,null,4,1.0,12412,2,0.5172094014059957,0.5009531254308397,0.016256275975155998
1,real,4,1.0,12412,3,0.7782551614798251,0.7728046536668246,0.005450507813000494
1,null,4,1.0,12412,3,0.518972703916295,0.5003009569123603,0.018671747003934702
1,real,4,1.0,12412,4,0.7866283726579231,0.7766757360552,0.009952636602723053
1,null,4,1.0,12412,4,0.5200499102445924,0.5029028443094545,0.017147065935137817
1,real,4,1.0,12412,5,0.7831468046205008,0.7733051690943031,0.009841635526197656
1,null,4,1.0,12412,5,0.5180084261457697,0.505137205202513,0.012871220943256656
1,real,8,0.1,1230,0,0.8186401185973836,0.76648658757065,0.05215353102673359
1,null,8,0.1,1230,0,0.5747010353684225,0.4790734617981899,0.09562757357023266
1,real,8,0.1,1241,1,0.8055842774336597,0.7694831599488845,0.03610111748477518
1,null,8,0.1,1241,1,0.5979139482215142,0.5262009040928677,0.07171304412864654
1,real,8,0.1,1249,2,0.8460874356300958,0.7884145354155696,0.0576729002145262
1,null,8,0.1,1249,2,0.576650624627502,0.48234404224995964,0.09430658237754241
1,real,8,0.1,1244,3,0.818484834198445,0.7580229575936438,0.06046187660480118
1,null,8,0.1,1244,3,0.5863859092547182,0.5105301405198283,0.07585576873488997
1,real,8,0.1,1238,4,0.8227883462530532,0.7503282974919862,0.07246004876106704
1,null,8,0.1,1238,4,0.5846351914570338,0.5197560229735553,0.06487916848347852
1,real,8,0.1,1249,5,0.8231804589813277,0.7627957139423511,0.06038474503897662
1,null,8,0.1,1249,5,0.5912743571346419,0.4951086739925641,0.09616568314207785
1,real,8,0.25,3096,0,0.8022132725895054,0.759035240546174,0.04317803204333137
1,null,8,0.25,3096,0,0.5573268555264448,0.5149287881353434,0.04239806739110141
1,real,8,0.25,3108,1,0.8051933964491435,0.767638549403346,0.03755484704579748
1,null,8,0.25,3108,1,0.5505570664329906,0.5072184113118432,0.04333865512114743
1,real,8,0.25,3100,2,0.8070737601715122,0.7700829241249092,0.036990836046603026
1,null,8,0.25,3100,2,0.5456545154302626,0.5011208812608867,0.044533634169375835
1,real,8,0.25,3112,3,0.7987881650612039,0.7632660272136015,0.035522137847602386
1,null,8,0.25,3112,3,0.5500421145980445,0.5003308031980216,0.04971131140002294
1,real,8,0.25,3101,4,0.7959419840877733,0.7561710685912189,0.039770915496554426
1,null,8,0.25,3101,4,0.5550055644283132,0.5222404626406277,0.032765101787685436
1,real,8,0.25,3104,5,0.7897152196261761,0.7517359798044079,0.03797923982176821
1,null,8,0.25,3104,5,0.5542171642857963,0.5116405963178865,0.04257656796790976
1,real,8,0.5,6210,0,0.7999732318835401,0.7839138296479529,0.016059402235587217
1,null,8,0.5,6210,0,0.5366065538426628,0.5043115740472931,0.03229497979536966
1,real,8,0.5,6218,1,0.7992942549541916,0.7867662045087841,0.012528050445407501
1,null,8,0.5,6218,1,0.5253624255173847,0.4868491148262906,0.03851331069109404
1,real,8,0.5,6205,2,0.7874055357505744,0.7660774157310112,0.02132812001956319
1,null,8,0.5,6205,2,0.5435002375748422,0.5111601096162098,0.03234012795863239
1,real,8,0.5,6216,3,0.7903883649852135,0.7631968721793458,0.027191492805867634
1,null,8,0.5,6216,3,0.5410215544696795,0.5121614946008369,0.028860059868842547
1,real,8,0.5,6210,4,0.8004383996173656,0.7867264298394098,0.013711969777955857
1,null,8,0.5,6210,4,0.5372382607667796,0.5085789928738947,0.028659267892884865
1,real,8,0.5,6222,5,0.7899063199093266,0.7705274306160073,0.019378889293319324
1,null,8,0.5,6222,5,0.536699843477023,0.5006017582782025,0.03609808519882052
1,real,8,1.0,12412,0,0.7879206360967619,0.7753593499627496,0.012561286134012306
1,null,8,1.0,12412,0,0.5254809880053241,0.5037309931424487,0.02174999486287532
1,real,8,1.0,12412,1,0.7909633173771279,0.7828413796456901,0.008121937731437767
1,null,8,1.0,12412,1,0.5224151882551413,0.4986582790453514,0.0237569092097899
1,real,8,1.0,12412,2,0.787542689521776,0.7773899093223229,0.010152780199453093
1,null,8,1.0,12412,2,0.5236671452001549,0.5038055916288002,0.019861553571354662
1,real,8,1.0,12412,3,0.7925446422887976,0.7839220189767017,0.008622623312095956
1,null,8,1.0,12412,3,0.5275651763598261,0.5033008527402616,0.024264323619564543
1,real,8,1.0,12412,4,0.7907103151262467,0.7770666245396513,0.013643690586595425
1,null,8,1.0,12412,4,0.5240671270919195,0.5023068156502293,0.021760311441690217
1,real,8,1.0,12412,5,0.7914525968608926,0.7819290465163253,0.00952355034456731
1,null,8,1.0,12412,5,0.5259568512612887,0.5040837621937673,0.02187308906752139
1,real,15,0.1,1247,0,0.8450745326717191,0.7745702891974304,0.07050424347428863
1,null,15,0.1,1247,0,0.6274893511623617,0.529963336131391,0.09752601503097069
1,real,15,0.1,1243,1,0.8188400582880176,0.7349132298787023,0.08392682840931531
1,null,15,0.1,1243,1,0.5830916518839417,0.4942221470238414,0.08886950486010037
1,real,15,0.1,1240,2,0.8313923073025266,0.7825768854900363,0.04881542181249021
1,null,15,0.1,1240,2,0.5841660144813661,0.5155495547147202,0.06861645976664588
1,real,15,0.1,1242,3,0.8480465213714172,0.758559307467726,0.08948721390369119
1,null,15,0.1,1242,3,0.5909227853706156,0.5301480083554881,0.06077477701512746
1,real,15,0.1,1240,4,0.8251795142757885,0.7583553565021072,0.06682415777368134
1,null,15,0.1,1240,4,0.5535025404650269,0.4654784715726989,0.088024068892328
1,real,15,0.1,1241,5,0.8379766302282552,0.7785453826863943,0.05943124754186091
1,null,15,0.1,1241,5,0.5903757882001905,0.5143308671589452,0.07604492104124538
1,real,15,0.25,3116,0,0.8210995359690489,0.7705319986148855,0.05056753735416342
1,null,15,0.25,3116,0,0.5550263768663602,0.5005526036359577,0.05447377323040259
1,real,15,0.25,3098,1,0.812127733319446,0.7690208904520314,0.04310684286741462
1,null,15,0.25,3098,1,0.5393233957477803,0.48646392270297584,0.052859473044804484
1,real,15,0.25,3099,2,0.809648427612222,0.7710886261484076,0.038559801463814436
1,null,15,0.25,3099,2,0.564136569250655,0.5040704167155483,0.06006615253510672
1,real,15,0.25,3111,3,0.8183788338190503,0.7744167159428587,0.04396211787619164
1,null,15,0.25,3111,3,0.5587196572430088,0.5040807717948111,0.054638885448197616
1,real,15,0.25,3092,4,0.8074236321415241,0.7683584694622732,0.039065162679250975
1,null,15,0.25,3092,4,0.5564250592052763,0.4954202269223193,0.061004832282957
1,real,15,0.25,3096,5,0.8229978627356818,0.7774280374023613,0.045569825333320435
1,null,15,0.25,3096,5,0.5732906656902054,0.5253304586717543,0.04796020701845105
1,real,15,0.5,6224,0,0.8076590342269646,0.7787262279676125,0.02893280625935213
1,null,15,0.5,6224,0,0.5390766103245692,0.5015353185477578,0.037541291776811425
1,real,15,0.5,6207,1,0.8039679544900958,0.7848203821135042,0.019147572376591593
1,null,15,0.5,6207,1,0.5419905796287632,0.5027566717711826,0.03923390785758063
1,real,15,0.5,6200,2,0.8003118088104949,0.781026651508596,0.019285157301898948
1,null,15,0.5,6200,2,0.5401355266499187,0.49444102530142137,0.04569450134849734
1,real,15,0.5,6208,3,0.807169702947805,0.7816721396165769,0.0254975633312281
1,null,15,0.5,6208,3,0.5409020897248474,0.5022011836996216,0.0387009060252258
1,real,15,0.5,6214,4,0.7950327394625827,0.7569006342395911,0.0381321052229916
1,null,15,0.5,6214,4,0.5368525518032907,0.49882118659450825,0.038031365208782475
1,real,15,0.5,6201,5,0.8075751270803969,0.7836943748240607,0.023880752256336235
1,null,15,0.5,6201,5,0.5515757495619953,0.5192759116326496,0.032299837929345654
1,real,15,1.0,12412,0,0.7961989862705084,0.7826170060017233,0.013581980268785099
1,null,15,1.0,12412,0,0.5306581250017224,0.5053394878585865,0.02531863714313587
1,real,15,1.0,12412,1,0.7961989862705084,0.7878115992569248,0.008387387013583658
1,null,15,1.0,12412,1,0.5306581250017224,0.5005705469289744,0.030087578072747978
1,real,15,1.0,12412,2,0.7961989862705084,0.7849584098143914,0.01124057645611709
1,null,15,1.0,12412,2,0.5306581250017224,0.4992864401435579,0.031371684858164495
1,real,15,1.0,12412,3,0.7961989862705084,0.7824340097503211,0.013764976520187377
1,null,15,1.0,12412,3,0.5306581250017224,0.5042918833490854,0.026366241652637012
1,real,15,1.0,12412,4,0.7961989862705084,0.7806493629291497,0.015549623341358787
1,null,15,1.0,12412,4,0.5306581250017224,0.5007202667392853,0.02993785826243711
1,real,15,1.0,12412,5,0.7961989862705084,0.7819646307712538,0.01423435549925467
1,null,15,1.0,12412,5,0.5306581250017224,0.5046593683620326,0.025998756639689757
2,real,2,0.1,1241,0,0.7934346575836866,0.755256131787653,0.038178525796033536
2,null,2,0.1,1241,0,0.5258283565582363,0.5238899839104679,0.001938372647768416
2,real,2,0.1,1229,1,0.7887292749618664,0.7689939385004745,0.019735336461391917
2,null,2,0.1,1229,1,0.5124630145368825,0.48226404254128297,0.03019897199559951
2,real,2,0.1,1243,2,0.7607135014176181,0.7107919757010165,0.04992152571660158
2,null,2,0.1,1243,2,0.5296887280297973,0.48500222024161027,0.044686507788187
2,real,2,0.1,1235,3,0.7912297187411907,0.7529775875293258,0.03825213121186499
2,null,2,0.1,1235,3,0.5422614088185147,0.4978566273551827,0.04440478146333199
2,real,2,0.1,1241,4,0.8070232118504451,0.7745333356247265,0.03248987622571864
2,null,2,0.1,1241,4,0.5326952116343758,0.516290697082635,0.016404514551740856
2,real,2,0.1,1242,5,0.7763104448982625,0.7883459885139951,-0.012035543615732558
2,null,2,0.1,1242,5,0.46772206851809256,0.4658646614628611,0.0018574070552314637
2,real,2,0.25,3096,0,0.7819259305497364,0.7641727118046914,0.017753218745044985
2,null,2,0.25,3096,0,0.5140822929757339,0.4853063079339849,0.028775985041749053
2,real,2,0.25,3093,1,0.7743507353494566,0.7620066921957582,0.012344043153698414
2,null,2,0.25,3093,1,0.5283888119640493,0.5122585497906164,0.01613026217343294
2,real,2,0.25,3110,2,0.7737993325810646,0.7584238603302925,0.015375472250772071
2,null,2,0.25,3110,2,0.5136237095176377,0.5030281429997524,0.010595566517885291
2,real,2,0.25,3108,3,0.7878036308106188,0.7704156002103082,0.017388030600310578
2,null,2,0.25,3108,3,0.524284600265375,0.5025241601284317,0.021760440136943338
2,real,2,0.25,3098,4,0.7823555918074485,0.7651882510378012,0.01716734076964732
2,null,2,0.25,3098,4,0.5319507787096098,0.5168717695094163,0.01507900920019356
2,real,2,0.25,3120,5,0.7816814189841909,0.7641712359241949,0.017510183059995965
2,null,2,0.25,3120,5,0.5191496711092756,0.49745009057326706,0.02169958053600851
2,real,2,0.5,6200,0,0.7871235267887633,0.7782461167884431,0.008877410000320163
2,null,2,0.5,6200,0,0.5054997198956623,0.4917432678027117,0.013756452092950622
2,real,2,0.5,6205,1,0.772383128209693,0.7666439889620591,0.005739139247633918
2,null,2,0.5,6205,1,0.505555559957673,0.49651798578436823,0.009037574173304752
2,real,2,0.5,6216,2,0.760089962143693,0.7565907796001676,0.0034991825435253254
2,null,2,0.5,6216,2,0.49790243155986225,0.47890297854769615,0.0189994530121661
2,real,2,0.5,6205,3,0.778477376074937,0.771501778547917,0.006975597527020039
2,null,2,0.5,6205,3,0.5088830303369922,0.4888880940233489,0.019994936313643352
2,real,2,0.5,6219,4,0.7723849836158444,0.7623920616505384,0.00999292196530599
2,null,2,0.5,6219,4,0.5218617133679933,0.5093494057494377,0.012512307618555596
2,real,2,0.5,6233,5,0.7851434818028896,0.7776151745256208,0.007528307277268831
2,null,2,0.5,6233,5,0.5004039421182682,0.4920758150624119,0.008328127055856338
2,real,2,1.0,12412,0,0.767250999673932,0.764906214592486,0.002344785081445977
2,null,2,1.0,12412,0,0.49306836757546985,0.48341805371217217,0.009650313863297677
2,real,2,1.0,12412,1,0.7744746269070665,0.7643566787356338,0.010117948171432634
2,null,2,1.0,12412,1,0.5023824218772835,0.4917382689129435,0.01064415296434007
2,real,2,1.0,12412,2,0.7793177272785474,0.7756265657392778,0.0036911615392696273
2,null,2,1.0,12412,2,0.5062847512141605,0.4946480860690955,0.011636665145065006
2,real,2,1.0,12412,3,0.7736150521741608,0.7705760561973155,0.0030389959768453156
2,null,2,1.0,12412,3,0.4959410569523845,0.4904728596533922,0.005468197298992283
2,real,2,1.0,12412,4,0.7587324101032671,0.7537354293782697,0.004996980724997435
2,null,2,1.0,12412,4,0.5050074529708171,0.4943516976833179,0.01065575528749918
2,real,2,1.0,12412,5,0.7817612553535402,0.7773855067419607,0.004375748611579522
2,null,2,1.0,12412,5,0.507406526653346,0.49849627389329637,0.008910252760049586
2,real,4,0.1,1239,0,0.8104992652702657,0.7639466319296451,0.04655263334062065
2,null,4,0.1,1239,0,0.526899473105848,0.47224822488010976,0.05465124822573819
2,real,4,0.1,1224,1,0.8134348826702783,0.7495435315807577,0.0638913510895206
2,null,4,0.1,1224,1,0.5766474933010485,0.5306053151841791,0.04604217811686939
2,real,4,0.1,1243,2,0.8261508388871073,0.7744715030423397,0.05167933584476758
2,null,4,0.1,1243,2,0.5562671586549525,0.48709939501385074,0.06916776364110172
2,real,4,0.1,1241,3,0.814845422891437,0.7741092831941155,0.04073613969732148
2,null,4,0.1,1241,3,0.559782996090633,0.4854023907983965,0.0743806052922365
2,real,4,0.1,1238,4,0.8233807646474074,0.7509294746198364,0.072451290027571
2,null,4,0.1,1238,4,0.5668928934126614,0.5016977482120446,0.06519514520061676
2,real,4,0.1,1237,5,0.8189353357516393,0.760827506763457,0.05810782898818234
2,null,4,0.1,1237,5,0.5941822771082949,0.5198059665804826,0.07437631052781224
2,real,4,0.25,3088,0,0.8022037500281572,0.7809710242952432,0.021232725732914015
2,null,4,0.25,3088,0,0.5178924860123783,0.4761080468234868,0.041784439188891465
2,real,4,0.25,3091,1,0.8008118583770326,0.7772878153265597,0.023524043050472954
2,null,4,0.25,3091,1,0.5262816585985982,0.48370282923648467,0.042578829362113546
2,real,4,0.25,3102,2,0.7990792791207525,0.7853164252914294,0.013762853829323074
2,null,4,0.25,3102,2,0.5376095608342027,0.5144929860578443,0.023116574776358423
2,real,4,0.25,3101,3,0.7850228286708643,0.7454707391747691,0.03955208949609512
2,null,4,0.25,3101,3,0.5393713177877753,0.4936782305477739,0.04569308724000137
2,real,4,0.25,3107,4,0.8105247749905932,0.7922013891678421,0.01832338582275106
2,null,4,0.25,3107,4,0.539237276147959,0.501357864028002,0.037879412119957045
2,real,4,0.25,3095,5,0.809252963532117,0.7801218638511564,0.029131099680960504
2,null,4,0.25,3095,5,0.5330803460337048,0.4945887434768428,0.038491602556862015
2,real,4,0.5,6207,0,0.7850627660649985,0.7713256991860653,0.013737066878933168
2,null,4,0.5,6207,0,0.5079596277040196,0.48144018824825,0.026519439455769567
2,real,4,0.5,6187,1,0.7933966849547097,0.7810569749878924,0.012339709966817325
2,null,4,0.5,6187,1,0.5091068955407968,0.48938687791326263,0.01972001762753417
2,real,4,0.5,6212,2,0.7908278188996115,0.7756914971869769,0.01513632171263457
2,null,4,0.5,6212,2,0.5189203730026956,0.5008327938656064,0.018087579137089138
2,real,4,0.5,6209,3,0.7858531971872248,0.7751024754682966,0.010750721718928213
2,null,4,0.5,6209,3,0.5317183622611946,0.5097836597259833,0.021934702535211348
2,real,4,0.5,6217,4,0.7919593820720376,0.7796823427305521,0.012277039341485496
2,null,4,0.5,6217,4,0.5222410086232718,0.5040952116063023,0.0181457970169695
2,real,4,0.5,6215,5,0.7958005780861769,0.7829473162883092,0.012853261797867721
2,null,4,0.5,6215,5,0.5157427620682741,0.492984662058496,0.02275810000977807
2,real,4,1.0,12412,0,0.7846535136426488,0.7776605298882686,0.006992983754380178
2,null,4,1.0,12412,0,0.5078384447973485,0.48848543721641835,0.01935300758093017
2,real,4,1.0,12412,1,0.7785913967910433,0.7692673669490864,0.009324029841956905
2,null,4,1.0,12412,1,0.5048888619177847,0.4867855131184099,0.018103348799374808
2,real,4,1.0,12412,2,0.7820994227248709,0.7776369904030975,0.004462432321773346
2,null,4,1.0,12412,2,0.5031926485269013,0.48337975840683994,0.01981289012006132
2,real,4,1.0,12412,3,0.7897067042229362,0.7778374700274722,0.01186923419546404
2,null,4,1.0,12412,3,0.5100404762855089,0.4945003756796342,0.015540100605874685
2,real,4,1.0,12412,4,0.7816122547049585,0.7668529795818183,0.014759275123140236
2,null,4,1.0,12412,4,0.5072549547996017,0.4885485707028839,0.01870638409671782
2,real,4,1.0,12412,5,0.7878961463637063,0.77830718844643,0.00958895791727632
2,null,4,1.0,12412,5,0.5101774865249258,0.4875327813819643,0.022644705142961463
2,real,8,0.1,1241,0,0.8324374208242645,0.7825744895736014,0.0498629312506631
2,null,8,0.1,1241,0,0.5734621870024372,0.49571857542266606,0.07774361157977117
2,real,8,0.1,1252,1,0.8368467016181681,0.7858152983266484,0.05103140329151967
2,null,8,0.1,1252,1,0.5756525457683184,0.48139651206963663,0.09425603369868174
2,real,8,0.1,1244,2,0.8329002712714628,0.7625185971987104,0.07038167407275242
2,null,8,0.1,1244,2,0.5771474476317457,0.4960561888494308,0.08109125878231493
2,real,8,0.1,1229,3,0.8356236464312762,0.7673207259329561,0.0683029204983201
2,null,8,0.1,1229,3,0.5595761549484252,0.4789255842092878,0.08065057073913734
2,real,8,0.1,1251,4,0.8299606220841216,0.7806021157763979,0.04935850630772365
2,null,8,0.1,1251,4,0.535906460388144,0.4824053875080322,0.053501072880111855
2,real,8,0.1,1238,5,0.8205683274685996,0.7468704627191929,0.07369786474940676
2,null,8,0.1,1238,5,0.5699169446825577,0.46588038715369096,0.10403655752886676
2,real,8,0.25,3107,0,0.8176864790476843,0.7804641883445695,0.03722229070311478
2,null,8,0.25,3107,0,0.5471751243374897,0.5084776064203187,0.03869751791717102
2,real,8,0.25,3101,1,0.8098552707288769,0.7773558082937662,0.032499462435110704
2,null,8,0.25,3101,1,0.5334447673483844,0.4876721097164809,0.045772657631903524
2,real,8,0.25,3107,2,0.812871855990446,0.7755734878049525,0.03729836818549348
2,null,8,0.25,3107,2,0.5427488485663297,0.49322869004813613,0.049520158518193524
2,real,8,0.25,3095,3,0.8282272648400607,0.7996985946922699,0.028528670147790813
2,null,8,0.25,3095,3,0.5495019255631275,0.5017549625952079,0.04774696296791958
2,real,8,0.25,3114,4,0.8007594304932246,0.7575105791306479,0.04324885136257672
2,null,8,0.25,3114,4,0.5345054648036862,0.4882099209424101,0.0462955438612761
2,real,8,0.25,3092,5,0.8133967691349114,0.7889471677605191,0.024449601374392338
2,null,8,0.25,3092,5,0.5298675213823965,0.48448501600339305,0.0453825053790034
2,real,8,0.5,6184,0,0.8056518611566214,0.7753662349949869,0.030285626161634438
2,null,8,0.5,6184,0,0.5316824587198137,0.49981408864719773,0.03186837007261595
2,real,8,0.5,6214,1,0.8044638738278472,0.7834482991959244,0.02101557463192283
2,null,8,0.5,6214,1,0.5248870476343876,0.4942260636873907,0.030660983946996956
2,real,8,0.5,6206,2,0.8054773456952998,0.7877748901062048,0.017702455589095
2,null,8,0.5,6206,2,0.5162962475828546,0.48456650269802093,0.03172974488483371
2,real,8,0.5,6197,3,0.8000764726066636,0.7775243567841624,0.022552115822501162
2,null,8,0.5,6197,3,0.5301291872745388,0.4962447881429588,0.033884399131580034
2,real,8,0.5,6226,4,0.7963216310760167,0.7764285147438041,0.01989311633221258
2,null,8,0.5,6226,4,0.5157746639484957,0.48612600826009905,0.02964865568839664
2,real,8,0.5,6194,5,0.8022749212203751,0.7803151253996566,0.021959795820718497
2,null,8,0.5,6194,5,0.5226375632258631,0.49038208030398023,0.03225548292188285
2,real,8,1.0,12412,0,0.7943317273997897,0.7825675006874395,0.011764226712350223
2,null,8,1.0,12412,0,0.5158747239815012,0.48954588090346307,0.026328843078038178
2,real,8,1.0,12412,1,0.7868533562508161,0.7730947582535233,0.013758597997292843
2,null,8,1.0,12412,1,0.5100104741619546,0.486568526423796,0.023441947738158553
2,real,8,1.0,12412,2,0.7903448416332408,0.7811982641202484,0.009146577512992415
2,null,8,1.0,12412,2,0.5113471255161688,0.48205018005433653,0.029296945461832258
2,real,8,1.0,12412,3,0.7942204220619372,0.7830920356158709,0.011128386446066285
2,null,8,1.0,12412,3,0.5194006182383475,0.48961394012793813,0.02978667811040936
2,real,8,1.0,12412,4,0.7940175306468962,0.7812347976145487,0.012782733032347449
2,null,8,1.0,12412,4,0.514299429453633,0.4949196581170556,0.019379771336577423
2,real,8,1.0,12412,5,0.7881534656491765,0.7736204043780575,0.014533061271119085
2,null,8,1.0,12412,5,0.5183821910903448,0.49654055932374536,0.021841631766599423
2,real,15,0.1,1247,0,0.8333591006776838,0.7816610763923805,0.051698024285303346
2,null,15,0.1,1247,0,0.5910764558997468,0.5330462750672198,0.05803018083252698
2,real,15,0.1,1223,1,0.8754827165870469,0.820989717275951,0.05449299931109586
2,null,15,0.1,1223,1,0.6261839596529148,0.5451890810932372,0.08099487855967769
2,real,15,0.1,1233,2,0.8334019587438527,0.7575550884072049,0.07584687033664783
2,null,15,0.1,1233,2,0.5747352965847421,0.501381445095697,0.07335385148904505
2,real,15,0.1,1240,3,0.8446365599010335,0.7827215761916847,0.06191498370934878
2,null,15,0.1,1240,3,0.5894026564016538,0.4960037842567736,0.09339887214488019
2,real,15,0.1,1243,4,0.8404447902875838,0.7719186619868743,0.06852612830070948
2,null,15,0.1,1243,4,0.5993671385763376,0.478465104715639,0.12090203386069859
2,real,15,0.1,1233,5,0.8255184048087247,0.7701983284173959,0.055320076391328854
2,null,15,0.1,1233,5,0.5949078197052577,0.4946892413989824,0.10021857830627534
2,real,15,0.25,3113,0,0.8230472359166711,0.7815184634309627,0.04152877248570841
2,null,15,0.25,3113,0,0.5480511235088468,0.4810570487353413,0.0669940747735055
2,real,15,0.25,3092,1,0.8098443933368362,0.7570917629144124,0.05275263042242384
2,null,15,0.25,3092,1,0.5675538605051874,0.49832907117080105,0.06922478933438636
2,real,15,0.25,3097,2,0.8192564110371053,0.7802198327010603,0.039036578336045014
2,null,15,0.25,3097,2,0.5531747241608237,0.49851481003159726,0.05465991412922644
2,real,15,0.25,3100,3,0.8204728411783947,0.7782288260010055,0.04224401517738918
2,null,15,0.25,3100,3,0.5565247689346465,0.49958305063553743,0.0569417182991091
2,real,15,0.25,3118,4,0.8087474723580101,0.7614683754740148,0.04727909688399534
2,null,15,0.25,3118,4,0.5412033250253597,0.46425591414705536,0.07694741087830437
2,real,15,0.25,3083,5,0.8041778631427131,0.7557069987302797,0.04847086441243342
2,null,15,0.25,3083,5,0.5593419729049302,0.5063745825953543,0.05296739030957587
2,real,15,0.5,6221,0,0.8082649944372065,0.7872543242502119,0.02101067018699454
2,null,15,0.5,6221,0,0.5257785679866919,0.48365954177514836,0.04211902621154351
2,real,15,0.5,6185,1,0.805220119457505,0.7851246214634149,0.02009549799409016
2,null,15,0.5,6185,1,0.5312723470759098,0.4894909245817701,0.04178142249413963
2,real,15,0.5,6203,2,0.8113252686718971,0.7836938882437141,0.027631380428183028
2,null,15,0.5,6203,2,0.5372971787509178,0.5011358630641383,0.036161315686779494
2,real,15,0.5,6197,3,0.8012392147085595,0.7766224586091445,0.02461675609941505
2,null,15,0.5,6197,3,0.5286386312778607,0.4853911141298281,0.0432475171480326
2,real,15,0.5,6219,4,0.7953863654262998,0.7622473667511313,0.03313899867516856
2,null,15,0.5,6219,4,0.5342213249804431,0.4835284120280177,0.05069291295242534
2,real,15,0.5,6196,5,0.8017815611535452,0.772709326472433,0.029072234681112197
2,null,15,0.5,6196,5,0.5407463879799237,0.49509571437983546,0.04565067360008823
2,real,15,1.0,12412,0,0.796767118799406,0.7833810540066108,0.013386064792795138
2,null,15,1.0,12412,0,0.520909609200073,0.49055974987216694,0.03034985932790607
2,real,15,1.0,12412,1,0.796767118799406,0.782005133166742,0.014761985632663954
2,null,15,1.0,12412,1,0.520909609200073,0.49225737577736994,0.028652233422703066
2,real,15,1.0,12412,2,0.796767118799406,0.7820880231197904,0.014679095679615561
2,null,15,1.0,12412,2,0.520909609200073,0.49368463141295565,0.027224977787117355
2,real,15,1.0,12412,3,0.796767118799406,0.780565789285743,0.016201329513662932
2,null,15,1.0,12412,3,0.520909609200073,0.4882733135215984,0.03263629567847459
2,real,15,1.0,12412,4,0.796767118799406,0.7795329965550134,0.01723412224439258
2,null,15,1.0,12412,4,0.520909609200073,0.4905376624421156,0.030371946757957402
2,real,15,1.0,12412,5,0.796767118799406,0.7781831283680911,0.018583990431314867
2,null,15,1.0,12412,5,0.520909609200073,0.4937642109982738,0.02714539820179923
