finding,pair,context,synergy,ci_lo,ci_hi,sig_pos,sig_neg
Cerebral infarction,T1ax|T2ax,FLAIRax,-0.004803466309923699,-0.01556989862554244,0.007134735762272992,False,False
Cerebral infarction,T1ax|T2ax,T2cor,-0.010220192745326014,-0.024204124526372946,0.0035887019770274716,False,False
Cerebral infarction,T1ax|T2ax,FLAIRax+T2cor,-0.0021493922722737183,-0.010229038362384526,0.00680742892482212,False,False
Cerebral infarction,T1ax|FLAIRax,T2ax,-0.015790259592281145,-0.027115812837915008,-0.005342264793572074,False,True
Cerebral infarction,T1ax|FLAIRax,T2cor,-0.015061582442739573,-0.03234647792509185,-0.0010524801347402317,False,True
Cerebral infarction,T1ax|FLAIRax,T2ax+T2cor,-0.006990781969687276,-0.01565115296901321,0.0013066443744012071,False,False
Cerebral infarction,T1ax|T2cor,T2ax,-0.0035172441418368106,-0.017309078552948675,0.010043749499593307,False,False
Cerebral infarction,T1ax|T2cor,FLAIRax,0.0026281594431070785,-0.01026338391581549,0.0153601070211724,False,False
Cerebral infarction,T1ax|T2cor,T2ax+FLAIRax,0.005282233480757058,-0.002553652360608366,0.012309022092226536,False,False
Cerebral infarction,T2ax|FLAIRax,T1ax,-0.0017452645079051052,-0.012695597881151561,0.008444344125586338,False,False
Cerebral infarction,T2ax|FLAIRax,T2cor,-0.010603010995405657,-0.025060103560934518,0.003123552613611791,False,False
Cerebral infarction,T2ax|FLAIRax,T1ax+T2cor,-0.0025322105223533607,-0.010605105305263745,0.004395479196565029,False,False
Cerebral infarction,T2ax|T2cor,T1ax,-0.0004055530896495115,-0.01164502600097731,0.009887001621473346,False,False
Cerebral infarction,T2ax|T2cor,FLAIRax,-0.0038465731417477475,-0.01709421247028698,0.009529016495279978,False,False
Cerebral infarction,T2ax|T2cor,T1ax+FLAIRax,-0.0011924991040977674,-0.008746701524020763,0.006454276244399999,False,False
Cerebral infarction,FLAIRax|T2cor,T1ax,-0.0037724665628625547,-0.016336641269614555,0.00655373673400836,False,False
Cerebral infarction,FLAIRax|T2cor,T2ax,-0.013358890199904678,-0.025474373650231218,-0.000227404274533976,False,True
Cerebral infarction,FLAIRax|T2cor,T1ax+T2ax,-0.004559412577310811,-0.01228099983321158,0.004416535431159379,False,False
Cerebral hemorrhage,T1ax|T2ax,FLAIRax,-0.012342039398346827,-0.04376353321885048,0.020650869178952046,False,False
Cerebral hemorrhage,T1ax|T2ax,T2cor,-0.002240374286493545,-0.03457882059492977,0.026482112389995316,False,False
Cerebral hemorrhage,T1ax|T2ax,FLAIRax+T2cor,0.0025616106253038675,-0.01772768597646133,0.02184773183898259,False,False
Cerebral hemorrhage,T1ax|FLAIRax,T2ax,0.013236483894724087,-0.012093356248834466,0.04100365542881919,False,False
Cerebral hemorrhage,T1ax|FLAIRax,T2cor,0.009759963300217549,-0.025599511242200106,0.04494540283364813,False,False
Cerebral hemorrhage,T1ax|FLAIRax,T2ax+T2cor,0.014561948212014961,-0.00011432797906315564,0.030740013384333888,False,False
Cerebral hemorrhage,T1ax|T2cor,T2ax,0.012348379168353582,-0.01931685936679048,0.04068895754422492,False,False
Cerebral hemorrhage,T1ax|T2cor,FLAIRax,-0.0012298065380062374,-0.03994308296020118,0.03898400849045657,False,False
Cerebral hemorrhage,T1ax|T2cor,T2ax+FLAIRax,0.013673843485644455,-0.011502381332544689,0.03660285382301006,False,False
Cerebral hemorrhage,T2ax|FLAIRax,T1ax,0.00582535549271986,-0.02053739503901097,0.02985697825952353,False,False
Cerebral hemorrhage,T2ax|FLAIRax,T2cor,-0.018856796762938218,-0.05199043324402438,0.010683055353086323,False,False
Cerebral hemorrhage,T2ax|FLAIRax,T1ax+T2cor,-0.014054811851140808,-0.0321806709443129,0.0010517052553580969,False,False
Cerebral hemorrhage,T2ax|T2cor,T1ax,-0.0010087642940155483,-0.02313528603961643,0.0241278668325804,False,False
Cerebral hemorrhage,T2ax|T2cor,FLAIRax,-0.03579258166152691,-0.07184323317407479,0.002230370459997987,False,False
Cerebral hemorrhage,T2ax|T2cor,T1ax+FLAIRax,-0.020888931637876217,-0.044191820791011666,0.0017790479447726572,False,False
Cerebral hemorrhage,FLAIRax|T2cor,T1ax,0.02199578949069059,-0.005848214975457618,0.05145298161228512,False,False
Cerebral hemorrhage,FLAIRax|T2cor,T2ax,0.000790157829539048,-0.03367170730035286,0.030686474308815038,False,False
Cerebral hemorrhage,FLAIRax|T2cor,T1ax+T2ax,0.002115622146829924,-0.018821690386025484,0.020657615347487005,False,False
Metastatic malignant neoplasm to brain,T1ax|T2ax,FLAIRax,0.019437312590477714,-0.012661875220910885,0.048304658380073154,False,False
Metastatic malignant neoplasm to brain,T1ax|T2ax,T2cor,0.00431749320526531,-0.03371935759394738,0.04446570049376597,False,False
Metastatic malignant neoplasm to brain,T1ax|T2ax,FLAIRax+T2cor,0.0008636301310592713,-0.0163989552934075,0.022527476024372307,False,False
Metastatic malignant neoplasm to brain,T1ax|FLAIRax,T2ax,0.014370868757643498,-0.030474262885290822,0.05794447616350807,False,False
Metastatic malignant neoplasm to brain,T1ax|FLAIRax,T2cor,0.021293500112161592,-0.02533241949780583,0.07003039978342077,False,False
Metastatic malignant neoplasm to brain,T1ax|FLAIRax,T2ax+T2cor,0.017839637037955557,-0.009086608775187735,0.04737909690651221,False,False
Metastatic malignant neoplasm to brain,T1ax|T2cor,T2ax,-0.0006542730619471134,-0.04804679900079656,0.05365000632980548,False,False
Metastatic malignant neoplasm to brain,T1ax|T2cor,FLAIRax,0.02138817767778339,-0.007168091888882072,0.04988561625041393,False,False
Metastatic malignant neoplasm to brain,T1ax|T2cor,T2ax+FLAIRax,0.002814495218364942,-0.019090861879898377,0.022930131529270564,False,False
Metastatic malignant neoplasm to brain,T2ax|FLAIRax,T1ax,-0.01910738469499206,-0.05893840343237298,0.015414774462495433,False,False
Metastatic malignant neoplasm to brain,T2ax|FLAIRax,T2cor,-0.03316543833775077,-0.07664177643585528,0.010143133915547357,False,False
Metastatic malignant neoplasm to brain,T2ax|FLAIRax,T1ax+T2cor,-0.03661930141195681,-0.06441352730924571,-0.013307550328052715,False,True
Metastatic malignant neoplasm to brain,T2ax|T2cor,T1ax,0.036168393858416935,-0.0070976224779551724,0.08143905688716306,False,False
Metastatic malignant neoplasm to brain,T2ax|T2cor,FLAIRax,0.03723015960087062,0.008505628454174935,0.07143729221636712,True,False
Metastatic malignant neoplasm to brain,T2ax|T2cor,T1ax+FLAIRax,0.018656477141452184,-0.0035647055711534566,0.04113062864700129,False,False
Metastatic malignant neoplasm to brain,FLAIRax|T2cor,T1ax,-0.03870949520194092,-0.09502439798597023,0.01106363826327798,False,False
Metastatic malignant neoplasm to brain,FLAIRax|T2cor,T2ax,-0.059690180199217714,-0.11328947838447408,-0.014577793310076883,False,True
Metastatic malignant neoplasm to brain,FLAIRax|T2cor,T1ax+T2ax,-0.056221411918905666,-0.0882742961514409,-0.021956632630015665,False,True
Intracranial meningioma,T1ax|T2ax,FLAIRax,-0.01843416579660151,-0.05136622774750328,0.010714882575416489,False,False
Intracranial meningioma,T1ax|T2ax,T2cor,-0.016814432234375627,-0.0481645685143204,0.015093588045801774,False,False
Intracranial meningioma,T1ax|T2ax,FLAIRax+T2cor,-0.009623452232798778,-0.02868875698020907,0.009134538870214539,False,False
Intracranial meningioma,T1ax|FLAIRax,T2ax,-0.003612817132097714,-0.030769912805059727,0.020152588198322934,False,False
Intracranial meningioma,T1ax|FLAIRax,T2cor,-0.004953594369405372,-0.035624135742625296,0.024324480285416457,False,False
Intracranial meningioma,T1ax|FLAIRax,T2ax+T2cor,0.002237385632171478,-0.011778207787928138,0.018852682968492615,False,False
Intracranial meningioma,T1ax|T2cor,T2ax,-0.014154927984285692,-0.05148464123825251,0.017255662973657535,False,False
Intracranial meningioma,T1ax|T2cor,FLAIRax,-0.017115438783819232,-0.04943686878068362,0.014394214242167342,False,False
Intracranial meningioma,T1ax|T2cor,T2ax+FLAIRax,-0.008304725220016499,-0.026416594085265206,0.008962748701090494,False,False
Intracranial meningioma,T2ax|FLAIRax,T1ax,-0.005581351014389339,-0.02747089068489456,0.023301046274959925,False,False
Intracranial meningioma,T2ax|FLAIRax,T2cor,0.0014200836296716828,-0.027361266798390314,0.030845585473105133,False,False
Intracranial meningioma,T2ax|FLAIRax,T1ax+T2cor,0.008611063631248533,-0.008247341852328708,0.02613139952524965,False,False
Intracranial meningioma,T2ax|T2cor,T1ax,-0.0016846082178017536,-0.02833967073339231,0.02867916611076947,False,False
Intracranial meningioma,T2ax|T2cor,FLAIRax,0.0036970928640333842,-0.02956680526203264,0.0374224859896931,False,False
Intracranial meningioma,T2ax|T2cor,T1ax+FLAIRax,0.012507806427836117,-0.007966078851490812,0.03238366391582847,False,False
Intracranial meningioma,FLAIRax|T2cor,T1ax,-0.021556827394892977,-0.04470799170723503,0.0034781820685391798,False,False
Intracranial meningioma,FLAIRax|T2cor,T2ax,-0.013214615513524297,-0.04401123344116321,0.018674277644537544,False,False
Intracranial meningioma,FLAIRax|T2cor,T1ax+T2ax,-0.007364412749255105,-0.021200748562304677,0.008067929832353965,False,False
Demyelinating disease of central nervous system,T1ax|T2ax,FLAIRax,-0.0038058482776941556,-0.01958294515733777,0.013174973054746677,False,False
Demyelinating disease of central nervous system,T1ax|T2ax,T2cor,0.0015815061860669929,-0.016952737580676964,0.021609862499576832,False,False
Demyelinating disease of central nervous system,T1ax|T2ax,FLAIRax+T2cor,0.0038987305130336837,-0.0059393526586612845,0.01574818536259403,False,False
Demyelinating disease of central nervous system,T1ax|FLAIRax,T2ax,0.016555179900319253,0.0030563247210918854,0.029741823838974037,True,False
Demyelinating disease of central nervous system,T1ax|FLAIRax,T2cor,0.009729799535287919,-0.008565878016160475,0.027634431811979672,False,False
Demyelinating disease of central nervous system,T1ax|FLAIRax,T2ax+T2cor,0.01204702386225461,0.0015073513679731865,0.022549920993600453,True,False
Demyelinating disease of central nervous system,T1ax|T2cor,T2ax,0.000988134799573254,-0.014565907545760317,0.016753821909788826,False,False
Demyelinating disease of central nervous system,T1ax|T2cor,FLAIRax,-0.011224600029219227,-0.028409710079350572,0.007353550134398212,False,False
Demyelinating disease of central nervous system,T1ax|T2cor,T2ax+FLAIRax,-0.003520021238491387,-0.012243040393201435,0.004960416891910657,False,False
Demyelinating disease of central nervous system,T2ax|FLAIRax,T1ax,-0.04455020150300908,-0.06375294105860521,-0.018688405963593988,False,True
Demyelinating disease of central nervous system,T2ax|FLAIRax,T2cor,-0.024913339857562083,-0.04424378114068149,-0.006491646434226748,False,True
Demyelinating disease of central nervous system,T2ax|FLAIRax,T1ax+T2cor,-0.02259611553059539,-0.03680722219936319,-0.008328692401333182,False,True
Demyelinating disease of central nervous system,T2ax|T2cor,T1ax,-0.013346200833239414,-0.034036960304371554,0.007740796836125083,False,False
Demyelinating disease of central nervous system,T2ax|T2cor,FLAIRax,0.000903306348446437,-0.014781060560106618,0.017917211424348514,False,False
Demyelinating disease of central nervous system,T2ax|T2cor,T1ax+FLAIRax,0.008607885139174275,-0.0020069843954339025,0.02000001273219614,False,False
Demyelinating disease of central nervous system,FLAIRax|T2cor,T1ax,-0.029929743211522114,-0.05134409733024453,-0.00900034290799044,False,True
Demyelinating disease of central nervous system,FLAIRax|T2cor,T2ax,-0.003467501201043784,-0.01828105194201666,0.01046637511801093,False,False
Demyelinating disease of central nervous system,FLAIRax|T2cor,T1ax+T2ax,-0.007975657239108426,-0.017494615174642406,0.0017754745901304627,False,False
Herniation of nucleus pulposus,T1ax|T2ax,FLAIRax,0.010398244781167167,-0.025838714436578238,0.04721802660546032,False,False
Herniation of nucleus pulposus,T1ax|T2ax,T2cor,-0.026240065845306006,-0.07495130639136482,0.028462423211052353,False,False
Herniation of nucleus pulposus,T1ax|T2ax,FLAIRax+T2cor,-0.0008210225554192204,-0.02794878567745903,0.025290347019917312,False,False
Herniation of nucleus pulposus,T1ax|FLAIRax,T2ax,-0.0011196755449287199,-0.05478394717641879,0.044928309590638565,False,False
Herniation of nucleus pulposus,T1ax|FLAIRax,T2cor,-0.037979644499433834,-0.08849228999386882,0.01667460778371716,False,False
Herniation of nucleus pulposus,T1ax|FLAIRax,T2ax+T2cor,-0.012560601209547047,-0.046003460263346244,0.014613774971427082,False,False
Herniation of nucleus pulposus,T1ax|T2cor,T2ax,0.056537904453991684,0.00844422479116232,0.10480746657687312,True,False
Herniation of nucleus pulposus,T1ax|T2cor,FLAIRax,0.05631624612595974,-0.00022124481278913943,0.1270779525388537,False,False
Herniation of nucleus pulposus,T1ax|T2cor,T2ax+FLAIRax,0.045096978789373354,0.0034764535997085042,0.08140756327701987,True,False
Herniation of nucleus pulposus,T2ax|FLAIRax,T1ax,-0.016649831212057552,-0.05214660224737962,0.02764430805282994,False,False
Herniation of nucleus pulposus,T2ax|FLAIRax,T2cor,-0.038510775267140834,-0.08477332935138583,0.005932464779161197,False,False
Herniation of nucleus pulposus,T2ax|FLAIRax,T1ax+T2cor,-0.01309173197725405,-0.04088550683534003,0.0167120478245819,False,False
Herniation of nucleus pulposus,T2ax|T2cor,T1ax,-0.02114297763385014,-0.07431026931838362,0.033936192768777726,False,False
Herniation of nucleus pulposus,T2ax|T2cor,FLAIRax,-0.00636561106246025,-0.06552113151789289,0.0401898340167593,False,False
Herniation of nucleus pulposus,T2ax|T2cor,T1ax+FLAIRax,-0.017584878399046638,-0.05582797289192044,0.019411049800811445,False,False
Herniation of nucleus pulposus,FLAIRax|T2cor,T1ax,0.006398401167493378,-0.05312007581369229,0.06494236187788748,False,False
Herniation of nucleus pulposus,FLAIRax|T2cor,T2ax,0.021397426066915207,-0.03437375768457146,0.07811433425342554,False,False
Herniation of nucleus pulposus,FLAIRax|T2cor,T1ax+T2ax,0.009956500402296878,-0.021260952089936624,0.041029033055280134,False,False
Spinal cord compression,T1ax|T2ax,FLAIRax,0.001343287113103389,-0.04339582577651328,0.03924642071897054,False,False
Spinal cord compression,T1ax|T2ax,T2cor,0.011897285599610946,-0.05353754682873074,0.07157378959953337,False,False
Spinal cord compression,T1ax|T2ax,FLAIRax+T2cor,-0.00806368576397279,-0.049607638608948394,0.029204154645893602,False,False
Spinal cord compression,T1ax|FLAIRax,T2ax,0.03347399042446973,-0.018556802746670348,0.09570464545482851,False,False
Spinal cord compression,T1ax|FLAIRax,T2cor,0.036605937951312784,-0.03482280188066041,0.1002201968059365,False,False
Spinal cord compression,T1ax|FLAIRax,T2ax+T2cor,0.01664496658772905,-0.004708073903741924,0.03995612509962148,False,False
Spinal cord compression,T1ax|T2cor,T2ax,0.007256971325213113,-0.03853618464803265,0.05267598594667602,False,False
Spinal cord compression,T1ax|T2cor,FLAIRax,-0.00016507963445139753,-0.04866643025921767,0.054674180052438584,False,False
Spinal cord compression,T1ax|T2cor,T2ax+FLAIRax,-0.00957205251152758,-0.027376920240592798,0.009700686707739168,False,False
Spinal cord compression,T2ax|FLAIRax,T1ax,-0.006480904577865148,-0.07587441356009336,0.056622483982154054,False,False
Spinal cord compression,T2ax|FLAIRax,T2cor,0.021369568663293773,-0.04195359680498752,0.09768609324607834,False,False
Spinal cord compression,T2ax|FLAIRax,T1ax+T2cor,0.0014085972997100367,-0.052202753403576385,0.046184876121229936,False,False
Spinal cord compression,T2ax|T2cor,T1ax,0.004491845614324091,-0.041108898884045814,0.05762205808836534,False,False
Spinal cord compression,T2ax|T2cor,FLAIRax,0.021788320368975458,-0.03872492681538226,0.09756068296673202,False,False
Spinal cord compression,T2ax|T2cor,T1ax+FLAIRax,0.012381347491899276,-0.019902946789854964,0.04788936137215157,False,False
Spinal cord compression,FLAIRax|T2cor,T1ax,0.03434923037629643,-0.025984327382320368,0.10172538188359641,False,False
Spinal cord compression,FLAIRax|T2cor,T2ax,0.059067756090612315,0.010124057194766604,0.11412030722322798,True,False
Spinal cord compression,FLAIRax|T2cor,T1ax+T2ax,0.042238732253871626,0.014142821627778435,0.07087164008280829,True,False
Lacunar infarct,T1ax|T2ax,FLAIRax,0.004262501132957961,-0.009988589504160983,0.02096354292539082,False,False
Lacunar infarct,T1ax|T2ax,T2cor,-0.011722635804830881,-0.025999029338482374,0.0009331455122444315,False,False
Lacunar infarct,T1ax|T2ax,FLAIRax+T2cor,0.0015380424979792888,-0.006329847499587568,0.009783791684686861,False,False
Lacunar infarct,T1ax|FLAIRax,T2ax,-0.011872079493259117,-0.023972811162118572,0.002416321850872647,False,False
Lacunar infarct,T1ax|FLAIRax,T2cor,-0.012933703055861185,-0.028496340744979216,0.003725938070723919,False,False
Lacunar infarct,T1ax|FLAIRax,T2ax+T2cor,0.00032697524694898466,-0.008478022124662823,0.011166444163974805,False,False
Lacunar infarct,T1ax|T2cor,T2ax,-0.02074540607222667,-0.03472773430808638,-0.006714147690582747,False,True
Lacunar infarct,T1ax|T2cor,FLAIRax,-0.005821892697039894,-0.02145537241179053,0.010662158123094883,False,False
Lacunar infarct,T1ax|T2cor,T2ax+FLAIRax,-0.008546351332018566,-0.018767873382346572,0.0020230896908009486,False,False
Lacunar infarct,T2ax|FLAIRax,T1ax,0.004312873204961187,-0.009149148161457657,0.016520768096610572,False,False
Lacunar infarct,T2ax|FLAIRax,T2cor,-0.01589986750582651,-0.03153138530872966,-0.0006481440151527781,False,True
Lacunar infarct,T2ax|FLAIRax,T1ax+T2cor,-0.002639189203016341,-0.012011868172713972,0.005975337391765594,False,False
Lacunar infarct,T2ax|T2cor,T1ax,0.008459294099814855,-0.005326540577767702,0.02204993464895618,False,False
Lacunar infarct,T2ax|T2cor,FLAIRax,0.004231690326816,-0.011405299939948299,0.018123380741163923,False,False
Lacunar infarct,T2ax|T2cor,T1ax+FLAIRax,0.0015072316918373278,-0.010086783511921545,0.012680146416162249,False,False
Lacunar infarct,FLAIRax|T2cor,T1ax,0.018281813841808367,0.002878919445954667,0.0345607979540651,True,False
Lacunar infarct,FLAIRax|T2cor,T2ax,-0.0008693033063772637,-0.013484104029461935,0.011249970899983738,False,False
Lacunar infarct,FLAIRax|T2cor,T1ax+T2ax,0.011329751433830838,0.0028264178462254095,0.02112756916444071,True,False
Silent micro-hemorrhage of brain,T1ax|T2ax,FLAIRax,0.015741024615093385,-0.004975174533752641,0.04096455730401574,False,False
Silent micro-hemorrhage of brain,T1ax|T2ax,T2cor,0.021205339271247202,-0.010744302512754196,0.04509675492166078,False,False
Silent micro-hemorrhage of brain,T1ax|T2ax,FLAIRax+T2cor,0.009249348031775496,-0.00818876145882226,0.026282187833164203,False,False
Silent micro-hemorrhage of brain,T1ax|FLAIRax,T2ax,0.00485452590465788,-0.018067238159336602,0.0262976811963328,False,False
Silent micro-hemorrhage of brain,T1ax|FLAIRax,T2cor,0.003026178420488413,-0.030114779263586015,0.029369552708077097,False,False
Silent micro-hemorrhage of brain,T1ax|FLAIRax,T2ax+T2cor,-0.008929812818983295,-0.022473909942192727,0.005099274457514795,False,False
Silent micro-hemorrhage of brain,T1ax|T2cor,T2ax,0.009103289584794434,-0.01985840854968898,0.03136491667249317,False,False
Silent micro-hemorrhage of brain,T1ax|T2cor,FLAIRax,0.0018106274444711498,-0.02473652048025103,0.028107725504008203,False,False
Silent micro-hemorrhage of brain,T1ax|T2cor,T2ax+FLAIRax,-0.00468104913884674,-0.02776032227928464,0.015222705637820105,False,False
Silent micro-hemorrhage of brain,T2ax|FLAIRax,T1ax,-0.030998832096444887,-0.04940358798952439,-0.011396587876774457,False,True
Silent micro-hemorrhage of brain,T2ax|FLAIRax,T2cor,0.010635926123614909,-0.021565068298816693,0.036267432479096307,False,False
Silent micro-hemorrhage of brain,T2ax|FLAIRax,T1ax+T2cor,-0.0013200651158567997,-0.016117937017574243,0.014199148957585051,False,False
Silent micro-hemorrhage of brain,T2ax|T2cor,T1ax,-0.04641924127328669,-0.06912547047990224,-0.02443969233530418,False,True
Silent micro-hemorrhage of brain,T2ax|T2cor,FLAIRax,-0.010248797709380723,-0.033433677939553805,0.013528475167536125,False,False
Silent micro-hemorrhage of brain,T2ax|T2cor,T1ax+FLAIRax,-0.016740474292698614,-0.03175021498132198,-0.004059915756254801,False,True
Silent micro-hemorrhage of brain,FLAIRax|T2cor,T1ax,-0.01571767142161122,-0.04230650294474533,0.012290200920267957,False,False
Silent micro-hemorrhage of brain,FLAIRax|T2cor,T2ax,0.027745434282618043,0.002148686782690302,0.054269140303111314,True,False
Silent micro-hemorrhage of brain,FLAIRax|T2cor,T1ax+T2ax,0.013961095558976865,0.0012347378055476783,0.028942816697316825,True,False
Cavernous hemangioma,T1ax|T2ax,FLAIRax,-0.05396349549171986,-0.10248718906749722,-0.011256776794383208,False,True
Cavernous hemangioma,T1ax|T2ax,T2cor,0.03689263080061757,-0.016455345359418342,0.08841010817352164,False,False
Cavernous hemangioma,T1ax|T2ax,FLAIRax+T2cor,-0.020830734046521172,-0.06040708533878463,0.0170675309675474,False,False
Cavernous hemangioma,T1ax|FLAIRax,T2ax,0.02957652864612956,-0.004398674580015407,0.06020143074003037,False,False
Cavernous hemangioma,T1ax|FLAIRax,T2cor,0.08848754917233709,0.02749720452673974,0.15326747444855604,True,False
Cavernous hemangioma,T1ax|FLAIRax,T2ax+T2cor,0.030764184325198347,0.001017078532640195,0.06489831318377427,True,False
Cavernous hemangioma,T1ax|T2cor,T2ax,0.0012957920048251063,-0.05583028980678643,0.0601395162715187,False,False
Cavernous hemangioma,T1ax|T2cor,FLAIRax,-0.030649313761304788,-0.08090805414012578,0.017070828290370196,False,False
Cavernous hemangioma,T1ax|T2cor,T2ax+FLAIRax,0.0024834476838938905,-0.03225896879556251,0.03781355723212531,False,False
Cavernous hemangioma,T2ax|FLAIRax,T1ax,-0.03525298967435329,-0.06923669861740858,-0.0028341802349380074,False,True
Cavernous hemangioma,T2ax|FLAIRax,T2cor,0.024030274904472022,-0.02859225285228363,0.06633891402499198,False,False
Cavernous hemangioma,T2ax|FLAIRax,T1ax+T2cor,-0.033693089942666725,-0.06158179508355916,-0.008364383851962915,False,True
Cavernous hemangioma,T2ax|T2cor,T1ax,0.0331200260486638,-0.012377100118770471,0.07478817391322866,False,False
Cavernous hemangioma,T2ax|T2cor,FLAIRax,0.0015471643351516967,-0.057670442273909,0.056616351281802604,False,False
Cavernous hemangioma,T2ax|T2cor,T1ax+FLAIRax,0.034679925780350375,0.00828884621717064,0.05972926956274277,True,False
Cavernous hemangioma,FLAIRax|T2cor,T1ax,0.0011724230576111146,-0.043528332213755266,0.043604984236482965,False,False
Cavernous hemangioma,FLAIRax|T2cor,T2ax,0.0015446671102289009,-0.03656176772000836,0.046234410754832436,False,False
Cavernous hemangioma,FLAIRax|T2cor,T1ax+T2ax,0.0027323227892976825,-0.022630765672606832,0.0264991489971762,False,False
Subdural intracranial hemorrhage,T1ax|T2ax,FLAIRax,0.01713407698231498,-0.014751733564677643,0.0524955601158003,False,False
Subdural intracranial hemorrhage,T1ax|T2ax,T2cor,0.02879198200086081,-0.024260730843107686,0.07893207591069748,False,False
Subdural intracranial hemorrhage,T1ax|T2ax,FLAIRax+T2cor,0.022495766713777718,-0.004203965191644071,0.05034085430986747,False,False
Subdural intracranial hemorrhage,T1ax|FLAIRax,T2ax,-0.09543365779094862,-0.1593002388491003,-0.04699145865783014,False,True
Subdural intracranial hemorrhage,T1ax|FLAIRax,T2cor,-0.03141128358811436,-0.08159983898796988,0.01148302946886234,False,False
Subdural intracranial hemorrhage,T1ax|FLAIRax,T2ax+T2cor,-0.03770749887519744,-0.07287473836534457,-0.0012147427704293488,False,True
Subdural intracranial hemorrhage,T1ax|T2cor,T2ax,-0.041592427803685314,-0.08537723279126758,0.006209556756826267,False,False
Subdural intracranial hemorrhage,T1ax|T2cor,FLAIRax,0.01077204138060312,-0.020419751742408388,0.047884733935106574,False,False
Subdural intracranial hemorrhage,T1ax|T2cor,T2ax+FLAIRax,0.01613373111206586,-0.0088148787308602,0.045339711083109566,False,False
Subdural intracranial hemorrhage,T2ax|FLAIRax,T1ax,0.0699577285190428,0.029725711659154934,0.11361872130179862,True,False
Subdural intracranial hemorrhage,T2ax|FLAIRax,T2cor,0.0033939687455781103,-0.08050002666221881,0.07046874716990172,False,False
Subdural intracranial hemorrhage,T2ax|FLAIRax,T1ax+T2cor,-0.002902246541504981,-0.040958752276338585,0.0371236655572371,False,False
Subdural intracranial hemorrhage,T2ax|T2cor,T1ax,0.07097286184637258,0.02811078128306481,0.11483426171899971,True,False
Subdural intracranial hemorrhage,T2ax|T2cor,FLAIRax,-0.007248802945637952,-0.051824270993531985,0.026152607454994797,False,False
Subdural intracranial hemorrhage,T2ax|T2cor,T1ax+FLAIRax,-0.0018871132141752142,-0.02940738030389781,0.023502637124096653,False,False
Subdural intracranial hemorrhage,FLAIRax|T2cor,T1ax,0.08206288994864643,0.025783900858633243,0.13997359862348416,True,False
Subdural intracranial hemorrhage,FLAIRax|T2cor,T2ax,-0.04852324402765254,-0.09128407252723507,0.008374550706522346,False,False
Subdural intracranial hemorrhage,FLAIRax|T2cor,T1ax+T2ax,0.009202914888098638,-0.027525277484957894,0.050085649159227766,False,False
Gliosis,T1ax|T2ax,FLAIRax,-0.0019181628589471655,-0.004832698594087576,0.0015535971655407984,False,False
Gliosis,T1ax|T2ax,T2cor,-0.004433204802533326,-0.007461113193458446,-0.0011632523961567904,False,True
Gliosis,T1ax|T2ax,FLAIRax+T2cor,-0.0020443319779230025,-0.004247957640446392,0.0003284852345758012,False,False
Gliosis,T1ax|FLAIRax,T2ax,0.0008026048421860025,-0.0017287162147935713,0.0034271975056432607,False,False
Gliosis,T1ax|FLAIRax,T2cor,-0.0032617003206366676,-0.0070657457633227505,0.00046670859507503176,False,False
Gliosis,T1ax|FLAIRax,T2ax+T2cor,-0.0008728274960263438,-0.002858318495573356,0.0010391921825003783,False,False
Gliosis,T1ax|T2cor,T2ax,0.002483185119053775,-0.0011583555041947246,0.005464044459782934,False,False
Gliosis,T1ax|T2cor,FLAIRax,0.0009339218998172656,-0.0025000574627028703,0.0047758459625391065,False,False
Gliosis,T1ax|T2cor,T2ax+FLAIRax,0.0008077527808414286,-0.0013601272637769086,0.002768405755312901,False,False
Gliosis,T2ax|FLAIRax,T1ax,-0.005782017529988584,-0.00888994065244882,-0.0025833962158399596,False,True
Gliosis,T2ax|FLAIRax,T2cor,-0.0048343030151187264,-0.008433262123387386,-0.0008381247816682121,False,True
Gliosis,T2ax|FLAIRax,T1ax+T2cor,-0.002445430190508403,-0.004489880727819762,-0.00033487274052092805,False,True
Gliosis,T2ax|T2cor,T1ax,-0.0037263738825370116,-0.007302049050791753,-0.0004612796968860479,False,True
Gliosis,T2ax|T2cor,FLAIRax,-0.00026361742408099407,-0.003933638200889883,0.0038590313917746828,False,False
Gliosis,T2ax|T2cor,T1ax+FLAIRax,-0.0003897865430568311,-0.002438090615699923,0.0019235915747229818,False,False
Gliosis,FLAIRax|T2cor,T1ax,-0.006975746056991753,-0.010708326515435001,-0.0032672004499927337,False,True
Gliosis,FLAIRax|T2cor,T2ax,-0.001963726379299226,-0.004734335908589252,0.001309158661673945,False,False
Gliosis,FLAIRax|T2cor,T1ax+T2ax,-0.003639158717511572,-0.005506457164755191,-0.0014917589601836595,False,True
Cerebral atrophy,T1ax|T2ax,FLAIRax,-0.0016838670809872054,-0.003624784850280535,-4.789273409144923e-05,False,True
Cerebral atrophy,T1ax|T2ax,T2cor,-0.0008504365773282263,-0.003022732276756307,0.0009986946004533145,False,False
Cerebral atrophy,T1ax|T2ax,FLAIRax+T2cor,-0.0002864325810257155,-0.0013788562505875513,0.0008719936578169551,False,False
Cerebral atrophy,T1ax|FLAIRax,T2ax,-0.0010212445300053794,-0.0026769357834292296,0.00045491608337212825,False,False
Cerebral atrophy,T1ax|FLAIRax,T2cor,-0.000597488592591238,-0.0027311801927804385,0.001120224937847505,False,False
Cerebral atrophy,T1ax|FLAIRax,T2ax+T2cor,-3.34845962887272e-05,-0.001002617022395999,0.0009410291297187751,False,False
Cerebral atrophy,T1ax|T2cor,T2ax,-0.0012560357907567214,-0.0031350281453641133,0.0004349376472623623,False,False
Cerebral atrophy,T1ax|T2cor,FLAIRax,-0.0016657103570015593,-0.0038304191604741633,0.0006739123633744475,False,False
Cerebral atrophy,T1ax|T2cor,T2ax+FLAIRax,-0.00026827585704006934,-0.0013934431345291377,0.0008427381362869964,False,False
Cerebral atrophy,T2ax|FLAIRax,T1ax,-0.0018646609885351584,-0.003281640671418176,-0.00026200544359131916,False,True
Cerebral atrophy,T2ax|FLAIRax,T2cor,-0.001124767237211231,-0.003265383825578372,0.0008237119271436767,False,False
Cerebral atrophy,T2ax|FLAIRax,T1ax+T2cor,-0.0005607632409087201,-0.0016190008090875229,0.00045036936673835377,False,False
Cerebral atrophy,T2ax|T2cor,T1ax,-0.0007293222100305999,-0.0025978137769007343,0.00103870822245878,False,False
Cerebral atrophy,T2ax|T2cor,FLAIRax,-0.0008228589623656517,-0.0029921517399048745,0.0010603267844779048,False,False
Cerebral atrophy,T2ax|T2cor,T1ax+FLAIRax,0.0005745755375958383,-0.0006504930348424448,0.0018044408096492192,False,False
Cerebral atrophy,FLAIRax|T2cor,T1ax,-0.0015877233645990411,-0.0032312411805401563,0.00018477536258315198,False,False
Cerebral atrophy,FLAIRax|T2cor,T2ax,-0.0012715855506892548,-0.003006222707215295,0.00024728371182920045,False,False
Cerebral atrophy,FLAIRax|T2cor,T1ax+T2ax,-0.00028382561697260276,-0.0013824558959765448,0.0007557629542791349,False,False
Encephalomalacia,T1ax|T2ax,FLAIRax,-0.003246595646740709,-0.0221858207131404,0.013300944257482475,False,False
Encephalomalacia,T1ax|T2ax,T2cor,-0.005905209793573089,-0.023203700506458553,0.011956550782700756,False,False
Encephalomalacia,T1ax|T2ax,FLAIRax+T2cor,0.0029325434653256688,-0.009630913999499046,0.016147846692664385,False,False
Encephalomalacia,T1ax|FLAIRax,T2ax,0.013165426119793105,-0.0073331435003264386,0.03106399416593864,False,False
Encephalomalacia,T1ax|FLAIRax,T2cor,-0.003817249521018159,-0.025314505952171367,0.017280710640654676,False,False
Encephalomalacia,T1ax|FLAIRax,T2ax+T2cor,0.005020503737880597,-0.008321601074472905,0.018293980358286607,False,False
Encephalomalacia,T1ax|T2cor,T2ax,0.011458610370197539,-0.004444787522084167,0.02653090017480145,False,False
Encephalomalacia,T1ax|T2cor,FLAIRax,-0.0028654511237813486,-0.02094029466599783,0.01488136283691647,False,False
Encephalomalacia,T1ax|T2cor,T2ax+FLAIRax,0.0033136879882850294,-0.0063922356504852755,0.012975792162624872,False,False
Encephalomalacia,T2ax|FLAIRax,T1ax,-0.008490028670964787,-0.023523609210971512,0.004717907527606934,False,False
Encephalomalacia,T2ax|FLAIRax,T2cor,-0.02397069350940335,-0.04771189520007968,-0.005340487639014905,False,True
Encephalomalacia,T2ax|FLAIRax,T1ax+T2cor,-0.01513294025050459,-0.026158304646249242,-0.0027699323643631084,False,True
Encephalomalacia,T2ax|T2cor,T1ax,0.01889547095789197,0.0005246286010145541,0.03648714463886178,True,False
Encephalomalacia,T2ax|T2cor,FLAIRax,0.006073420266285788,-0.012440821018318945,0.027543770350737663,False,False
Encephalomalacia,T2ax|T2cor,T1ax+FLAIRax,0.012252559378352167,-0.001575670512129368,0.02446348502320421,False,False
Encephalomalacia,FLAIRax|T2cor,T1ax,-0.014433895697436281,-0.03150639782429862,0.0027295501274689727,False,False
Encephalomalacia,FLAIRax|T2cor,T2ax,-0.012931884895063578,-0.030243325458601693,0.0019919928732908226,False,False
Encephalomalacia,FLAIRax|T2cor,T1ax+T2ax,-0.02107680727697609,-0.03272954982933575,-0.010726413510371475,False,True
Arachnoid cyst,T1ax|T2ax,FLAIRax,-0.004345462895125559,-0.01723596993920913,0.0074867610524797954,False,False
Arachnoid cyst,T1ax|T2ax,T2cor,-0.010395689578664723,-0.02521750581428175,0.003713731166614435,False,False
Arachnoid cyst,T1ax|T2ax,FLAIRax+T2cor,-0.0038097612369546474,-0.01242049096673,0.005114829369650066,False,False
Arachnoid cyst,T1ax|FLAIRax,T2ax,0.011158852997777025,-0.0011746241123856858,0.023569164661089333,False,False
Arachnoid cyst,T1ax|FLAIRax,T2cor,0.00626636081901891,-0.008907876505099412,0.023290429029931115,False,False
Arachnoid cyst,T1ax|FLAIRax,T2ax+T2cor,0.012852289160728985,0.004253101266182344,0.02153043164909546,True,False
Arachnoid cyst,T1ax|T2cor,T2ax,0.003502363496869558,-0.009027973530536254,0.01826194616956572,False,False
Arachnoid cyst,T1ax|T2cor,FLAIRax,0.004660098001650607,-0.010228460020229336,0.020479532483803346,False,False
Arachnoid cyst,T1ax|T2cor,T2ax+FLAIRax,0.0051957996598215195,-0.0036117563861000875,0.014105283748685938,False,False
Arachnoid cyst,T2ax|FLAIRax,T1ax,-0.016872380871991065,-0.028360795575939207,-0.004388593123125308,False,True
Arachnoid cyst,T2ax|FLAIRax,T2cor,-0.012850549696929458,-0.029768368480460963,0.0016886703749352404,False,False
Arachnoid cyst,T2ax|FLAIRax,T1ax+T2cor,-0.006264621355219383,-0.015481031590485814,0.002402125008487121,False,False
Arachnoid cyst,T2ax|T2cor,T1ax,-0.004513976585382785,-0.017790049888720894,0.009763628490659166,False,False
Arachnoid cyst,T2ax|T2cor,FLAIRax,0.005558081273217983,-0.010545216811602342,0.02096496498329156,False,False
Arachnoid cyst,T2ax|T2cor,T1ax+FLAIRax,0.006093782931388895,-0.0031829772260781736,0.015195741562774633,False,False
Arachnoid cyst,FLAIRax|T2cor,T1ax,-0.020205115690221116,-0.03233448846278583,-0.00690300992850043,False,True
Arachnoid cyst,FLAIRax|T2cor,T2ax,-0.011290792336401395,-0.023589392115009187,0.0008405995697159306,False,False
Arachnoid cyst,FLAIRax|T2cor,T1ax+T2ax,-0.009597356173449435,-0.018326304761733837,-0.00018437539145406832,False,True
Empty sella syndrome,T1ax|T2ax,FLAIRax,0.0004225729743240725,-0.008868443080937243,0.010291078178616495,False,False
Empty sella syndrome,T1ax|T2ax,T2cor,0.005729403553490822,-0.006588233645474303,0.015555415442501445,False,False
Empty sella syndrome,T1ax|T2ax,FLAIRax+T2cor,-0.0028778122268940916,-0.010550268574251448,0.004734127611434411,False,False
Empty sella syndrome,T1ax|FLAIRax,T2ax,0.0031723610880642476,-0.006628318561748936,0.011420793194596221,False,False
Empty sella syndrome,T1ax|FLAIRax,T2cor,0.013248977984675211,0.0010051245594695254,0.023259191664844477,True,False
Empty sella syndrome,T1ax|FLAIRax,T2ax+T2cor,0.004641762204290296,-0.002646037984912999,0.010608505553739819,False,False
Empty sella syndrome,T1ax|T2cor,T2ax,-0.006561361872983532,-0.016877330916536912,0.004916490799165702,False,False
Empty sella syndrome,T1ax|T2cor,FLAIRax,-0.0017915755555393187,-0.013144942272438601,0.009991172622500651,False,False
Empty sella syndrome,T1ax|T2cor,T2ax+FLAIRax,-0.005091960756757483,-0.012203987493840338,0.0024206607446583196,False,False
Empty sella syndrome,T2ax|FLAIRax,T1ax,-0.01791254199672251,-0.026616076405798134,-0.00879356612095422,False,True
Empty sella syndrome,T2ax|FLAIRax,T2cor,0.0012826422087790343,-0.00782804140034943,0.011640140874221841,False,False
Empty sella syndrome,T2ax|FLAIRax,T1ax+T2cor,-0.007324573571605881,-0.012786162921736325,-0.0011238611042703242,False,True
Empty sella syndrome,T2ax|T2cor,T1ax,-0.011755023118757231,-0.023173454566632126,-0.002276482118210803,False,True
Empty sella syndrome,T2ax|T2cor,FLAIRax,0.002133330507577564,-0.009681763378176209,0.012120755296799254,False,False
Empty sella syndrome,T2ax|T2cor,T1ax+FLAIRax,-0.0011670546936406,-0.007534659395555024,0.0051872629748479174,False,False
Empty sella syndrome,FLAIRax|T2cor,T1ax,-0.007727756526573843,-0.019104619978776095,0.0036957157997461773,False,False
Empty sella syndrome,FLAIRax|T2cor,T2ax,0.00139081078231674,-0.008768842047890779,0.010978607177787095,False,False
Empty sella syndrome,FLAIRax|T2cor,T1ax+T2ax,0.0028602118985427884,-0.0033322018204063938,0.010052519589866879,False,False
Intracranial aneurysm,T1ax|T2ax,FLAIRax,0.006492802493405121,-0.056489854512143,0.07591916192371069,False,False
Intracranial aneurysm,T1ax|T2ax,T2cor,0.04181426241773637,-0.027172002712401905,0.10363601852167842,False,False
Intracranial aneurysm,T1ax|T2ax,FLAIRax+T2cor,0.036852944020476903,-0.011869396763793229,0.08237387775652183,False,False
Intracranial aneurysm,T1ax|FLAIRax,T2ax,-0.03255441143801529,-0.08270786182244041,0.021239373908255574,False,False
Intracranial aneurysm,T1ax|FLAIRax,T2cor,-0.06997891770272627,-0.13742659342370775,0.004324702988440468,False,False
Intracranial aneurysm,T1ax|FLAIRax,T2ax+T2cor,-0.07494023609998574,-0.11036161488165325,-0.038887294765495184,False,True
Intracranial aneurysm,T1ax|T2cor,T2ax,0.0389990581527048,-0.035150195433022204,0.10029093468984568,False,False
Intracranial aneurysm,T1ax|T2cor,FLAIRax,-0.03374690803633744,-0.0971066599718664,0.02591233915045867,False,False
Intracranial aneurysm,T1ax|T2cor,T2ax+FLAIRax,-0.0033867665092656507,-0.04295969265841041,0.033923927779476684,False,False
Intracranial aneurysm,T2ax|FLAIRax,T1ax,-0.02134804810773177,-0.06668148382937651,0.026615050660244124,False,False
Intracranial aneurysm,T2ax|FLAIRax,T2cor,0.0053560838174451396,-0.06879051448541568,0.08077862272743751,False,False
Intracranial aneurysm,T2ax|FLAIRax,T1ax+T2cor,0.00039476542018567244,-0.0319823067831855,0.03539281476607581,False,False
Intracranial aneurysm,T2ax|T2cor,T1ax,-0.017064647041406825,-0.06691384814409233,0.03934910487986269,False,False
Intracranial aneurysm,T2ax|T2cor,FLAIRax,-0.025681975040561168,-0.08907384185018657,0.03623816384233062,False,False
Intracranial aneurysm,T2ax|T2cor,T1ax+FLAIRax,0.004678166486510616,-0.027972725351899423,0.04236383870202295,False,False
Intracranial aneurysm,FLAIRax|T2cor,T1ax,-0.007918012438282378,-0.05681823970905245,0.043911908080832784,False,False
Intracranial aneurysm,FLAIRax|T2cor,T2ax,0.05621062575160553,-0.010017036864974528,0.1107042372899185,False,False
Intracranial aneurysm,FLAIRax|T2cor,T1ax+T2ax,0.013824801089635064,-0.013100003838206671,0.03906945347311799,False,False
Chiari malformation,T1ax|T2ax,FLAIRax,0.03305676357980025,0.007208200312158039,0.059432086069242926,True,False
Chiari malformation,T1ax|T2ax,T2cor,0.009597879669507803,-0.018025583362895163,0.046819396384147775,False,False
Chiari malformation,T1ax|T2ax,FLAIRax+T2cor,0.017311573682193878,-0.0017503422900928154,0.04054625204592373,False,False
Chiari malformation,T1ax|FLAIRax,T2ax,0.016410846315304033,-0.0143031820381137,0.04985329245516159,False,False
Chiari malformation,T1ax|FLAIRax,T2cor,-0.005128370447757231,-0.02991699189310615,0.02167561644934868,False,False
Chiari malformation,T1ax|FLAIRax,T2ax+T2cor,0.002585323564928842,-0.015590315457169015,0.022803512106859013,False,False
Chiari malformation,T1ax|T2cor,T2ax,0.016981667378589905,-0.008902745920937188,0.04191923625854615,False,False
Chiari malformation,T1ax|T2cor,FLAIRax,0.01890133452582109,-0.009284831797221546,0.051676983835740195,False,False
Chiari malformation,T1ax|T2cor,T2ax+FLAIRax,0.0031561446282147134,-0.015894402574155714,0.01940379366562253,False,False
Chiari malformation,T2ax|FLAIRax,T1ax,-0.016023190612963607,-0.042705302225657195,0.005293094558364766,False,False
Chiari malformation,T2ax|FLAIRax,T2cor,-0.016275980097978374,-0.04597601657421616,0.01184687794445552,False,False
Chiari malformation,T2ax|FLAIRax,T1ax+T2cor,-0.008562286085292298,-0.03251972214557321,0.011765980321913233,False,False
Chiari malformation,T2ax|T2cor,T1ax,0.015955495350993533,-0.009042149164245597,0.042476273789170606,False,False
Chiari malformation,T2ax|T2cor,FLAIRax,0.03916158977627122,0.005179679704738248,0.07867006189202466,True,False
Chiari malformation,T2ax|T2cor,T1ax+FLAIRax,0.023416399878664843,-0.000822146343907473,0.045613375043473084,False,False
Chiari malformation,FLAIRax|T2cor,T1ax,-0.003940531302301795,-0.031962869223092244,0.02735940599628108,False,False
Chiari malformation,FLAIRax|T2cor,T2ax,0.017345895975744707,-0.014628146648914219,0.049722744607133544,False,False
Chiari malformation,FLAIRax|T2cor,T1ax+T2ax,0.0035203732253695167,-0.015254127200691392,0.02540776768568435,False,False
Cyst of pineal gland,T1ax|T2ax,FLAIRax,0.005965352956713981,-0.01570751831970785,0.024963544994299144,False,False
Cyst of pineal gland,T1ax|T2ax,T2cor,0.014111033792343065,-0.0056373489099857755,0.03536527557700498,False,False
Cyst of pineal gland,T1ax|T2ax,FLAIRax+T2cor,0.012903696864123763,0.0005294279882546188,0.02510484506238654,True,False
Cyst of pineal gland,T1ax|FLAIRax,T2ax,0.0068739057721854055,-0.010402666643353745,0.02433757538361387,False,False
Cyst of pineal gland,T1ax|FLAIRax,T2cor,-0.002012843569642712,-0.023529770335486696,0.01987013530209469,False,False
Cyst of pineal gland,T1ax|FLAIRax,T2ax+T2cor,-0.0032201804978620107,-0.015406524047846462,0.008705651435514855,False,False
Cyst of pineal gland,T1ax|T2cor,T2ax,0.006309628558856363,-0.012185579005418046,0.02594173379678443,False,False
Cyst of pineal gland,T1ax|T2cor,FLAIRax,-0.010722801618600836,-0.03503823107452464,0.012924488906272657,False,False
Cyst of pineal gland,T1ax|T2cor,T2ax+FLAIRax,-0.0037844577111910524,-0.016855113405586243,0.00965435428043465,False,False
Cyst of pineal gland,T2ax|FLAIRax,T1ax,-0.0007535725101103918,-0.016706267515541686,0.014009506513508225,False,False
Cyst of pineal gland,T2ax|FLAIRax,T2cor,0.002481820306593742,-0.017040052016185414,0.02304144261074078,False,False
Cyst of pineal gland,T2ax|FLAIRax,T1ax+T2cor,0.0012744833783744436,-0.010758597859231061,0.011217673325478631,False,False
Cyst of pineal gland,T2ax|T2cor,T1ax,-0.003774241987390884,-0.02218244831357417,0.013323148866187627,False,False
Cyst of pineal gland,T2ax|T2cor,FLAIRax,-0.008684530006315833,-0.03256910492184533,0.01134490064907385,False,False
Cyst of pineal gland,T2ax|T2cor,T1ax+FLAIRax,-0.0017461860989060485,-0.01401504140100314,0.011468881371029424,False,False
Cyst of pineal gland,FLAIRax|T2cor,T1ax,0.000994168737469881,-0.014871640478682335,0.018406373832716948,False,False
Cyst of pineal gland,FLAIRax|T2cor,T2ax,0.013116310896002134,-0.00917479043401733,0.0340512425451374,False,False
Cyst of pineal gland,FLAIRax|T2cor,T1ax+T2ax,0.0030222246259547164,-0.009704380276170757,0.014922476266879762,False,False
Rathke's pouch cyst,T1ax|T2ax,FLAIRax,-0.015069055616866063,-0.047894693843291494,0.022612092258362772,False,False
Rathke's pouch cyst,T1ax|T2ax,T2cor,0.0068959193893942065,-0.034918150366981766,0.051803341642533196,False,False
Rathke's pouch cyst,T1ax|T2ax,FLAIRax+T2cor,-0.015778456715125445,-0.04317458539015218,0.008342315146555423,False,False
Rathke's pouch cyst,T1ax|FLAIRax,T2ax,-0.02267538979541097,-0.060628103317298065,0.016335983176157764,False,False
Rathke's pouch cyst,T1ax|FLAIRax,T2cor,0.042147124878128064,-0.0007743471790967087,0.08231315760951359,False,False
Rathke's pouch cyst,T1ax|FLAIRax,T2ax+T2cor,0.019472748773608415,-0.002513317467368714,0.0401797928699961,False,False
Rathke's pouch cyst,T1ax|T2cor,T2ax,-0.027744885895973515,-0.05410474167189138,0.00168979644247816,False,False
Rathke's pouch cyst,T1ax|T2cor,FLAIRax,0.015112653771305258,-0.022798817283776578,0.05411382878518441,False,False
Rathke's pouch cyst,T1ax|T2cor,T2ax+FLAIRax,0.014403252673045869,-0.006613179379448596,0.035359366364246095,False,False
Rathke's pouch cyst,T2ax|FLAIRax,T1ax,0.0054148515511378975,-0.038694316704420376,0.04190618609567797,False,False
Rathke's pouch cyst,T2ax|FLAIRax,T2cor,0.009999430767531283,-0.029313571293472084,0.05021909648369638,False,False
Rathke's pouch cyst,T2ax|FLAIRax,T1ax+T2cor,-0.01267494533698837,-0.03532465537329562,0.010137856500869109,False,False
Rathke's pouch cyst,T2ax|T2cor,T1ax,0.023562486446660782,-0.0077980502244300665,0.05495042058785725,False,False
Rathke's pouch cyst,T2ax|T2cor,FLAIRax,0.0061820906567939,-0.03631652039875483,0.05178868596174572,False,False
Rathke's pouch cyst,T2ax|T2cor,T1ax+FLAIRax,0.005472689558534515,-0.023534412552507822,0.03352375443346729,False,False
Rathke's pouch cyst,FLAIRax|T2cor,T1ax,0.02631518565718411,-0.012003919822549183,0.06828129540354912,False,False
Rathke's pouch cyst,FLAIRax|T2cor,T2ax,-0.033922749799961543,-0.0718317646398779,0.006145369632323541,False,False
Rathke's pouch cyst,FLAIRax|T2cor,T1ax+T2ax,0.008225388769057844,-0.00855961269554773,0.027069971936554575,False,False
Cerebral edema,T1ax|T2ax,FLAIRax,0.00415995263627112,-0.016086545338667244,0.022964095000749512,False,False
Cerebral edema,T1ax|T2ax,T2cor,-0.02391652744844644,-0.042504471821529846,-0.0036749020660484474,False,True
Cerebral edema,T1ax|T2ax,FLAIRax+T2cor,-0.007301995806233827,-0.019449590129389963,0.0052926908218572585,False,False
Cerebral edema,T1ax|FLAIRax,T2ax,0.022816334843835624,0.0052379895215278974,0.04252342234681948,True,False
Cerebral edema,T1ax|FLAIRax,T2cor,-0.012825027781693686,-0.033835503162596814,0.007752223002987475,False,False
Cerebral edema,T1ax|FLAIRax,T2ax+T2cor,0.003789503860518928,-0.009463308103681142,0.016274204711918504,False,False
Cerebral edema,T1ax|T2cor,T2ax,0.024797452748674707,0.005423813165574057,0.04315236036354637,True,False
Cerebral edema,T1ax|T2cor,FLAIRax,0.017232570207862955,-0.004105327599195308,0.03951476240940223,False,False
Cerebral edema,T1ax|T2cor,T2ax+FLAIRax,0.005770621765358011,-0.006123642094205317,0.018747435587779138,False,False
Cerebral edema,T2ax|FLAIRax,T1ax,0.012784625724142663,-0.003972394569318691,0.0320781968065961,False,False
Cerebral edema,T2ax|FLAIRax,T2cor,0.0003652602632660003,-0.020312680715240346,0.019845097849646453,False,False
Cerebral edema,T2ax|FLAIRax,T1ax+T2cor,0.016979791905478613,0.004987564128217112,0.03088682961665913,True,False
Cerebral edema,T2ax|T2cor,T1ax,-0.01572477614178516,-0.03467785113645284,0.0033989219415991347,False,False
Cerebral edema,T2ax|T2cor,FLAIRax,-6.766151794426078e-05,-0.01849275180432243,0.020589818033201347,False,False
Cerebral edema,T2ax|T2cor,T1ax+FLAIRax,-0.011529609960449206,-0.02178832819381121,-0.0034183150441444167,False,True
Cerebral edema,FLAIRax|T2cor,T1ax,-0.015695443103681827,-0.03607054254712725,0.004725508359021133,False,False
Cerebral edema,FLAIRax|T2cor,T2ax,0.00752655406097082,-0.011958158485466002,0.03202371207566783,False,False
Cerebral edema,FLAIRax|T2cor,T1ax+T2ax,-0.011500276922345875,-0.025178570704502738,0.0024020905205447665,False,False
Spinal stenosis,T1ax|T2ax,FLAIRax,-0.036245048944577696,-0.0843892173994076,-8.651414684434034e-05,False,True
Spinal stenosis,T1ax|T2ax,T2cor,0.018506475250825827,-0.02399510381883324,0.05329963820836671,False,False
Spinal stenosis,T1ax|T2ax,FLAIRax+T2cor,-0.017383569027392413,-0.039449112787343664,0.007335358688437978,False,False
Spinal stenosis,T1ax|FLAIRax,T2ax,0.012295893717673605,-0.02865454558105058,0.04980848175145925,False,False
Spinal stenosis,T1ax|FLAIRax,T2cor,0.06472878088115776,-0.005105658977319757,0.12195113932375037,False,False
Spinal stenosis,T1ax|FLAIRax,T2ax+T2cor,0.02883873660293952,-0.011639154185432087,0.06243248064548984,False,False
Spinal stenosis,T1ax|T2cor,T2ax,-0.0005219018275837421,-0.0442062398942815,0.04201956758881571,False,False
Spinal stenosis,T1ax|T2cor,FLAIRax,-0.00284053885950311,-0.05851367931332901,0.04688147110006776,False,False
Spinal stenosis,T1ax|T2cor,T2ax+FLAIRax,0.01602094105768218,-0.02385602847983283,0.05607354899790313,False,False
Spinal stenosis,T2ax|FLAIRax,T1ax,-0.029813024213778194,-0.09872655929733082,0.0413682227958595,False,False
Spinal stenosis,T2ax|FLAIRax,T2cor,0.02735430812253772,-0.03662780209957765,0.07798926429918314,False,False
Spinal stenosis,T2ax|FLAIRax,T1ax+T2cor,-0.008535736155680517,-0.06147070551384424,0.028855807783326998,False,False
Spinal stenosis,T2ax|T2cor,T1ax,-0.0631383332660909,-0.11964296078120336,-0.006288160245182587,False,True
Spinal stenosis,T2ax|T2cor,FLAIRax,-0.06072252512517851,-0.12537251390967305,-0.0074188674135251785,False,True
Spinal stenosis,T2ax|T2cor,T1ax+FLAIRax,-0.041861045207993226,-0.09418648706561084,0.002325072035977444,False,False
Spinal stenosis,FLAIRax|T2cor,T1ax,-0.02722266817965856,-0.0914433578319977,0.029788760404166024,False,False
Spinal stenosis,FLAIRax|T2cor,T2ax,-0.0224882230068268,-0.060535304172232136,0.017787524322056814,False,False
Spinal stenosis,FLAIRax|T2cor,T1ax+T2ax,-0.005945380121560886,-0.03420599893606485,0.02270064308053808,False,False
Mastoiditis,T1ax|T2ax,FLAIRax,-0.011852329154410384,-0.030746762602118182,0.004491732513768973,False,False
Mastoiditis,T1ax|T2ax,T2cor,-0.015890652470524035,-0.03902322018186644,0.00534949086696347,False,False
Mastoiditis,T1ax|T2ax,FLAIRax+T2cor,-0.008702793123215534,-0.019287792102737112,0.0026266773944137287,False,False
Mastoiditis,T1ax|FLAIRax,T2ax,0.008035536641018384,-0.0059512962791263445,0.023424676210117002,False,False
Mastoiditis,T1ax|FLAIRax,T2cor,-0.009076133004120432,-0.031156609732798102,0.013400393621583769,False,False
Mastoiditis,T1ax|FLAIRax,T2ax+T2cor,-0.0018882736568119308,-0.012940227105917041,0.0077627228011097745,False,False
Mastoiditis,T1ax|T2cor,T2ax,0.009952242682450584,-0.005961683823359654,0.023631966740789725,False,False
Mastoiditis,T1ax|T2cor,FLAIRax,-0.003121103646574581,-0.02233971180997499,0.014049027734679346,False,False
Mastoiditis,T1ax|T2cor,T2ax+FLAIRax,2.8432384620269426e-05,-0.012539344509101125,0.0123106516598727,False,False
Mastoiditis,T2ax|FLAIRax,T1ax,-0.028292055381444924,-0.04769338213452716,-0.009859356046737312,False,True
Mastoiditis,T2ax|FLAIRax,T2cor,-0.014316219415448346,-0.03506052187717895,0.004510788535480005,False,False
Mastoiditis,T2ax|FLAIRax,T1ax+T2cor,-0.007128360068139846,-0.01891883526995513,0.004762180014239955,False,False
Mastoiditis,T2ax|T2cor,T1ax,-0.015711714584359562,-0.034895689941291705,0.0021664908246032113,False,False
Mastoiditis,T2ax|T2cor,FLAIRax,0.002302444697750667,-0.015647703107152893,0.020807161758598265,False,False
Mastoiditis,T2ax|T2cor,T1ax+FLAIRax,0.005451980728945517,-0.007032354029090282,0.01714696647556242,False,False
Mastoiditis,FLAIRax|T2cor,T1ax,-0.024380072313151223,-0.042890083633309734,-0.007833229071354727,False,True
Mastoiditis,FLAIRax|T2cor,T2ax,0.006707433297984175,-0.010989237911370506,0.024642622275280364,False,False
Mastoiditis,FLAIRax|T2cor,T1ax+T2ax,-0.0032163769998461394,-0.01331726553694382,0.008214545537097162,False,False
Chronic mastoiditis,T1ax|T2ax,FLAIRax,0.009482866760183582,-0.00426986419281814,0.022059058343280834,False,False
Chronic mastoiditis,T1ax|T2ax,T2cor,0.0014602770147304164,-0.015542629957865716,0.01705099271968532,False,False
Chronic mastoiditis,T1ax|T2ax,FLAIRax+T2cor,-0.002382437042935247,-0.011478163918924722,0.0061480426483301286,False,False
Chronic mastoiditis,T1ax|FLAIRax,T2ax,-0.018819233382387623,-0.03177912973178587,-0.006995836155189153,False,True
Chronic mastoiditis,T1ax|FLAIRax,T2cor,-0.002663343647296378,-0.022220138650603436,0.01352449482391336,False,False
Chronic mastoiditis,T1ax|FLAIRax,T2ax+T2cor,-0.006506057704962041,-0.016590358061603822,0.0020613890724629495,False,False
Chronic mastoiditis,T1ax|T2cor,T2ax,-0.012915346599546837,-0.02766017636777387,0.001729648375943543,False,False
Chronic mastoiditis,T1ax|T2cor,FLAIRax,0.01126313288099757,-0.005761379095896094,0.02792223667697926,False,False
Chronic mastoiditis,T1ax|T2cor,T2ax+FLAIRax,-0.0006021709221212576,-0.01099149263596107,0.009608460330024484,False,False
Chronic mastoiditis,T2ax|FLAIRax,T1ax,-0.0068479728114217734,-0.020231568533403292,0.005411858707702049,False,False
Chronic mastoiditis,T2ax|FLAIRax,T2cor,-0.004886650152222255,-0.020834434276206685,0.010794700132271818,False,False
Chronic mastoiditis,T2ax|FLAIRax,T1ax+T2cor,-0.008729364209887918,-0.017190547461422973,-0.0008392486473252652,False,True
Chronic mastoiditis,T2ax|T2cor,T1ax,-0.0008522890485150914,-0.01784638863059975,0.014357530209487785,False,False
Chronic mastoiditis,T2ax|T2cor,FLAIRax,0.009131623356137592,-0.007042228862581939,0.02408555522485085,False,False
Chronic mastoiditis,T2ax|T2cor,T1ax+FLAIRax,-0.002733680446981237,-0.012109803209736902,0.007239859468966982,False,False
Chronic mastoiditis,FLAIRax|T2cor,T1ax,0.00762547544020026,-0.00693797650100457,0.02300744152391697,False,False
Chronic mastoiditis,FLAIRax|T2cor,T2ax,-0.006569091635691464,-0.020746993258765868,0.0077506340456561865,False,False
Chronic mastoiditis,FLAIRax|T2cor,T1ax+T2ax,0.005744084041734115,-0.002715816097545395,0.013551926462829869,False,False
Ventriculomegaly,T1ax|T2ax,FLAIRax,0.004098460170130385,0.0005083963843320743,0.0076320091309216315,True,False
Ventriculomegaly,T1ax|T2ax,T2cor,-0.005013184940304103,-0.009046376233864565,-0.0008037025252108579,False,True
Ventriculomegaly,T1ax|T2ax,FLAIRax+T2cor,-0.0022502948633884444,-0.004566094467333462,0.0002036133246003578,False,False
Ventriculomegaly,T1ax|FLAIRax,T2ax,0.000411205246270044,-0.0023635752672393428,0.0038140489063656848,False,False
Ventriculomegaly,T1ax|FLAIRax,T2cor,-0.003205835583832086,-0.006967795429993634,0.0012197141032747624,False,False
Ventriculomegaly,T1ax|FLAIRax,T2ax+T2cor,-0.0004429455069164275,-0.0027572729249372707,0.0019575168813131018,False,False
Ventriculomegaly,T1ax|T2cor,T2ax,-0.001532638579220228,-0.004844418077444521,0.0017586646792267298,False,False
Ventriculomegaly,T1ax|T2cor,FLAIRax,0.003961965701112131,-0.0006927017571595972,0.008500933080272438,False,False
Ventriculomegaly,T1ax|T2cor,T2ax+FLAIRax,-0.0023867893324066997,-0.00482049568551797,0.0001657222090433519,False,False
Ventriculomegaly,T2ax|FLAIRax,T1ax,-0.0023781523969142898,-0.005873075997324223,0.000432393428057261,False,False
Ventriculomegaly,T2ax|FLAIRax,T2cor,-0.004592502236949431,-0.008616716929957923,-0.0005008627405152274,False,True
Ventriculomegaly,T2ax|FLAIRax,T1ax+T2cor,-0.0018296121600337727,-0.004144224536692978,0.00044056437472152535,False,False
Ventriculomegaly,T2ax|T2cor,T1ax,0.0011641334172429489,-0.002757220148011688,0.004464923508874387,False,False
Ventriculomegaly,T2ax|T2cor,FLAIRax,0.008061428687642296,0.0031268080434859514,0.012858738985838968,True,False
Ventriculomegaly,T2ax|T2cor,T1ax+FLAIRax,0.001712673654123466,-0.0006282624186411872,0.004141951506703205,False,False
Ventriculomegaly,FLAIRax|T2cor,T1ax,-0.0009986398479407744,-0.004448845859147582,0.0023897572535111077,False,False
Ventriculomegaly,FLAIRax|T2cor,T2ax,0.0004040511421262142,-0.0033949806435674243,0.004140107581752125,False,False
Ventriculomegaly,FLAIRax|T2cor,T1ax+T2ax,-0.0004500996110602573,-0.002863178029946997,0.00178572516683407,False,False
Cerebellar degeneration,T1ax|T2ax,FLAIRax,-0.003616589189840475,-0.01499665873272619,0.008366472835489075,False,False
Cerebellar degeneration,T1ax|T2ax,T2cor,0.001374014209589207,-0.011299546223531723,0.014874869427398765,False,False
Cerebellar degeneration,T1ax|T2ax,FLAIRax+T2cor,0.002674681180541519,-0.005258493504882075,0.010439742193095016,False,False
Cerebellar degeneration,T1ax|FLAIRax,T2ax,-0.00036465522444525055,-0.012894008706777585,0.010256050152916009,False,False
Cerebellar degeneration,T1ax|FLAIRax,T2cor,0.00018020750759582723,-0.012354128145160853,0.013539466021585804,False,False
Cerebellar degeneration,T1ax|FLAIRax,T2ax+T2cor,0.0014808744785481393,-0.00911648394003344,0.010409967975738213,False,False
Cerebellar degeneration,T1ax|T2cor,T2ax,-0.010181602221307779,-0.022141656721970694,0.0026987573779061764,False,False
Cerebellar degeneration,T1ax|T2cor,FLAIRax,-0.014627342888696384,-0.027851763924737823,-0.0015896571382720184,False,True
Cerebellar degeneration,T1ax|T2cor,T2ax+FLAIRax,-0.00833607251831439,-0.016300866682718254,0.000575388293649278,False,False
Cerebellar degeneration,T2ax|FLAIRax,T1ax,0.002773191455257311,-0.007916666560703176,0.012600235227069807,False,False
Cerebellar degeneration,T2ax|FLAIRax,T2cor,-0.0015572134710616441,-0.01098479494837835,0.008988626494480317,False,False
Cerebellar degeneration,T2ax|FLAIRax,T1ax+T2cor,-0.0002565465001093318,-0.007821459557700458,0.006327198322891112,False,False
Cerebellar degeneration,T2ax|T2cor,T1ax,0.0029900340812603473,-0.00683373891063429,0.013764280334083048,False,False
Cerebellar degeneration,T2ax|T2cor,FLAIRax,-0.0063309742444882895,-0.019367522007430804,0.006571049354638522,False,False
Cerebellar degeneration,T2ax|T2cor,T1ax+FLAIRax,-3.970387410629568e-05,-0.007152489818429536,0.007442014957968383,False,False
Cerebellar degeneration,FLAIRax|T2cor,T1ax,0.006675212046361372,-0.004682899234070076,0.017274762722123478,False,False
Cerebellar degeneration,FLAIRax|T2cor,T2ax,0.0017999443880013391,-0.010373987239596877,0.013652798807568216,False,False
Cerebellar degeneration,FLAIRax|T2cor,T1ax+T2ax,0.0036454740909947292,-0.0037358037755002792,0.010637324478523143,False,False
Mega cisterna magna,T1ax|T2ax,FLAIRax,-0.01626606820374922,-0.033821207527478026,0.002366366742910015,False,False
Mega cisterna magna,T1ax|T2ax,T2cor,0.002008891001842704,-0.016068811423661768,0.019727746983655835,False,False
Mega cisterna magna,T1ax|T2ax,FLAIRax+T2cor,0.004302788563394058,-0.009619840585148916,0.016160568109175558,False,False
Mega cisterna magna,T1ax|FLAIRax,T2ax,0.01151241496641786,-0.0024053606097337006,0.024863649688446125,False,False
Mega cisterna magna,T1ax|FLAIRax,T2cor,0.009458660899538032,-0.010950888014606398,0.028247409365655212,False,False
Mega cisterna magna,T1ax|FLAIRax,T2ax+T2cor,0.011752558461089385,0.0007448979212645757,0.022724872984553664,True,False
Mega cisterna magna,T1ax|T2cor,T2ax,-0.009571078390419065,-0.0280327565454924,0.007970797836054729,False,False
Mega cisterna magna,T1ax|T2cor,FLAIRax,-0.029899791662890814,-0.05218425641887314,-0.007668758280449561,False,True
Mega cisterna magna,T1ax|T2cor,T2ax+FLAIRax,-0.009330934895747538,-0.02058943250914641,0.0011194438557882796,False,False
Mega cisterna magna,T2ax|FLAIRax,T1ax,-0.007581426572311483,-0.02308261157357131,0.008898031902894708,False,False
Mega cisterna magna,T2ax|FLAIRax,T2cor,-0.0100041580334373,-0.034311719405570915,0.009689089583453549,False,False
Mega cisterna magna,T2ax|FLAIRax,T1ax+T2cor,-0.007710260471885946,-0.01952549993553185,0.0033575882623870985,False,False
Mega cisterna magna,T2ax|T2cor,T1ax,0.001847182273872604,-0.021007101336112274,0.024094368219067762,False,False
Mega cisterna magna,T2ax|T2cor,FLAIRax,-0.018850508392845137,-0.04212582416806324,0.0037980318179933253,False,False
Mega cisterna magna,T2ax|T2cor,T1ax+FLAIRax,0.0017183483742981402,-0.011358520666299348,0.0163451334773653,False,False
Mega cisterna magna,FLAIRax|T2cor,T1ax,-0.0019159665214017682,-0.02153743937065838,0.019685332280115393,False,False
Mega cisterna magna,FLAIRax|T2cor,T2ax,-0.002284943915647759,-0.021429787130406032,0.015287231696115957,False,False
Mega cisterna magna,FLAIRax|T2cor,T1ax+T2ax,-0.002044800420976232,-0.013536785042560714,0.010344310136334717,False,False
Structure of cave of septum pellucidum,T1ax|T2ax,FLAIRax,-0.013590234160371537,-0.03157363483169941,0.00712675204717669,False,False
Structure of cave of septum pellucidum,T1ax|T2ax,T2cor,-0.010482338320418854,-0.03350024614781583,0.015689127067548155,False,False
Structure of cave of septum pellucidum,T1ax|T2ax,FLAIRax+T2cor,-0.010388779777408236,-0.024791166232449632,0.0014534027452061476,False,False
Structure of cave of septum pellucidum,T1ax|FLAIRax,T2ax,-0.030653293642232893,-0.04748403840320025,-0.012128501803304452,False,True
Structure of cave of septum pellucidum,T1ax|FLAIRax,T2cor,-0.016700456802981514,-0.03703721037793942,0.00717653559610807,False,False
Structure of cave of septum pellucidum,T1ax|FLAIRax,T2ax+T2cor,-0.016606898259970897,-0.030000621613487866,-0.002851820348758827,False,True
Structure of cave of septum pellucidum,T1ax|T2cor,T2ax,-0.023010712163314136,-0.042794468058665214,-0.0017275010247529837,False,True
Structure of cave of septum pellucidum,T1ax|T2cor,FLAIRax,-0.01216577116401544,-0.03263107355223756,0.010720392173150925,False,False
Structure of cave of septum pellucidum,T1ax|T2cor,T2ax+FLAIRax,-0.008964316781052141,-0.022335059672162188,0.003940653269727449,False,False
Structure of cave of septum pellucidum,T2ax|FLAIRax,T1ax,-0.022314450145041635,-0.04265339567646534,-0.0016769044900528047,False,True
Structure of cave of septum pellucidum,T2ax|FLAIRax,T2cor,-0.017490788152793816,-0.04001311859743395,0.0075868283341376805,False,False
Structure of cave of septum pellucidum,T2ax|FLAIRax,T1ax+T2cor,-0.0173972296097832,-0.03179040394382076,-0.0036850836041104045,False,True
Structure of cave of septum pellucidum,T2ax|T2cor,T1ax,-0.0043983575630512205,-0.027928930448913883,0.01869506884085474,False,False
Structure of cave of septum pellucidum,T2ax|T2cor,FLAIRax,-0.002682591410756084,-0.025421357471331802,0.020991228734274326,False,False
Structure of cave of septum pellucidum,T2ax|T2cor,T1ax+FLAIRax,0.0005188629722072172,-0.014643612848188126,0.01800737940627469,False,False
Structure of cave of septum pellucidum,FLAIRax|T2cor,T1ax,-0.0100146295375389,-0.03309281475852761,0.01443592435343909,False,False
Structure of cave of septum pellucidum,FLAIRax|T2cor,T2ax,-0.019143804384542457,-0.03622938775265756,0.002282922351531527,False,False
Structure of cave of septum pellucidum,FLAIRax|T2cor,T1ax+T2ax,-0.005097409002280463,-0.019061736648111203,0.008311565997510071,False,False
Hyperostosis of skull,T1ax|T2ax,FLAIRax,-0.01783144174108364,-0.04174207886648949,0.005394953631626438,False,False
Hyperostosis of skull,T1ax|T2ax,T2cor,-0.01631415635405801,-0.04548508519105032,0.008434821062572538,False,False
Hyperostosis of skull,T1ax|T2ax,FLAIRax+T2cor,0.003761726813513269,-0.008543514314660555,0.015684351769484326,False,False
Hyperostosis of skull,T1ax|FLAIRax,T2ax,-0.021051854955993696,-0.03611544003044677,-0.005990723979195748,False,True
Hyperostosis of skull,T1ax|FLAIRax,T2cor,-0.0193743618797374,-0.05201500200583371,0.006695684727112255,False,False
Hyperostosis of skull,T1ax|FLAIRax,T2ax+T2cor,0.0007015212878338799,-0.011695530798151051,0.014607129727434665,False,False
Hyperostosis of skull,T1ax|T2cor,T2ax,-0.019999614971158024,-0.03840514753901181,-0.0002998456718598172,False,True
Hyperostosis of skull,T1ax|T2cor,FLAIRax,-0.019839407281927363,-0.042368098303837774,0.005709604263942932,False,False
Hyperostosis of skull,T1ax|T2cor,T2ax+FLAIRax,0.001753761272669551,-0.008754102470368123,0.012409489088974327,False,False
Hyperostosis of skull,T2ax|FLAIRax,T1ax,0.017613228944678275,0.006320194158339343,0.0329992483242998,True,False
Hyperostosis of skull,T2ax|FLAIRax,T2cor,-0.01388120772986029,-0.044040097209909757,0.007779402445777193,False,False
Hyperostosis of skull,T2ax|FLAIRax,T1ax+T2cor,0.006194675437710989,-0.0016553015449634193,0.014116288237507678,False,False
Hyperostosis of skull,T2ax|T2cor,T1ax,0.0005337038062802901,-0.013207866279786479,0.015533213972727162,False,False
Hyperostosis of skull,T2ax|T2cor,FLAIRax,-0.032478018255283916,-0.0555376425862145,-0.01124927528239874,False,True
Hyperostosis of skull,T2ax|T2cor,T1ax+FLAIRax,-0.010884849700686998,-0.025920433452513065,0.003058649265378308,False,False
Hyperostosis of skull,FLAIRax|T2cor,T1ax,0.025883963296426987,0.01314858889362843,0.03992206402307504,True,False
Hyperostosis of skull,FLAIRax|T2cor,T2ax,-0.007287966454367874,-0.02845907645639337,0.012336700944896818,False,False
Hyperostosis of skull,FLAIRax|T2cor,T1ax+T2ax,0.0144654097894597,0.006597136100408543,0.021514184294848703,True,False
Choroid plexus cyst,T1ax|T2ax,FLAIRax,-0.007594709774422454,-0.051384821554798475,0.034706119098490466,False,False
Choroid plexus cyst,T1ax|T2ax,T2cor,0.012053654246463362,-0.04613267237980092,0.06624259055159752,False,False
Choroid plexus cyst,T1ax|T2ax,FLAIRax+T2cor,0.008442300489304473,-0.023485131682538074,0.039233484356405994,False,False
Choroid plexus cyst,T1ax|FLAIRax,T2ax,-0.0117006907236065,-0.041147456424757166,0.01928723133962469,False,False
Choroid plexus cyst,T1ax|FLAIRax,T2cor,-0.004973497522018251,-0.06717304316695781,0.05054918083538686,False,False
Choroid plexus cyst,T1ax|FLAIRax,T2ax+T2cor,-0.008584851279177137,-0.030252198248826804,0.012499102534331882,False,False
Choroid plexus cyst,T1ax|T2cor,T2ax,-0.004132662594483206,-0.043073519073969974,0.03744690790152185,False,False
Choroid plexus cyst,T1ax|T2cor,FLAIRax,-0.01705383341378077,-0.049603470193283705,0.021776907064115107,False,False
Choroid plexus cyst,T1ax|T2cor,T2ax+FLAIRax,-0.0010168231500538411,-0.024634260901087956,0.026543373178038256,False,False
Choroid plexus cyst,T2ax|FLAIRax,T1ax,0.0037265683840094553,-0.03404052894411425,0.04148476065517285,False,False
Choroid plexus cyst,T2ax|FLAIRax,T2cor,-0.018303430937043192,-0.07179759654445951,0.033026577930170525,False,False
Choroid plexus cyst,T2ax|FLAIRax,T1ax+T2cor,-0.02191478469420208,-0.049322592235940446,0.00600668749622552,False,False
Choroid plexus cyst,T2ax|T2cor,T1ax,0.027436024796917546,-0.013455765967091434,0.07250219768914234,False,False
Choroid plexus cyst,T2ax|T2cor,FLAIRax,-0.01424233854502091,-0.05898320936017198,0.033456541222311294,False,False
Choroid plexus cyst,T2ax|T2cor,T1ax+FLAIRax,0.0017946717187060175,-0.024338897099543965,0.025163505185060477,False,False
Choroid plexus cyst,FLAIRax|T2cor,T1ax,0.05769424026742931,0.02110505201918079,0.09525340845012047,True,False
Choroid plexus cyst,FLAIRax|T2cor,T2ax,0.028937047744788415,-0.006712891795945702,0.06743734840406461,False,False
Choroid plexus cyst,FLAIRax|T2cor,T1ax+T2ax,0.032052887189217776,0.01310266091626253,0.0508726738711428,True,False
Lipoma of brain,T1ax|T2ax,FLAIRax,-0.05780208917811094,-0.10832579109624055,-0.014007642977105713,False,True
Lipoma of brain,T1ax|T2ax,T2cor,-0.016035478727078722,-0.07894102644132552,0.0373620563821182,False,False
Lipoma of brain,T1ax|T2ax,FLAIRax+T2cor,-0.020323462453489458,-0.0512048585047613,0.005010515498655857,False,False
Lipoma of brain,T1ax|FLAIRax,T2ax,-0.021048911800870058,-0.07016404209277458,0.02642530398322341,False,False
Lipoma of brain,T1ax|FLAIRax,T2cor,0.007822538753105904,-0.053371060099152934,0.057688294985417415,False,False
Lipoma of brain,T1ax|FLAIRax,T2ax+T2cor,0.003534555026695166,-0.024220191285736416,0.029100395455812535,False,False
Lipoma of brain,T1ax|T2cor,T2ax,0.008508958620247632,-0.045217379656039954,0.06729048854829574,False,False
Lipoma of brain,T1ax|T2cor,FLAIRax,-0.004386201276808615,-0.06557618844731097,0.06138076660930853,False,False
Lipoma of brain,T1ax|T2cor,T2ax+FLAIRax,0.03309242544781286,-0.003727639564524995,0.07049101283914426,False,False
Lipoma of brain,T2ax|FLAIRax,T1ax,-0.004122547613754128,-0.04755400652099545,0.040961043992736056,False,False
Lipoma of brain,T2ax|FLAIRax,T2cor,-0.016281054755932958,-0.07595634212309767,0.0360162337375984,False,False
Lipoma of brain,T2ax|FLAIRax,T1ax+T2cor,-0.0205690384823437,-0.049394265546545184,0.005038429719622788,False,False
Lipoma of brain,T2ax|T2cor,T1ax,0.011678145708715807,-0.024792184234104214,0.04920535751785626,False,False
Lipoma of brain,T2ax|T2cor,FLAIRax,-0.042246971884495235,-0.10385529515295099,0.017196079163848788,False,False
Lipoma of brain,T2ax|T2cor,T1ax+FLAIRax,-0.004768345159873764,-0.034409571700053355,0.025438056506939952,False,False
Lipoma of brain,FLAIRax|T2cor,T1ax,0.0322016468203568,-0.011489931197114556,0.07651442474373507,False,False
Lipoma of brain,FLAIRax|T2cor,T2ax,-0.008828310875797987,-0.049139792752767815,0.03515326895245578,False,False
Lipoma of brain,FLAIRax|T2cor,T1ax+T2ax,0.01575515595176723,-0.005629710760141567,0.038792575679600386,False,False
Glioma,T1ax|T2ax,FLAIRax,-0.01618307508174187,-0.05112543087327638,0.02066827866917542,False,False
Glioma,T1ax|T2ax,T2cor,0.06962129492407783,0.011741123348971967,0.12665289894669998,True,False
Glioma,T1ax|T2ax,FLAIRax+T2cor,0.04650211070040475,0.012414615848507263,0.08246980828895895,True,False
Glioma,T1ax|FLAIRax,T2ax,-0.06081735047646807,-0.12453239453037855,-0.013999149375805816,False,True
Glioma,T1ax|FLAIRax,T2cor,-0.0035020842549374166,-0.036513021620588844,0.03131286741036959,False,False
Glioma,T1ax|FLAIRax,T2ax+T2cor,-0.02662126847861051,-0.05325372319586959,-5.7128393087580104e-05,False,True
Glioma,T1ax|T2cor,T2ax,-0.019132132533446717,-0.06569735548778187,0.02668263741777703,False,False
Glioma,T1ax|T2cor,FLAIRax,-0.047621236317735766,-0.10169189507852044,6.760965079144307e-05,False,False
Glioma,T1ax|T2cor,T2ax+FLAIRax,0.015063949464410852,-0.03329063616834835,0.07416498906800358,False,False
Glioma,T2ax|FLAIRax,T1ax,-0.00293627441690396,-0.041647964425587075,0.03717371122350655,False,False
Glioma,T2ax|FLAIRax,T2cor,0.025602832639570583,-0.008796900782405734,0.06259420803641397,False,False
Glioma,T2ax|FLAIRax,T1ax+T2cor,0.0024836484158974937,-0.021753193404749963,0.023718126285987802,False,False
Glioma,T2ax|T2cor,T1ax,-0.043692051443888776,-0.08293868442946742,0.00020335193436350117,False,False
Glioma,T2ax|T2cor,FLAIRax,-0.10095731439323394,-0.16213818263933377,-0.043288078899195545,False,True
Glioma,T2ax|T2cor,T1ax+FLAIRax,-0.03827212861108733,-0.07156175653878749,-0.006848178699121248,False,True
Glioma,FLAIRax|T2cor,T1ax,-0.013956281957544813,-0.04756239793602414,0.024807848216041293,False,False
Glioma,FLAIRax|T2cor,T2ax,-0.042732441122600925,-0.09871490290435367,0.00868728283402602,False,False
Glioma,FLAIRax|T2cor,T1ax+T2ax,-0.00853635912474336,-0.03702703454217991,0.017920369959807243,False,False
Pituitary adenoma,T1ax|T2ax,FLAIRax,-0.0033004759061918735,-0.04436194097906078,0.03654328668722523,False,False
Pituitary adenoma,T1ax|T2ax,T2cor,0.02833769309113065,-0.01931592883271261,0.07899759582339928,False,False
Pituitary adenoma,T1ax|T2ax,FLAIRax+T2cor,-0.012984795421731112,-0.03749166444504019,0.012122531392806803,False,False
Pituitary adenoma,T1ax|FLAIRax,T2ax,-0.01828701218837998,-0.043600145391697494,0.010715844181891438,False,False
Pituitary adenoma,T1ax|FLAIRax,T2cor,0.01636455685194245,-0.030279704922214597,0.06734957096293472,False,False
Pituitary adenoma,T1ax|FLAIRax,T2ax+T2cor,-0.024957931660919315,-0.03991267112130216,-0.010202606657209902,False,True
Pituitary adenoma,T1ax|T2cor,T2ax,0.02420646407116812,-0.009200423630136933,0.056351774214690016,False,False
Pituitary adenoma,T1ax|T2cor,FLAIRax,0.02721986411416803,-0.01341312440310004,0.061775753284619955,False,False
Pituitary adenoma,T1ax|T2cor,T2ax+FLAIRax,0.017535544598628786,-0.008046894821399829,0.04152858824556699,False,False
Pituitary adenoma,T2ax|FLAIRax,T1ax,-0.030422012622392032,-0.05453940768509267,-0.005480351931368831,False,True
Pituitary adenoma,T2ax|FLAIRax,T2cor,0.021804102245307398,-0.024917101037868216,0.07650756672385232,False,False
Pituitary adenoma,T2ax|FLAIRax,T1ax+T2cor,-0.019518386267554366,-0.04206814748606989,0.005787775297705392,False,False
Pituitary adenoma,T2ax|T2cor,T1ax,-0.007265147824602881,-0.041992906362845264,0.03216705146861728,False,False
Pituitary adenoma,T2ax|T2cor,FLAIRax,0.01332279804577402,-0.030515711884661706,0.05383088706630455,False,False
Pituitary adenoma,T2ax|T2cor,T1ax+FLAIRax,0.003638478530234782,-0.02080617483706668,0.025411595151166477,False,False
Pituitary adenoma,FLAIRax|T2cor,T1ax,0.01795475012809987,-0.013330402242630995,0.045056107235161666,False,False
Pituitary adenoma,FLAIRax|T2cor,T2ax,0.03552929595547686,0.004317302850352705,0.07266864305338461,True,False
Pituitary adenoma,FLAIRax|T2cor,T1ax+T2ax,0.02885837648293753,0.007664581767951462,0.04918891766008391,True,False
