finding,n_pos,pair,context,synergy,synergy_sd_seed
Cerebral infarction,424,T1ax|T2ax,none,-0.27868607173135135,0.001722291761609205
Cerebral infarction,424,T1ax|T2ax,FLAIRax,0.003926741726043163,0.004783939308100185
Cerebral infarction,424,T1ax|T2ax,FLAIRsag,-0.003208071337261568,0.002933985038308939
Cerebral infarction,424,T1ax|T2ax,FLAIRax+FLAIRsag,0.0038371599310271787,0.0010956492276869997
Cerebral infarction,424,T1ax|FLAIRax,none,-0.2907425366619194,0.003550664397945391
Cerebral infarction,424,T1ax|FLAIRax,T2ax,-0.008129723204524911,0.002694227639314924
Cerebral infarction,424,T1ax|FLAIRax,FLAIRsag,-0.005723417697996706,0.0012158398353737524
Cerebral infarction,424,T1ax|FLAIRax,T2ax+FLAIRsag,0.0013218135702920408,0.001750544035409008
Cerebral infarction,424,T1ax|FLAIRsag,none,-0.2875942449569482,0.003597584123672466
Cerebral infarction,424,T1ax|FLAIRsag,T2ax,-0.012116244562858425,0.0030668549630946717
Cerebral infarction,424,T1ax|FLAIRsag,FLAIRax,-0.002575125993025488,0.004544229579552186
Cerebral infarction,424,T1ax|FLAIRsag,T2ax+FLAIRax,-0.0026647077880414725,0.0009395716583490299
Cerebral infarction,424,T2ax|FLAIRax,none,-0.2943581087477412,0.003785114028721536
Cerebral infarction,424,T2ax|FLAIRax,T1ax,-0.011745295290346736,0.0007502944624167915
Cerebral infarction,424,T2ax|FLAIRax,FLAIRsag,-0.01340176961736117,0.0053895879432712835
Cerebral infarction,424,T2ax|FLAIRax,T1ax+FLAIRsag,-0.006356538349072423,0.0027683293285049003
Cerebral infarction,424,T2ax|FLAIRsag,none,-0.2836892412790107,0.005993775146689935
Cerebral infarction,424,T2ax|FLAIRsag,T1ax,-0.008211240884920904,0.0014814441848240167
Cerebral infarction,424,T2ax|FLAIRsag,FLAIRax,-0.002732902148630608,0.004635090716150489
Cerebral infarction,424,T2ax|FLAIRsag,T1ax+FLAIRax,-0.002822483943646592,0.0008439993924707867
Cerebral infarction,424,FLAIRax|FLAIRsag,none,-0.2898345787131216,0.001043543635749446
Cerebral infarction,424,FLAIRax|FLAIRsag,T1ax,-0.004815459749198947,0.0030034334589759096
Cerebral infarction,424,FLAIRax|FLAIRsag,T2ax,-0.008878239582741587,0.0017712486794469891
Cerebral infarction,424,FLAIRax|FLAIRsag,T1ax+T2ax,0.0005732971920753652,0.0030234415064609235
Cerebral hemorrhage,294,T1ax|T2ax,none,-0.2921825029238718,0.00363576911579757
Cerebral hemorrhage,294,T1ax|T2ax,FLAIRax,0.0027979576634843406,0.0022714605085911548
Cerebral hemorrhage,294,T1ax|T2ax,FLAIRsag,-0.008232446365365206,0.004309456719570924
Cerebral hemorrhage,294,T1ax|T2ax,FLAIRax+FLAIRsag,-0.005828429477810075,0.004562983033278917
Cerebral hemorrhage,294,T1ax|FLAIRax,none,-0.30365862137799393,0.00429001168452424
Cerebral hemorrhage,294,T1ax|FLAIRax,T2ax,-0.008678160790637768,0.002711762632390312
Cerebral hemorrhage,294,T1ax|FLAIRax,FLAIRsag,-0.010578646229345567,0.004982121924671999
Cerebral hemorrhage,294,T1ax|FLAIRax,T2ax+FLAIRsag,-0.008174629341790437,0.003364447543849
Cerebral hemorrhage,294,T1ax|FLAIRsag,none,-0.28439190820849725,0.009369323989445297
Cerebral hemorrhage,294,T1ax|FLAIRsag,T2ax,-0.0004418516499906285,0.0039236717742757235
Cerebral hemorrhage,294,T1ax|FLAIRsag,FLAIRax,0.008688066940151118,0.0015702399738856698
Cerebral hemorrhage,294,T1ax|FLAIRsag,T2ax+FLAIRax,6.167979885670268e-05,0.0021739889916041447
Cerebral hemorrhage,294,T2ax|FLAIRax,none,-0.2990323872524428,0.0030233823805157017
Cerebral hemorrhage,294,T2ax|FLAIRax,T1ax,-0.004051926665086654,0.004422745716350125
Cerebral hemorrhage,294,T2ax|FLAIRax,FLAIRsag,0.00011158436338594886,0.003821429328483723
Cerebral hemorrhage,294,T2ax|FLAIRax,T1ax+FLAIRsag,0.0025156012509410797,0.0019705223045209325
Cerebral hemorrhage,294,T2ax|FLAIRsag,none,-0.2852781659243908,0.004441134709533201
Cerebral hemorrhage,294,T2ax|FLAIRsag,T1ax,-0.0013281093658841965,0.006941643872856818
Cerebral hemorrhage,294,T2ax|FLAIRsag,FLAIRax,0.013865805691437952,0.0029406360777147365
Cerebral hemorrhage,294,T2ax|FLAIRsag,T1ax+FLAIRax,0.0052394185501435375,0.0010269254210519276
Cerebral hemorrhage,294,FLAIRax|FLAIRsag,none,-0.31137706941955445,0.0025572563888640377
Cerebral hemorrhage,294,FLAIRax|FLAIRsag,T1ax,-0.01829709427090609,0.0052737809888362885
Cerebral hemorrhage,294,FLAIRax|FLAIRsag,T2ax,-0.012233097803725687,0.0001666375738050828
Cerebral hemorrhage,294,FLAIRax|FLAIRsag,T1ax+T2ax,-0.011729566354878354,0.005731075606820034
Metastatic malignant neoplasm to brain,373,T1ax|T2ax,none,-0.3424130469674182,0.002125290047712235
Metastatic malignant neoplasm to brain,373,T1ax|T2ax,FLAIRax,0.014378186494514352,0.00442933257073315
Metastatic malignant neoplasm to brain,373,T1ax|T2ax,FLAIRsag,0.011067303519732582,0.0033676234842212895
Metastatic malignant neoplasm to brain,373,T1ax|T2ax,FLAIRax+FLAIRsag,0.006556971004757606,0.0018544661965790021
Metastatic malignant neoplasm to brain,373,T1ax|FLAIRax,none,-0.35638121224010194,0.003271332062038007
Metastatic malignant neoplasm to brain,373,T1ax|FLAIRax,T2ax,0.00041002122183061057,0.001163629721691902
Metastatic malignant neoplasm to brain,373,T1ax|FLAIRax,FLAIRsag,0.00748386566244393,0.0016361964891581035
Metastatic malignant neoplasm to brain,373,T1ax|FLAIRax,T2ax+FLAIRsag,0.002973533147468954,0.0017771900394794858
Metastatic malignant neoplasm to brain,373,T1ax|FLAIRsag,none,-0.36283965331732265,0.00288463965583836
Metastatic malignant neoplasm to brain,373,T1ax|FLAIRsag,T2ax,-0.00935930283017187,0.0017741315927597588
Metastatic malignant neoplasm to brain,373,T1ax|FLAIRsag,FLAIRax,0.0010254245852232187,0.004425696371399321
Metastatic malignant neoplasm to brain,373,T1ax|FLAIRsag,T2ax+FLAIRax,-0.006795790904533527,0.0009143437009038912
Metastatic malignant neoplasm to brain,373,T2ax|FLAIRax,none,-0.3767514450065291,0.0030715236121501305
Metastatic malignant neoplasm to brain,373,T2ax|FLAIRax,T1ax,-0.019960211544596523,0.0012708280474432896
Metastatic malignant neoplasm to brain,373,T2ax|FLAIRax,FLAIRsag,0.00015673639553840749,0.003088585251958667
Metastatic malignant neoplasm to brain,373,T2ax|FLAIRax,T1ax+FLAIRsag,-0.004353596119436569,0.0012338158529782309
Metastatic malignant neoplasm to brain,373,T2ax|FLAIRsag,none,-0.36487945564320373,0.003139476936457207
Metastatic malignant neoplasm to brain,373,T2ax|FLAIRsag,T1ax,-0.011399105156052913,0.002071512155466754
Metastatic malignant neoplasm to brain,373,T2ax|FLAIRsag,FLAIRax,0.012028725758863787,0.004141487135152259
Metastatic malignant neoplasm to brain,373,T2ax|FLAIRsag,T1ax+FLAIRax,0.00420751026910704,0.0008597420012117335
Metastatic malignant neoplasm to brain,373,FLAIRax|FLAIRsag,none,-0.3803945754544067,0.0022541830280929072
Metastatic malignant neoplasm to brain,373,FLAIRax|FLAIRsag,T1ax,-0.016529497551860766,0.002002404303302006
Metastatic malignant neoplasm to brain,373,FLAIRax|FLAIRsag,T2ax,-0.0034863940523391554,0.0010692808085326169
Metastatic malignant neoplasm to brain,373,FLAIRax|FLAIRsag,T1ax+T2ax,-0.0009228821267008117,0.0014529630962896315
Intracranial meningioma,181,T1ax|T2ax,none,-0.1963285137729713,0.004657788030330655
Intracranial meningioma,181,T1ax|T2ax,FLAIRax,0.004489200170487817,0.007863578733916778
Intracranial meningioma,181,T1ax|T2ax,FLAIRsag,-9.675905156947273e-05,0.002834600488758161
Intracranial meningioma,181,T1ax|T2ax,FLAIRax+FLAIRsag,0.003777401403725955,0.001462791183171195
Intracranial meningioma,181,T1ax|FLAIRax,none,-0.19959603095969783,0.006383335133694396
Intracranial meningioma,181,T1ax|FLAIRax,T2ax,0.001221682983761278,0.00799274974835279
Intracranial meningioma,181,T1ax|FLAIRax,FLAIRsag,-0.010359016064401594,0.0020577956413163527
Intracranial meningioma,181,T1ax|FLAIRax,T2ax+FLAIRsag,-0.006484855609106166,0.003150618523355655
Intracranial meningioma,181,T1ax|FLAIRsag,none,-0.19121927600239574,0.0059270269304328126
Intracranial meningioma,181,T1ax|FLAIRsag,T2ax,0.005012478719006082,0.005826937296045163
Intracranial meningioma,181,T1ax|FLAIRsag,FLAIRax,-0.0019822611070994998,0.002808826866704417
Intracranial meningioma,181,T1ax|FLAIRsag,T2ax+FLAIRax,-0.0026940598738613617,0.006583768800054948
Intracranial meningioma,181,T2ax|FLAIRax,none,-0.20612656723674536,0.011586783801521502
Intracranial meningioma,181,T2ax|FLAIRax,T1ax,-0.005308853293286231,0.008023010696955048
Intracranial meningioma,181,T2ax|FLAIRax,FLAIRsag,-0.005683594702721839,0.0060374913771792495
Intracranial meningioma,181,T2ax|FLAIRax,T1ax+FLAIRsag,-0.0018094342474264113,0.007945982093758963
Intracranial meningioma,181,T2ax|FLAIRsag,none,-0.1888297872340425,0.008246715343874379
Intracranial meningioma,181,T2ax|FLAIRsag,T1ax,0.007401967487359329,0.005406806410709845
Intracranial meningioma,181,T2ax|FLAIRsag,FLAIRax,0.01161318529998101,0.009461077279353984
Intracranial meningioma,181,T2ax|FLAIRsag,T1ax+FLAIRax,0.010901386533219148,0.003188175230365828
Intracranial meningioma,181,FLAIRax|FLAIRsag,none,-0.21953409317176964,0.011753520742269718
Intracranial meningioma,181,FLAIRax|FLAIRsag,T1ax,-0.030297078276473394,0.004791753076282515
Intracranial meningioma,181,FLAIRax|FLAIRsag,T2ax,-0.019091120637746133,0.0054417947318133
Intracranial meningioma,181,FLAIRax|FLAIRsag,T1ax+T2ax,-0.026797659230613575,0.002206422579305424
Demyelinating disease of central nervous system,250,T1ax|T2ax,none,-0.2856071311385758,0.0037089007116139507
Demyelinating disease of central nervous system,250,T1ax|T2ax,FLAIRax,0.006476721717889859,0.0018446456808547775
Demyelinating disease of central nervous system,250,T1ax|T2ax,FLAIRsag,-0.016008093623537056,0.006129055266996895
Demyelinating disease of central nervous system,250,T1ax|T2ax,FLAIRax+FLAIRsag,-0.00728535491632946,0.0053068150770657204
Demyelinating disease of central nervous system,250,T1ax|FLAIRax,none,-0.28205424915235694,0.0009127748555467307
Demyelinating disease of central nervous system,250,T1ax|FLAIRax,T2ax,0.010029603704108695,0.004571450467505138
Demyelinating disease of central nervous system,250,T1ax|FLAIRax,FLAIRsag,0.0020500200517700926,0.001273079929493183
Demyelinating disease of central nervous system,250,T1ax|FLAIRax,T2ax+FLAIRsag,0.010772758758977688,0.003141658310197595
Demyelinating disease of central nervous system,250,T1ax|FLAIRsag,none,-0.2673460206350942,0.007722584520258112
Demyelinating disease of central nervous system,250,T1ax|FLAIRsag,T2ax,0.0022530168799445396,0.0030258954137956785
Demyelinating disease of central nervous system,250,T1ax|FLAIRsag,FLAIRax,0.016758248569032852,0.00923967586444999
Demyelinating disease of central nervous system,250,T1ax|FLAIRsag,T2ax+FLAIRax,0.002996171934813533,0.003266040400218976
Demyelinating disease of central nervous system,250,T2ax|FLAIRax,none,-0.30973429581829437,0.00931803297030869
Demyelinating disease of central nervous system,250,T2ax|FLAIRax,T1ax,-0.017650442961828716,0.005619570975919367
Demyelinating disease of central nervous system,250,T2ax|FLAIRax,FLAIRsag,-0.023815159138138475,0.006017846016984183
Demyelinating disease of central nervous system,250,T2ax|FLAIRax,T1ax+FLAIRsag,-0.015092420430930878,0.0040000903319318305
Demyelinating disease of central nervous system,250,T2ax|FLAIRsag,none,-0.2700127602172882,0.007666460305880441
Demyelinating disease of central nervous system,250,T2ax|FLAIRsag,T1ax,-0.000413722702249449,0.002638424358920287
Demyelinating disease of central nervous system,250,T2ax|FLAIRsag,FLAIRax,0.015906376462867706,0.008231674187671288
Demyelinating disease of central nervous system,250,T2ax|FLAIRsag,T1ax+FLAIRax,0.0021442998286483883,0.004094358752679962
Demyelinating disease of central nervous system,250,FLAIRax|FLAIRsag,none,-0.29225272521783513,0.002865868301376174
Demyelinating disease of central nervous system,250,FLAIRax|FLAIRsag,T1ax,-0.008148456013708097,0.0022878110187534093
Demyelinating disease of central nervous system,250,FLAIRax|FLAIRsag,T2ax,-0.006333588537679254,0.005071987322943259
Demyelinating disease of central nervous system,250,FLAIRax|FLAIRsag,T1ax+T2ax,-0.00559043348281026,0.0049934750606096335
Herniation of nucleus pulposus,138,T1ax|T2ax,none,-0.22585245734777135,0.011933110570601441
Herniation of nucleus pulposus,138,T1ax|T2ax,FLAIRax,-0.009934308912534514,0.009096756264088724
Herniation of nucleus pulposus,138,T1ax|T2ax,FLAIRsag,-0.006267926724554118,0.004257119619563216
Herniation of nucleus pulposus,138,T1ax|T2ax,FLAIRax+FLAIRsag,-0.00545794543751003,0.004700491444841691
Herniation of nucleus pulposus,138,T1ax|FLAIRax,none,-0.20754938576092832,0.004467641865995036
Herniation of nucleus pulposus,138,T1ax|FLAIRax,T2ax,0.008368762674308491,0.008737665049976015
Herniation of nucleus pulposus,138,T1ax|FLAIRax,FLAIRsag,0.004149212985799622,0.003174342154985102
Herniation of nucleus pulposus,138,T1ax|FLAIRax,T2ax+FLAIRsag,0.00495919427284371,0.0032621326262707324
Herniation of nucleus pulposus,138,T1ax|FLAIRsag,none,-0.2225767766215938,0.005763627695312354
Herniation of nucleus pulposus,138,T1ax|FLAIRsag,T2ax,-0.0029922459983765894,0.016107773809406936
Herniation of nucleus pulposus,138,T1ax|FLAIRsag,FLAIRax,-0.010878177874865854,0.006527511337584736
Herniation of nucleus pulposus,138,T1ax|FLAIRsag,T2ax+FLAIRax,-0.00640181439984137,0.004249829342921789
Herniation of nucleus pulposus,138,T2ax|FLAIRax,none,-0.20320312561169443,0.001959263795389259
Herniation of nucleus pulposus,138,T2ax|FLAIRax,T1ax,0.012715022823542385,0.0025303071773613317
Herniation of nucleus pulposus,138,T2ax|FLAIRax,FLAIRsag,0.004104061781463016,0.004673308365452924
Herniation of nucleus pulposus,138,T2ax|FLAIRax,T1ax+FLAIRsag,0.004914043068507105,0.0039049563156519033
Herniation of nucleus pulposus,138,T2ax|FLAIRsag,none,-0.22214601325305294,0.0087659082084099
Herniation of nucleus pulposus,138,T2ax|FLAIRsag,T1ax,-0.0025614826298357243,0.004790489334408419
Herniation of nucleus pulposus,138,T2ax|FLAIRsag,FLAIRax,-0.014838825859895488,0.005160071984466231
Herniation of nucleus pulposus,138,T2ax|FLAIRsag,T1ax+FLAIRax,-0.010362462384871004,0.005791843620256434
Herniation of nucleus pulposus,138,FLAIRax|FLAIRsag,none,-0.19963591947948237,0.004808772207322894
Herniation of nucleus pulposus,138,FLAIRax|FLAIRsag,T1ax,0.01206267926724558,0.005597672147031745
Herniation of nucleus pulposus,138,FLAIRax|FLAIRsag,T2ax,0.00767126791367508,0.006503521247462132
Herniation of nucleus pulposus,138,FLAIRax|FLAIRsag,T1ax+T2ax,0.0042616995122103,0.005497083842147447
Spinal cord compression,74,T1ax|T2ax,none,-0.11840094198716367,0.026609605900776687
Spinal cord compression,74,T1ax|T2ax,FLAIRax,-0.019357430184772206,0.007126555509932898
Spinal cord compression,74,T1ax|T2ax,FLAIRsag,0.005995210791862715,0.0074239887782229915
Spinal cord compression,74,T1ax|T2ax,FLAIRax+FLAIRsag,0.0005916421840877669,0.0038038318710587526
Spinal cord compression,74,T1ax|FLAIRax,none,-0.08902088052211458,0.010639154292201932
Spinal cord compression,74,T1ax|FLAIRax,T2ax,0.01002263128027688,0.02173349368227295
Spinal cord compression,74,T1ax|FLAIRax,FLAIRsag,0.012113197004279744,0.015187168006561592
Spinal cord compression,74,T1ax|FLAIRax,T2ax+FLAIRsag,0.0067096283965047965,0.011881410619429749
Spinal cord compression,74,T1ax|FLAIRsag,none,-0.13184267538275476,0.00962542941131252
Spinal cord compression,74,T1ax|FLAIRsag,T2ax,-0.007446522603728393,0.02833834036620358
Spinal cord compression,74,T1ax|FLAIRsag,FLAIRax,-0.03070859785636045,0.0036781390812242612
Spinal cord compression,74,T1ax|FLAIRsag,T2ax+FLAIRax,-0.010759525487500476,0.008491853677183444
Spinal cord compression,74,T2ax|FLAIRax,none,-0.08895876776014129,0.021379567608899253
Spinal cord compression,74,T2ax|FLAIRax,T1ax,0.010084744042250163,0.004861034067067817
Spinal cord compression,74,T2ax|FLAIRax,FLAIRsag,0.010323044366396639,0.002439757288084941
Spinal cord compression,74,T2ax|FLAIRax,T1ax+FLAIRsag,0.00491947575862169,0.0059831556211826
Spinal cord compression,74,T2ax|FLAIRsag,none,-0.11336376616986117,0.029141650966045044
Spinal cord compression,74,T2ax|FLAIRsag,T1ax,0.011032386609165204,0.010485810383145017
Spinal cord compression,74,T2ax|FLAIRsag,FLAIRax,-0.014081954043323242,0.009016558908177102
Spinal cord compression,74,T2ax|FLAIRsag,T1ax+FLAIRax,0.005867118325536731,0.005858519911454427
Spinal cord compression,74,FLAIRax|FLAIRsag,none,-0.10531327550321012,0.008627253088249177
Spinal cord compression,74,FLAIRax|FLAIRsag,T1ax,-0.0041791979768158,0.00304603028173234
Spinal cord compression,74,FLAIRax|FLAIRsag,T2ax,-0.00603146337667219,0.02821591941822658
Spinal cord compression,74,FLAIRax|FLAIRsag,T1ax+T2ax,-0.009344466260444273,0.008324907493114752
Lacunar infarct,213,T1ax|T2ax,none,-0.28029208901435726,0.0012919033661321702
Lacunar infarct,213,T1ax|T2ax,FLAIRax,0.009710672653690225,0.005398830905641739
Lacunar infarct,213,T1ax|T2ax,FLAIRsag,0.01707273415365107,0.002117897401621014
Lacunar infarct,213,T1ax|T2ax,FLAIRax+FLAIRsag,0.01339997136047951,0.0036447240815512365
Lacunar infarct,213,T1ax|FLAIRax,none,-0.29098835326166633,0.004886818712838246
Lacunar infarct,213,T1ax|FLAIRax,T2ax,-0.0009855915936188102,0.005556141389773804
Lacunar infarct,213,T1ax|FLAIRax,FLAIRsag,0.007418658647600977,0.005440568729631783
Lacunar infarct,213,T1ax|FLAIRax,T2ax+FLAIRsag,0.003745895854429415,0.0031333521635234923
Lacunar infarct,213,T1ax|FLAIRsag,none,-0.3073548163831695,0.004905526476774312
Lacunar infarct,213,T1ax|FLAIRsag,T2ax,-0.009989993215161178,0.0021726661750549226
Lacunar infarct,213,T1ax|FLAIRsag,FLAIRax,-0.008947804473902235,0.00456261280682306
Lacunar infarct,213,T1ax|FLAIRsag,T2ax+FLAIRax,-0.005258505767112953,0.0029215566213646265
Lacunar infarct,213,T2ax|FLAIRax,none,-0.30399529834538586,0.004954379860712556
Lacunar infarct,213,T2ax|FLAIRax,T1ax,-0.013992536677338352,0.004059514198856182
Lacunar infarct,213,T2ax|FLAIRax,FLAIRsag,-0.0008289265975908918,0.0026276769701497654
Lacunar infarct,213,T2ax|FLAIRax,T1ax+FLAIRsag,-0.004501689390762453,0.001559121673167405
Lacunar infarct,213,T2ax|FLAIRsag,none,-0.3060568324008442,0.004436750170091897
Lacunar infarct,213,T2ax|FLAIRsag,T1ax,-0.008692009232835826,0.001350653600069322
Lacunar infarct,213,T2ax|FLAIRsag,FLAIRax,-0.0028904606530492094,0.006769859018426337
Lacunar infarct,213,T2ax|FLAIRsag,T1ax+FLAIRax,0.0007988380537400733,0.004588569666041561
Lacunar infarct,213,FLAIRax|FLAIRsag,none,-0.31041523895247547,0.002318027765435497
Lacunar infarct,213,FLAIRax|FLAIRsag,T1ax,-0.012008227043208178,0.0031125695409591207
Lacunar infarct,213,FLAIRax|FLAIRsag,T2ax,-0.007248867204680505,0.0006517136895852146
Lacunar infarct,213,FLAIRax|FLAIRsag,T1ax+T2ax,-0.00251737975663228,0.002683256337322246
Silent micro-hemorrhage of brain,195,T1ax|T2ax,none,-0.2277501798049744,0.00383599028624754
Silent micro-hemorrhage of brain,195,T1ax|T2ax,FLAIRax,-0.020162224043502614,0.011461142427081543
Silent micro-hemorrhage of brain,195,T1ax|T2ax,FLAIRsag,-0.0054398670837026986,0.0048662704042370395
Silent micro-hemorrhage of brain,195,T1ax|T2ax,FLAIRax+FLAIRsag,-0.0036207239403586535,0.004591101247233983
Silent micro-hemorrhage of brain,195,T1ax|FLAIRax,none,-0.19828046974165695,0.006015441410577955
Silent micro-hemorrhage of brain,195,T1ax|FLAIRax,T2ax,0.009307486019814829,0.003674647992396191
Silent micro-hemorrhage of brain,195,T1ax|FLAIRax,FLAIRsag,0.006821438328287595,0.0013896689109582272
Silent micro-hemorrhage of brain,195,T1ax|FLAIRax,T2ax+FLAIRsag,0.00864058147163164,0.002611187954826904
Silent micro-hemorrhage of brain,195,T1ax|FLAIRsag,none,-0.21629395465011902,0.0012969978255659425
Silent micro-hemorrhage of brain,195,T1ax|FLAIRsag,T2ax,0.006016358071152676,0.0067990491830684395
Silent micro-hemorrhage of brain,195,T1ax|FLAIRsag,FLAIRax,-0.011192046580174475,0.008645987269735297
Silent micro-hemorrhage of brain,195,T1ax|FLAIRsag,T2ax+FLAIRax,0.005349453522969487,0.0031935816665031496
Silent micro-hemorrhage of brain,195,T2ax|FLAIRax,none,-0.21792966884291087,0.011581557894705849
Silent micro-hemorrhage of brain,195,T2ax|FLAIRax,T1ax,-0.010341713081439089,0.0020210279951739865
Silent micro-hemorrhage of brain,195,T2ax|FLAIRax,FLAIRsag,-0.00019309288715670578,0.0028779666337294695
Silent micro-hemorrhage of brain,195,T2ax|FLAIRax,T1ax+FLAIRsag,0.0016260502561873391,0.0032014454918885093
Silent micro-hemorrhage of brain,195,T2ax|FLAIRsag,none,-0.23539509703893277,0.008373755329337403
Silent micro-hemorrhage of brain,195,T2ax|FLAIRsag,T1ax,-0.013084784317661061,0.006558264659945854
Silent micro-hemorrhage of brain,195,T2ax|FLAIRsag,FLAIRax,-0.017658521083178596,0.006305203559247729
Silent micro-hemorrhage of brain,195,T2ax|FLAIRsag,T1ax+FLAIRax,-0.0011170209800346331,0.002963924735899677
Silent micro-hemorrhage of brain,195,FLAIRax|FLAIRsag,none,-0.22455327523820678,0.010860571785340493
Silent micro-hemorrhage of brain,195,FLAIRax|FLAIRsag,T1ax,-0.019451367168262235,0.005265184670699423
Silent micro-hemorrhage of brain,195,FLAIRax|FLAIRsag,T2ax,-0.006816699282452617,0.008830747107342905
Silent micro-hemorrhage of brain,195,FLAIRax|FLAIRsag,T1ax+T2ax,-0.007483603830635806,0.005224143967427947
Cavernous hemangioma,78,T1ax|T2ax,none,0.023595799441210135,0.01902752518577488
Cavernous hemangioma,78,T1ax|T2ax,FLAIRax,0.002221855200921219,0.006434104579886517
Cavernous hemangioma,78,T1ax|T2ax,FLAIRsag,0.04681540204889637,0.0025641661181195095
Cavernous hemangioma,78,T1ax|T2ax,FLAIRax+FLAIRsag,0.01608447912795739,0.002948020690747375
Cavernous hemangioma,78,T1ax|FLAIRax,none,-0.011321689582559155,0.009941625379368796
Cavernous hemangioma,78,T1ax|FLAIRax,T2ax,-0.03269563382284807,0.009553081882543092
Cavernous hemangioma,78,T1ax|FLAIRax,FLAIRsag,0.03945570741061877,0.0029479273215455874
Cavernous hemangioma,78,T1ax|FLAIRax,T2ax+FLAIRsag,0.008724784489679782,0.0037395389505130387
Cavernous hemangioma,78,T1ax|FLAIRsag,none,-0.09344935794211147,0.008475570830531557
Cavernous hemangioma,78,T1ax|FLAIRsag,T2ax,-0.07022975533442523,0.012372679668411263
Cavernous hemangioma,78,T1ax|FLAIRsag,FLAIRax,-0.04267196094893352,0.009051397326351102
Cavernous hemangioma,78,T1ax|FLAIRsag,T2ax+FLAIRax,-0.0288093370218974,0.009640638238923594
Cavernous hemangioma,78,T2ax|FLAIRax,none,0.05035050534245383,0.018706827439714437
Cavernous hemangioma,78,T2ax|FLAIRax,T1ax,0.028976561102164917,0.012897161482648413
Cavernous hemangioma,78,T2ax|FLAIRax,FLAIRsag,0.05234778938482637,0.0014628218087010486
Cavernous hemangioma,78,T2ax|FLAIRax,T1ax+FLAIRsag,0.021616866463887368,0.0016264993761199902
Cavernous hemangioma,78,T2ax|FLAIRsag,none,-0.008837184763110628,0.014158307774300985
Cavernous hemangioma,78,T2ax|FLAIRsag,T1ax,0.014382417844575612,0.004693838121484205
Cavernous hemangioma,78,T2ax|FLAIRsag,FLAIRax,-0.006839900720738108,0.013478297444516127
Cavernous hemangioma,78,T2ax|FLAIRsag,T1ax+FLAIRax,0.007022723206298043,0.013683964765870724
Cavernous hemangioma,78,FLAIRax|FLAIRsag,none,-0.04741961086566556,0.013679044049812947
Cavernous hemangioma,78,FLAIRax|FLAIRsag,T1ax,0.0033577861275124,0.01908075872876104
Cavernous hemangioma,78,FLAIRax|FLAIRsag,T2ax,-0.045422326823293,0.014169033324011409
Cavernous hemangioma,78,FLAIRax|FLAIRsag,T1ax+T2ax,-0.004001908510765169,0.006719711902039566
Subdural intracranial hemorrhage,44,T1ax|T2ax,none,-0.2606400133542074,0.00644709641960974
Subdural intracranial hemorrhage,44,T1ax|T2ax,FLAIRax,0.013872007053095955,0.008769627065772912
Subdural intracranial hemorrhage,44,T1ax|T2ax,FLAIRsag,0.013826628678484535,0.00775211093340168
Subdural intracranial hemorrhage,44,T1ax|T2ax,FLAIRax+FLAIRsag,0.01969016294077793,0.002301378006442372
Subdural intracranial hemorrhage,44,T1ax|FLAIRax,none,-0.29206818424916614,0.00829556702503217
Subdural intracranial hemorrhage,44,T1ax|FLAIRax,T2ax,-0.017556163841862798,0.005374651348656804
Subdural intracranial hemorrhage,44,T1ax|FLAIRax,FLAIRsag,-0.010144902874071623,0.00789572948718769
Subdural intracranial hemorrhage,44,T1ax|FLAIRax,T2ax+FLAIRsag,-0.004281368611778229,0.0026349168544179693
Subdural intracranial hemorrhage,44,T1ax|FLAIRsag,none,-0.32445173199531957,0.01686674904744804
Subdural intracranial hemorrhage,44,T1ax|FLAIRsag,T2ax,-0.04998508996262766,0.008986695322101343
Subdural intracranial hemorrhage,44,T1ax|FLAIRsag,FLAIRax,-0.04252845062022507,0.0012346853359140823
Subdural intracranial hemorrhage,44,T1ax|FLAIRsag,T2ax+FLAIRax,-0.03671029473254309,0.007631248520444925
Subdural intracranial hemorrhage,44,T2ax|FLAIRax,none,-0.2837031670864167,0.010536010151438357
Subdural intracranial hemorrhage,44,T2ax|FLAIRax,T1ax,-0.00919114667911336,0.0032430188273440343
Subdural intracranial hemorrhage,44,T2ax|FLAIRax,FLAIRsag,0.008974383907531877,0.0028313615275779927
Subdural intracranial hemorrhage,44,T2ax|FLAIRax,T1ax+FLAIRsag,0.01483791816982527,0.006855699164319901
Subdural intracranial hemorrhage,44,T2ax|FLAIRsag,none,-0.318586171912731,0.004885539961968243
Subdural intracranial hemorrhage,44,T2ax|FLAIRsag,T1ax,-0.04411952988003905,0.012583820616982627
Subdural intracranial hemorrhage,44,T2ax|FLAIRsag,FLAIRax,-0.025908620918782394,0.010621571108219159
Subdural intracranial hemorrhage,44,T2ax|FLAIRsag,T1ax+FLAIRax,-0.02009046503110042,0.005695628803562333
Subdural intracranial hemorrhage,44,FLAIRax|FLAIRsag,none,-0.3060406719889019,0.017122544185831916
Subdural intracranial hemorrhage,44,FLAIRax|FLAIRsag,T1ax,-0.024117390613807355,0.011461186356508427
Subdural intracranial hemorrhage,44,FLAIRax|FLAIRsag,T2ax,-0.013363120994953293,0.011035904082778339
Subdural intracranial hemorrhage,44,FLAIRax|FLAIRsag,T1ax+T2ax,-8.832576486872412e-05,0.015204028077204555
Gliosis,3534,T1ax|T2ax,none,-0.2681469542743435,0.001457646791067353
Gliosis,3534,T1ax|T2ax,FLAIRax,0.0003034348760353467,0.0005970500620201375
Gliosis,3534,T1ax|T2ax,FLAIRsag,-0.0015114030242033838,0.000722760134237427
Gliosis,3534,T1ax|T2ax,FLAIRax+FLAIRsag,0.0005119361783655352,0.00012803296442160698
Gliosis,3534,T1ax|FLAIRax,none,-0.27122373900218605,0.0010634814951946147
Gliosis,3534,T1ax|FLAIRax,T2ax,-0.0027733498518072164,0.0010771460345244635
Gliosis,3534,T1ax|FLAIRax,FLAIRsag,-0.0030208098192836172,0.00047349212519404876
Gliosis,3534,T1ax|FLAIRax,T2ax+FLAIRsag,-0.000997470616714698,0.0007561328085686057
Gliosis,3534,T1ax|FLAIRsag,none,-0.2707863796900558,0.0013476116042756387
Gliosis,3534,T1ax|FLAIRsag,T2ax,-0.004150828439915692,0.0006147071211500321
Gliosis,3534,T1ax|FLAIRsag,FLAIRax,-0.002583450507153362,0.0008382473355299121
Gliosis,3534,T1ax|FLAIRsag,T2ax+FLAIRax,-0.0023749492048231735,0.0011709557905966426
Gliosis,3534,T2ax|FLAIRax,none,-0.2749501594713393,0.0013426201940958161
Gliosis,3534,T2ax|FLAIRax,T1ax,-0.0064997703209604225,0.000661665972973605
Gliosis,3534,T2ax|FLAIRax,FLAIRsag,-0.006229723986872678,0.00015288357773114906
Gliosis,3534,T2ax|FLAIRax,T1ax+FLAIRsag,-0.004206384784303759,0.0006561301197235547
Gliosis,3534,T2ax|FLAIRsag,none,-0.26975758920431564,0.0004793230384544105
Gliosis,3534,T2ax|FLAIRsag,T1ax,-0.0031220379541755014,0.0013360405894525514
Gliosis,3534,T2ax|FLAIRsag,FLAIRax,-0.0010371537198490266,0.0007945106917779539
Gliosis,3534,T2ax|FLAIRsag,T1ax+FLAIRax,-0.0008286524175188381,0.0005629502528728379
Gliosis,3534,FLAIRax|FLAIRsag,none,-0.26753733165791743,0.0006327372650403978
Gliosis,3534,FLAIRax|FLAIRsag,T1ax,0.0006655975249849991,0.0002698927631721377
Gliosis,3534,FLAIRax|FLAIRsag,T2ax,0.001183103826549144,0.0009173518532559086
Gliosis,3534,FLAIRax|FLAIRsag,T1ax+T2ax,0.0029589830616416624,0.0007862786401267854
Cerebral atrophy,1310,T1ax|T2ax,none,-0.41690164920627876,0.0010569233365109536
Cerebral atrophy,1310,T1ax|T2ax,FLAIRax,-0.0027046995563521823,0.00021835521621858673
Cerebral atrophy,1310,T1ax|T2ax,FLAIRsag,-0.002664058862583104,0.0009691506907088908
Cerebral atrophy,1310,T1ax|T2ax,FLAIRax+FLAIRsag,-0.0012205272335146233,0.0007802107523320323
Cerebral atrophy,1310,T1ax|FLAIRax,none,-0.4146882739163873,0.0005677784484716226
Cerebral atrophy,1310,T1ax|FLAIRax,T2ax,-0.0004913242664606651,0.0008079459608145357
Cerebral atrophy,1310,T1ax|FLAIRax,FLAIRsag,-0.0013516414779360941,0.0008901787586975945
Cerebral atrophy,1310,T1ax|FLAIRax,T2ax+FLAIRsag,9.189015113238626e-05,0.0006784566114421145
Cerebral atrophy,1310,T1ax|FLAIRsag,none,-0.4160979487939851,0.0005901422594215533
Cerebral atrophy,1310,T1ax|FLAIRsag,T2ax,-0.0018603584502894233,0.0016549399043595905
Cerebral atrophy,1310,T1ax|FLAIRsag,FLAIRax,-0.0027613163555339306,0.0002918645985763918
Cerebral atrophy,1310,T1ax|FLAIRsag,T2ax+FLAIRax,-0.0012771440326963719,0.000853096257137171
Cerebral atrophy,1310,T2ax|FLAIRax,none,-0.41525749546923957,0.0009438262152872305
Cerebral atrophy,1310,T2ax|FLAIRax,T1ax,-0.0010605458193129191,0.0007084693307558866
Cerebral atrophy,1310,T2ax|FLAIRax,FLAIRsag,-0.0027818885425039777,0.0008976001659082386
Cerebral atrophy,1310,T2ax|FLAIRax,T1ax+FLAIRsag,-0.0013383569134354973,0.000539871567711326
Cerebral atrophy,1310,T2ax|FLAIRsag,none,-0.41366748735054476,0.0020411963319881894
Cerebral atrophy,1310,T2ax|FLAIRsag,T1ax,0.0005701029931509671,9.633143536009102e-05
Cerebral atrophy,1310,T2ax|FLAIRsag,FLAIRax,-0.00119188042380917,0.000575712284590165
Cerebral atrophy,1310,T2ax|FLAIRsag,T1ax+FLAIRax,0.00029229189902838887,0.0002308849131371507
Cerebral atrophy,1310,FLAIRax|FLAIRsag,none,-0.41407540532874726,0.0009840136555406128
Cerebral atrophy,1310,FLAIRax|FLAIRsag,T1ax,-0.0007387728902961502,0.00040285085450640276
Cerebral atrophy,1310,FLAIRax|FLAIRsag,T2ax,-0.00159979840201178,0.0012990054732243636
Cerebral atrophy,1310,FLAIRax|FLAIRsag,T1ax+T2ax,-0.0010165839844187285,0.0006484887820689026
Encephalomalacia,236,T1ax|T2ax,none,-0.2472842701918634,0.001491164315513911
Encephalomalacia,236,T1ax|T2ax,FLAIRax,0.012788987338882452,0.0064339947886167285
Encephalomalacia,236,T1ax|T2ax,FLAIRsag,0.00841040999167697,0.00572775005297437
Encephalomalacia,236,T1ax|T2ax,FLAIRax+FLAIRsag,0.0142048872493582,0.0005977061669527027
Encephalomalacia,236,T1ax|FLAIRax,none,-0.2541472856738292,0.005737312959119069
Encephalomalacia,236,T1ax|FLAIRax,T2ax,0.005925971856916605,0.004180067405053216
Encephalomalacia,236,T1ax|FLAIRax,FLAIRsag,-0.0025497612582513853,0.006347538551400993
Encephalomalacia,236,T1ax|FLAIRax,T2ax+FLAIRsag,0.0032447159994298445,0.00047679044598017347
Encephalomalacia,236,T1ax|FLAIRsag,none,-0.2684051563775421,0.00933130952060456
Encephalomalacia,236,T1ax|FLAIRsag,T2ax,-0.01271047619400171,0.0047909046339122165
Encephalomalacia,236,T1ax|FLAIRsag,FLAIRax,-0.01680763196196422,0.008351203471486926
Encephalomalacia,236,T1ax|FLAIRsag,T2ax+FLAIRax,-0.015391732051488471,0.0017303080222521804
Encephalomalacia,236,T2ax|FLAIRax,none,-0.25750089925338837,0.0024724625026569646
Encephalomalacia,236,T2ax|FLAIRax,T1ax,0.002572358277357467,0.0028717946907789896
Encephalomalacia,236,T2ax|FLAIRax,FLAIRsag,-0.005626812003289776,0.005101675671009525
Encephalomalacia,236,T2ax|FLAIRax,T1ax+FLAIRsag,0.00016766525439145438,0.0012439049581801367
Encephalomalacia,236,T2ax|FLAIRsag,none,-0.25593908275537414,0.008537741927276058
Encephalomalacia,236,T2ax|FLAIRsag,T1ax,-0.00024440257183377945,0.0014803514442049185
Encephalomalacia,236,T2ax|FLAIRsag,FLAIRax,-0.004064995505275541,0.006691886084095731
Encephalomalacia,236,T2ax|FLAIRsag,T1ax+FLAIRax,-0.002649095594799792,0.0007013124290338286
Encephalomalacia,236,FLAIRax|FLAIRsag,none,-0.25431063204402293,0.0008658157326167965
Encephalomalacia,236,FLAIRax|FLAIRsag,T1ax,-0.002713107628445085,0.001510021582986261
Encephalomalacia,236,FLAIRax|FLAIRsag,T2ax,-0.002436544793924337,0.005825835794023933
Encephalomalacia,236,FLAIRax|FLAIRsag,T1ax+T2ax,-0.005117800651411097,0.0033239715522791293
Arachnoid cyst,389,T1ax|T2ax,none,-0.2102737258162325,0.0010864077804937215
Arachnoid cyst,389,T1ax|T2ax,FLAIRax,-0.0022966561181795297,0.0033647629445165586
Arachnoid cyst,389,T1ax|T2ax,FLAIRsag,-0.03125484170226941,0.0027563218173256624
Arachnoid cyst,389,T1ax|T2ax,FLAIRax+FLAIRsag,-0.005265107348271643,0.0025835321308481977
Arachnoid cyst,389,T1ax|FLAIRax,none,-0.18033563679400608,0.007259193120671958
Arachnoid cyst,389,T1ax|FLAIRax,T2ax,0.027641432904046897,0.004589601844694383
Arachnoid cyst,389,T1ax|FLAIRax,FLAIRsag,-0.015591566082978773,0.004205389122741202
Arachnoid cyst,389,T1ax|FLAIRax,T2ax+FLAIRsag,0.01039816827101899,0.0051895573791054675
Arachnoid cyst,389,T1ax|FLAIRsag,none,-0.1569966809000816,0.003933923700151963
Arachnoid cyst,389,T1ax|FLAIRsag,T2ax,0.022022203213881486,0.004395565804915194
Arachnoid cyst,389,T1ax|FLAIRsag,FLAIRax,0.007747389810945693,0.007045422270909438
Arachnoid cyst,389,T1ax|FLAIRsag,T2ax+FLAIRax,0.00477893858085358,0.00385367503118059
Arachnoid cyst,389,T2ax|FLAIRax,none,-0.21818042785516265,0.0023206032710221935
Arachnoid cyst,389,T2ax|FLAIRax,T1ax,-0.010203358157109673,0.003946820918520325
Arachnoid cyst,389,T2ax|FLAIRax,FLAIRsag,-0.03845153843840532,0.003420829299689601
Arachnoid cyst,389,T2ax|FLAIRax,T1ax+FLAIRsag,-0.012461804084407557,0.0031590646585934346
Arachnoid cyst,389,T2ax|FLAIRsag,none,-0.17091684853385158,0.0033478731383091566
Arachnoid cyst,389,T2ax|FLAIRsag,T1ax,0.008102035580111503,0.0017242978793111027
Arachnoid cyst,389,T2ax|FLAIRsag,FLAIRax,0.008812040882905733,0.004084080076558081
Arachnoid cyst,389,T2ax|FLAIRsag,T1ax+FLAIRax,0.005843589652813619,0.005150880918564033
Arachnoid cyst,389,FLAIRax|FLAIRsag,none,-0.1812772348726663,0.0031438133388019844
Arachnoid cyst,389,FLAIRax|FLAIRsag,T1ax,-0.016533164161639007,0.0037752773574553714
Arachnoid cyst,389,FLAIRax|FLAIRsag,T2ax,-0.0015483454559089838,0.0020969163267905194
Arachnoid cyst,389,FLAIRax|FLAIRsag,T1ax+T2ax,-0.01879161008893689,0.0013900467170273718
Empty sella syndrome,351,T1ax|T2ax,none,-0.19081045865311885,0.007437781206739121
Empty sella syndrome,351,T1ax|T2ax,FLAIRax,-0.012836372122665715,0.003034018182520673
Empty sella syndrome,351,T1ax|T2ax,FLAIRsag,-0.03516311869920959,0.0048911101155815805
Empty sella syndrome,351,T1ax|T2ax,FLAIRax+FLAIRsag,-0.01172517068705218,0.0019856653538734633
Empty sella syndrome,351,T1ax|FLAIRax,none,-0.16923634624364556,0.01262907693038835
Empty sella syndrome,351,T1ax|FLAIRax,T2ax,0.00873774028680759,0.004256020370964903
Empty sella syndrome,351,T1ax|FLAIRax,FLAIRsag,-0.014449819802617983,0.004498627855689455
Empty sella syndrome,351,T1ax|FLAIRax,T2ax+FLAIRsag,0.008988128209539425,0.002645746370829534
Empty sella syndrome,351,T1ax|FLAIRsag,none,-0.16688932706775364,0.00578113654031735
Empty sella syndrome,351,T1ax|FLAIRsag,T2ax,-0.011241987113844387,0.006055420950827438
Empty sella syndrome,351,T1ax|FLAIRsag,FLAIRax,-0.012102800626726085,0.002459286492354093
Empty sella syndrome,351,T1ax|FLAIRsag,T2ax+FLAIRax,-0.010991599191112552,0.005449682681684979
Empty sella syndrome,351,T2ax|FLAIRax,none,-0.1891885036653894,0.004776033977911929
Empty sella syndrome,351,T2ax|FLAIRax,T1ax,-0.011214417134936242,0.0049781023350460914
Empty sella syndrome,351,T2ax|FLAIRax,FLAIRsag,-0.02778833314113127,0.0011637243142163518
Empty sella syndrome,351,T2ax|FLAIRax,T1ax+FLAIRsag,-0.004350385128973862,0.003605268849285874
Empty sella syndrome,351,T2ax|FLAIRsag,none,-0.16663300503527592,0.007200529028765715
Empty sella syndrome,351,T2ax|FLAIRsag,T1ax,-0.010985665081366669,0.0006374014846786156
Empty sella syndrome,351,T2ax|FLAIRsag,FLAIRax,-0.005232834511017821,0.00336175958053337
Empty sella syndrome,351,T2ax|FLAIRsag,T1ax+FLAIRax,-0.004121633075404289,0.0013097244005667906
Empty sella syndrome,351,FLAIRax|FLAIRsag,none,-0.15415698566550148,0.007779325832552481
Empty sella syndrome,351,FLAIRax|FLAIRsag,T1ax,0.0006295407755260903,0.0034973072383613917
Empty sella syndrome,351,FLAIRax|FLAIRsag,T2ax,0.007243184858756635,0.0024442262272357036
Empty sella syndrome,351,FLAIRax|FLAIRsag,T1ax+T2ax,0.007493572781488471,0.0015983415057578942
Intracranial aneurysm,61,T1ax|T2ax,none,-0.13182093929109306,0.007115243034262312
Intracranial aneurysm,61,T1ax|T2ax,FLAIRax,0.019818112189329162,0.00978012239567828
Intracranial aneurysm,61,T1ax|T2ax,FLAIRsag,0.00662975272814148,0.00916820584205741
Intracranial aneurysm,61,T1ax|T2ax,FLAIRax+FLAIRsag,0.013811984850294778,0.006177424446278664
Intracranial aneurysm,61,T1ax|FLAIRax,none,-0.16731342182372658,0.014117161763618645
Intracranial aneurysm,61,T1ax|FLAIRax,T2ax,-0.01567437034330436,0.007610485115413285
Intracranial aneurysm,61,T1ax|FLAIRax,FLAIRsag,0.006257041404041264,0.007722354613475857
Intracranial aneurysm,61,T1ax|FLAIRax,T2ax+FLAIRsag,0.013439273526194562,0.013400184772079887
Intracranial aneurysm,61,T1ax|FLAIRsag,none,-0.16929321284773693,0.007500749857530817
Intracranial aneurysm,61,T1ax|FLAIRsag,T2ax,-0.0308425208285024,0.019079979054062175
Intracranial aneurysm,61,T1ax|FLAIRsag,FLAIRax,0.004277250380030906,0.0032676703426986853
Intracranial aneurysm,61,T1ax|FLAIRsag,T2ax+FLAIRax,-0.001728876959003478,0.002032564681137899
Intracranial aneurysm,61,T2ax|FLAIRax,none,-0.15945047184726624,0.009294054609262477
Intracranial aneurysm,61,T2ax|FLAIRax,T1ax,-0.007811420366844013,0.01010254436975213
Intracranial aneurysm,61,T2ax|FLAIRax,FLAIRsag,-0.027048653320497773,0.010859331651492426
Intracranial aneurysm,61,T2ax|FLAIRax,T1ax+FLAIRsag,-0.019866421198344475,0.010230872060484538
Intracranial aneurysm,61,T2ax|FLAIRsag,none,-0.13393043268476287,0.017847207400099055
Intracranial aneurysm,61,T2ax|FLAIRsag,T1ax,0.004520259334471681,0.0035554403810519573
Intracranial aneurysm,61,T2ax|FLAIRsag,FLAIRax,-0.0015286141579943975,0.0027848482470981535
Intracranial aneurysm,61,T2ax|FLAIRsag,T1ax+FLAIRax,-0.007534741497028781,0.003801233611435754
Intracranial aneurysm,61,FLAIRax|FLAIRsag,none,-0.13746050372535654,0.013296365091322983
Intracranial aneurysm,61,FLAIRax|FLAIRsag,T1ax,0.036109959502411325,0.006060318131992658
Intracranial aneurysm,61,FLAIRax|FLAIRsag,T2ax,-0.00505868519858806,0.01815473484786497
Intracranial aneurysm,61,FLAIRax|FLAIRsag,T1ax+T2ax,0.02405495867091086,0.006414859158593586
Chiari malformation,56,T1ax|T2ax,none,-0.24947118988968617,0.014518952387540062
Chiari malformation,56,T1ax|T2ax,FLAIRax,-0.026184547397195963,0.013061443408919224
Chiari malformation,56,T1ax|T2ax,FLAIRsag,-0.058351119713173825,0.009209931428477598
Chiari malformation,56,T1ax|T2ax,FLAIRax+FLAIRsag,-0.013594786741943218,0.005841869944234856
Chiari malformation,56,T1ax|FLAIRax,none,-0.21711878496713025,0.029936571408424067
Chiari malformation,56,T1ax|FLAIRax,T2ax,0.006167857525359939,0.004559931641399943
Chiari malformation,56,T1ax|FLAIRax,FLAIRsag,-0.046731959893307216,0.009325169441935989
Chiari malformation,56,T1ax|FLAIRax,T2ax+FLAIRsag,-0.0019756269220766085,0.0019448895708099536
Chiari malformation,56,T1ax|FLAIRsag,none,-0.1707897280150145,0.008513964894352011
Chiari malformation,56,T1ax|FLAIRsag,T2ax,0.020330342161497834,0.003633820173006725
Chiari malformation,56,T1ax|FLAIRsag,FLAIRax,-0.00040290294119145936,0.012917824087761964
Chiari malformation,56,T1ax|FLAIRsag,T2ax+FLAIRax,0.012186857714061286,0.0023383164497850955
Chiari malformation,56,T2ax|FLAIRax,none,-0.27961942247178406,0.019943180870280953
Chiari malformation,56,T2ax|FLAIRax,T1ax,-0.05633277997929387,0.00671110179839359
Chiari malformation,56,T2ax|FLAIRax,FLAIRsag,-0.07405477184983451,0.018588858718374894
Chiari malformation,56,T2ax|FLAIRax,T1ax+FLAIRsag,-0.02929843887860391,0.008836637297200273
Chiari malformation,56,T2ax|FLAIRsag,none,-0.19545605807922398,0.020789239753976813
Chiari malformation,56,T2ax|FLAIRsag,T1ax,-0.004335987902711651,0.01873315789052082
Chiari malformation,56,T2ax|FLAIRsag,FLAIRax,0.010108592542725559,0.015944270395755716
Chiari malformation,56,T2ax|FLAIRsag,T1ax+FLAIRax,0.022698353197978305,0.020374429262404185
Chiari malformation,56,FLAIRax|FLAIRsag,none,-0.1976194301218398,0.004781315142254851
Chiari malformation,56,FLAIRax|FLAIRsag,T1ax,-0.02723260504801676,0.021803116163440783
Chiari malformation,56,FLAIRax|FLAIRsag,T2ax,0.007945220500109743,0.0030671934663598233
Chiari malformation,56,FLAIRax|FLAIRsag,T1ax+T2ax,-0.0001982639473268044,0.008681469688021729
Schwannoma,38,T1ax|T2ax,none,-0.19333080161654811,0.030599164709968648
Schwannoma,38,T1ax|T2ax,FLAIRax,0.03450636211051402,0.007551386566567926
Schwannoma,38,T1ax|T2ax,FLAIRsag,-0.018196948812437202,0.010642911008389757
Schwannoma,38,T1ax|T2ax,FLAIRax+FLAIRsag,0.010449895449473426,0.008420139103753305
Schwannoma,38,T1ax|FLAIRax,none,-0.26948343600851404,0.025073774908745357
Schwannoma,38,T1ax|FLAIRax,T2ax,-0.041646272281451936,0.01976272701931251
Schwannoma,38,T1ax|FLAIRax,FLAIRsag,-0.03903016493666015,0.011027451844779535
Schwannoma,38,T1ax|FLAIRax,T2ax+FLAIRsag,-0.010383320674749527,0.00985059503054012
Schwannoma,38,T1ax|FLAIRsag,none,-0.22158147908520642,0.03022549108374776
Schwannoma,38,T1ax|FLAIRsag,T2ax,-0.04644762628109552,0.018580130444636102
Schwannoma,38,T1ax|FLAIRsag,FLAIRax,0.008871791986647485,0.004893633883719734
Schwannoma,38,T1ax|FLAIRsag,T2ax+FLAIRax,-0.015184674674393106,0.005677334775807171
Schwannoma,38,T2ax|FLAIRax,none,-0.22538139844533833,0.019668393402686394
Schwannoma,38,T2ax|FLAIRax,T1ax,0.002455765281723791,0.011211380732894693
Schwannoma,38,T2ax|FLAIRax,FLAIRsag,-0.023652798484720572,0.01831799364938162
Schwannoma,38,T2ax|FLAIRax,T1ax+FLAIRsag,0.004994045777190055,0.004433663404087756
Schwannoma,38,T2ax|FLAIRsag,none,-0.17628297092276393,0.02113775708742915
Schwannoma,38,T2ax|FLAIRsag,T1ax,-0.0011491181186530364,0.005128348382009117
Schwannoma,38,T2ax|FLAIRsag,FLAIRax,0.025445629037853818,0.0016400909285318212
Schwannoma,38,T2ax|FLAIRsag,T1ax+FLAIRax,0.0013891623768132282,0.004329786502378951
Schwannoma,38,FLAIRax|FLAIRsag,none,-0.23155597438277684,0.02193694081506433
Schwannoma,38,FLAIRax|FLAIRsag,T1ax,-0.0011027033109229183,0.006370667813201414
Schwannoma,38,FLAIRax|FLAIRsag,T2ax,-0.029827374422159065,0.007817907398150052
Schwannoma,38,FLAIRax|FLAIRsag,T1ax+T2ax,0.0014355771845433463,0.012588214998853077
Cyst of pineal gland,103,T1ax|T2ax,none,-0.1214809744270382,0.012600747423479055
Cyst of pineal gland,103,T1ax|T2ax,FLAIRax,-0.010772449061349368,0.00680104527629849
Cyst of pineal gland,103,T1ax|T2ax,FLAIRsag,0.01948348957190286,0.014482210321093454
Cyst of pineal gland,103,T1ax|T2ax,FLAIRax+FLAIRsag,-0.003168838678887028,0.008773643433448868
Cyst of pineal gland,103,T1ax|FLAIRax,none,-0.13721508668889193,0.02515203962175333
Cyst of pineal gland,103,T1ax|FLAIRax,T2ax,-0.026506561323203098,0.008312486645574628
Cyst of pineal gland,103,T1ax|FLAIRax,FLAIRsag,0.004669913363361755,0.011525802156238739
Cyst of pineal gland,103,T1ax|FLAIRax,T2ax+FLAIRsag,-0.017982414887428133,0.005705319561989671
Cyst of pineal gland,103,T1ax|FLAIRsag,none,-0.1352810029923954,0.00916702113234231
Cyst of pineal gland,103,T1ax|FLAIRsag,T2ax,0.005683461006545672,0.012672367458762525
Cyst of pineal gland,103,T1ax|FLAIRsag,FLAIRax,0.006603997059858295,0.006848497634989167
Cyst of pineal gland,103,T1ax|FLAIRsag,T2ax+FLAIRax,0.014207607442320636,0.005789224842662505
Cyst of pineal gland,103,T2ax|FLAIRax,none,-0.08934216072542071,0.01261878872388448
Cyst of pineal gland,103,T2ax|FLAIRax,T1ax,0.021366364640268126,0.005534979420540774
Cyst of pineal gland,103,T2ax|FLAIRax,FLAIRsag,0.033190158189374465,0.013289535260139962
Cyst of pineal gland,103,T2ax|FLAIRax,T1ax+FLAIRsag,0.010537829938584578,0.006774479207803789
Cyst of pineal gland,103,T2ax|FLAIRsag,none,-0.14106966811931967,0.011838216268434398
Cyst of pineal gland,103,T2ax|FLAIRsag,T1ax,-0.00010520412037862137,0.00822603057812008
Cyst of pineal gland,103,T2ax|FLAIRsag,FLAIRax,-0.018537349204524507,0.00879230542388175
Cyst of pineal gland,103,T2ax|FLAIRsag,T1ax+FLAIRax,-0.010933738822062167,0.007709793629873985
Cyst of pineal gland,103,FLAIRax|FLAIRsag,none,-0.12984104423798426,0.00874387880792105
Cyst of pineal gland,103,FLAIRax|FLAIRsag,T1ax,0.012043955814269425,0.009988080955117698
Cyst of pineal gland,103,FLAIRax|FLAIRsag,T2ax,-0.007308725323189084,0.012011956861455744
Cyst of pineal gland,103,FLAIRax|FLAIRsag,T1ax+T2ax,0.0012154211125858794,0.004128126628074161
Hemangioma of vertebral column,31,T1ax|T2ax,none,-0.12674263150278064,0.019984801517524967
Hemangioma of vertebral column,31,T1ax|T2ax,FLAIRax,-0.04175883748762436,0.013548352480316831
Hemangioma of vertebral column,31,T1ax|T2ax,FLAIRsag,-0.05061183048379062,0.014171574352334276
Hemangioma of vertebral column,31,T1ax|T2ax,FLAIRax+FLAIRsag,0.021480108330863928,0.002060240003719393
Hemangioma of vertebral column,31,T1ax|FLAIRax,none,-0.05549200267381523,0.014167159188144084
Hemangioma of vertebral column,31,T1ax|FLAIRax,T2ax,0.029491791341341056,0.025383119532056065
Hemangioma of vertebral column,31,T1ax|FLAIRax,FLAIRsag,-0.06841831425598337,0.010879221883816983
Hemangioma of vertebral column,31,T1ax|FLAIRax,T2ax+FLAIRsag,0.003673624558671188,0.013087022237723572
Hemangioma of vertebral column,31,T1ax|FLAIRsag,none,-0.04555822783937813,0.007873567954579976
Hemangioma of vertebral column,31,T1ax|FLAIRsag,T2ax,0.03057257317961189,0.016544375708169856
Hemangioma of vertebral column,31,T1ax|FLAIRsag,FLAIRax,-0.058484539421546265,0.007063429799389096
Hemangioma of vertebral column,31,T1ax|FLAIRsag,T2ax+FLAIRax,0.004754406396942024,0.007234586257444549
Hemangioma of vertebral column,31,T2ax|FLAIRax,none,-0.07950637787624652,0.024563832731583198
Hemangioma of vertebral column,31,T2ax|FLAIRax,T1ax,0.005477416138909767,0.005020532933985232
Hemangioma of vertebral column,31,T2ax|FLAIRax,FLAIRsag,-0.06514553227069848,0.022662976643556113
Hemangioma of vertebral column,31,T2ax|FLAIRax,T1ax+FLAIRsag,0.006946406543956063,0.00818091340103678
Hemangioma of vertebral column,31,T2ax|FLAIRsag,none,-0.07378145006236603,0.024169566030348023
Hemangioma of vertebral column,31,T2ax|FLAIRsag,T1ax,0.002349350956623993,0.002378096712168333
Hemangioma of vertebral column,31,T2ax|FLAIRsag,FLAIRax,-0.059420604456817995,0.0036508142985805757
Hemangioma of vertebral column,31,T2ax|FLAIRsag,T1ax+FLAIRax,0.003818341361670289,0.010717578021026181
Hemangioma of vertebral column,31,FLAIRax|FLAIRsag,none,0.018998100304824073,0.018081013903284496
Hemangioma of vertebral column,31,FLAIRax|FLAIRsag,T1ax,0.006071788722655939,0.018100461339189113
Hemangioma of vertebral column,31,FLAIRax|FLAIRsag,T2ax,0.033358945910372105,0.007597949498527162
Hemangioma of vertebral column,31,FLAIRax|FLAIRsag,T1ax+T2ax,0.007540779127702235,0.009004114578387727
Cerebral edema,533,T1ax|T2ax,none,-0.3634772438191476,0.003990162306451688
Cerebral edema,533,T1ax|T2ax,FLAIRax,0.00020784011451842796,0.0015722439333760835
Cerebral edema,533,T1ax|T2ax,FLAIRsag,0.0031458713614746316,0.0029785142224779135
Cerebral edema,533,T1ax|T2ax,FLAIRax+FLAIRsag,-0.0018809371545704574,0.0023713662475109937
Cerebral edema,533,T1ax|FLAIRax,none,-0.3719570075541004,0.0019090228800303518
Cerebral edema,533,T1ax|FLAIRax,T2ax,-0.008271923620434385,0.003266873224152647
Cerebral edema,533,T1ax|FLAIRax,FLAIRsag,0.0011350209004782712,0.0010731300551186597
Cerebral edema,533,T1ax|FLAIRax,T2ax+FLAIRsag,-0.0038917876155668183,0.0011419086634596605
Cerebral edema,533,T1ax|FLAIRsag,none,-0.3670599711727279,0.0027121865442264657
Cerebral edema,533,T1ax|FLAIRsag,T2ax,-0.00043685599210567066,0.0030156555421623652
Cerebral edema,533,T1ax|FLAIRsag,FLAIRax,0.006032057281850782,0.002108919855651822
Cerebral edema,533,T1ax|FLAIRsag,T2ax+FLAIRax,0.003943280012761896,0.0015167544315566783
Cerebral edema,533,T2ax|FLAIRax,none,-0.3835289620911489,0.0023257206787342475
Cerebral edema,533,T2ax|FLAIRax,T1ax,-0.019843878157482897,0.0023505338115054
Cerebral edema,533,T2ax|FLAIRax,FLAIRsag,-0.0002971312487911604,0.001800783895631078
Cerebral edema,533,T2ax|FLAIRax,T1ax+FLAIRsag,-0.00532393976483625,0.0013611171160256494
Cerebral edema,533,T2ax|FLAIRsag,none,-0.37701999133205427,0.000941790296175205
Cerebral edema,533,T2ax|FLAIRsag,T1ax,-0.01039687615143207,0.0017997850863390788
Cerebral edema,533,T2ax|FLAIRsag,FLAIRax,0.006211839510303463,0.0007383628980704732
Cerebral edema,533,T2ax|FLAIRsag,T1ax+FLAIRax,0.004123062241214577,0.0019837973235480246
Cerebral edema,533,FLAIRax|FLAIRsag,none,-0.3914542031772115,0.0030576603794116495
Cerebral edema,533,FLAIRax|FLAIRsag,T1ax,-0.01836217472263287,0.003767872882547833
Cerebral edema,533,FLAIRax|FLAIRsag,T2ax,-0.00822237233485379,0.0035277127862654383
Cerebral edema,533,FLAIRax|FLAIRsag,T1ax+T2ax,-0.0038422363299862226,0.000784970446626086
Spinal stenosis,43,T1ax|T2ax,none,-0.2182672138622891,0.014235885428664634
Spinal stenosis,43,T1ax|T2ax,FLAIRax,-0.02429755834680584,0.005741033778036718
Spinal stenosis,43,T1ax|T2ax,FLAIRsag,-0.03095800688139949,0.00801074045455375
Spinal stenosis,43,T1ax|T2ax,FLAIRax+FLAIRsag,-0.009088836380218105,0.0014791217846199523
Spinal stenosis,43,T1ax|FLAIRax,none,-0.18465530821207984,0.01651343596458672
Spinal stenosis,43,T1ax|FLAIRax,T2ax,0.009314347303403414,0.021369610643577407
Spinal stenosis,43,T1ax|FLAIRax,FLAIRsag,-0.01666873937735776,0.01037808075201418
Spinal stenosis,43,T1ax|FLAIRax,T2ax+FLAIRsag,0.005200431123823623,0.0032887408901361125
Spinal stenosis,43,T1ax|FLAIRsag,none,-0.17224557476267463,0.03635793415219252
Spinal stenosis,43,T1ax|FLAIRsag,T2ax,0.015063632218214976,0.026320015427234673
Spinal stenosis,43,T1ax|FLAIRsag,FLAIRax,-0.004259005927952549,0.013392570316718064
Spinal stenosis,43,T1ax|FLAIRsag,T2ax+FLAIRax,0.010949716038635185,0.00981405252923171
Spinal stenosis,43,T2ax|FLAIRax,none,-0.16753596153048964,0.010942313439717756
Spinal stenosis,43,T2ax|FLAIRax,T1ax,0.026433693984993623,0.004609616273224749
Spinal stenosis,43,T2ax|FLAIRax,FLAIRsag,-0.023532728101811545,0.0040856760428709775
Spinal stenosis,43,T2ax|FLAIRax,T1ax+FLAIRsag,-0.0016635576006301573,0.004854214698212004
Spinal stenosis,43,T2ax|FLAIRsag,none,-0.1480164158686731,0.01402856297488334
Spinal stenosis,43,T2ax|FLAIRsag,T1ax,0.03929279111221651,0.018329163806369408
Spinal stenosis,43,T2ax|FLAIRsag,FLAIRax,-0.004013182439995007,0.007380020536459748
Spinal stenosis,43,T2ax|FLAIRsag,T1ax+FLAIRax,0.011195539526592727,0.010242800956817955
Spinal stenosis,43,FLAIRax|FLAIRsag,none,-0.11560336608216222,0.006893747938726354
Spinal stenosis,43,FLAIRax|FLAIRsag,T1ax,0.052383202752559845,0.020413723122006736
Spinal stenosis,43,FLAIRax|FLAIRsag,T2ax,0.028399867346515856,0.013236606602174326
Spinal stenosis,43,FLAIRax|FLAIRsag,T1ax+T2ax,0.024285951166936066,0.011904565869575537
Mastoiditis,265,T1ax|T2ax,none,-0.17104837420556832,0.002933540983229961
Mastoiditis,265,T1ax|T2ax,FLAIRax,-0.01653602985354345,0.005775587286457895
Mastoiditis,265,T1ax|T2ax,FLAIRsag,0.011012559323995844,0.0038764889416549445
Mastoiditis,265,T1ax|T2ax,FLAIRax+FLAIRsag,0.0019858724830364993,0.005157406919898763
Mastoiditis,265,T1ax|FLAIRax,none,-0.13505000854375782,0.007473087002576163
Mastoiditis,265,T1ax|FLAIRax,T2ax,0.01946233580826706,0.0014206287444532718
Mastoiditis,265,T1ax|FLAIRax,FLAIRsag,0.004926992211400065,0.0017502316953252612
Mastoiditis,265,T1ax|FLAIRax,T2ax+FLAIRsag,-0.004099694629559281,0.005322978681223434
Mastoiditis,265,T1ax|FLAIRsag,none,-0.14455473241501715,0.0076948556674376134
Mastoiditis,265,T1ax|FLAIRsag,T2ax,0.03750620111454702,0.004825714488532337
Mastoiditis,265,T1ax|FLAIRsag,FLAIRax,-0.00457773165985927,0.004122487036285383
Mastoiditis,265,T1ax|FLAIRsag,T2ax+FLAIRax,0.013944170676720677,0.0022800773614034
Mastoiditis,265,T2ax|FLAIRax,none,-0.19238599595411732,0.004927369559280851
Mastoiditis,265,T2ax|FLAIRax,T1ax,-0.03787365160209244,0.004677200159582999
Mastoiditis,265,T2ax|FLAIRax,FLAIRsag,-0.009686967737668048,0.009274545831227722
Mastoiditis,265,T2ax|FLAIRax,T1ax+FLAIRsag,-0.018713654578627392,0.0024361016817128767
Mastoiditis,265,T2ax|FLAIRsag,none,-0.20869224006305845,0.001957494903284855
Mastoiditis,265,T2ax|FLAIRsag,T1ax,-0.026631306533494287,0.003723553000327377
Mastoiditis,265,T2ax|FLAIRsag,FLAIRax,-0.025993211846609188,0.006722728252484193
Mastoiditis,265,T2ax|FLAIRsag,T1ax+FLAIRax,-0.007471309510029241,0.003955521384219572
Mastoiditis,265,FLAIRax|FLAIRsag,none,-0.16305713569141048,0.0026291291081647285
Mastoiditis,265,FLAIRax|FLAIRsag,T1ax,-0.023080134936252605,0.008923581353077033
Mastoiditis,265,FLAIRax|FLAIRsag,T2ax,0.019641892525038784,0.0040494062323871635
Mastoiditis,265,FLAIRax|FLAIRsag,T1ax+T2ax,-0.003920137912787558,0.0030583441931318726
Chronic mastoiditis,211,T1ax|T2ax,none,-0.2891717017600546,0.002238565518664447
Chronic mastoiditis,211,T1ax|T2ax,FLAIRax,-0.022499288566165714,0.004196364640504799
Chronic mastoiditis,211,T1ax|T2ax,FLAIRsag,-0.03222709243271815,0.009700545209865132
Chronic mastoiditis,211,T1ax|T2ax,FLAIRax+FLAIRsag,-0.012214897407284023,0.0012399950255700507
Chronic mastoiditis,211,T1ax|FLAIRax,none,-0.2541395642205386,0.002382591022224489
Chronic mastoiditis,211,T1ax|FLAIRax,T2ax,0.012532848973350238,0.001804469920052173
Chronic mastoiditis,211,T1ax|FLAIRax,FLAIRsag,-0.018525668223046316,0.007911147488522778
Chronic mastoiditis,211,T1ax|FLAIRax,T2ax+FLAIRsag,0.0014865268023878109,0.003033614441726538
Chronic mastoiditis,211,T1ax|FLAIRsag,none,-0.24808145134566814,0.009948683427633928
Chronic mastoiditis,211,T1ax|FLAIRsag,T2ax,0.008863157981668294,0.0016970750990016584
Chronic mastoiditis,211,T1ax|FLAIRsag,FLAIRax,-0.012467555348175821,0.000549526169310934
Chronic mastoiditis,211,T1ax|FLAIRsag,T2ax+FLAIRax,-0.0021831641892941325,0.003502319233207248
Chronic mastoiditis,211,T2ax|FLAIRax,none,-0.26619385135351364,0.002139889986189636
Chronic mastoiditis,211,T2ax|FLAIRax,T1ax,0.00047856184037520233,0.0007960686821904737
Chronic mastoiditis,211,T2ax|FLAIRax,FLAIRsag,-0.017699475896070904,0.008430509779816483
Chronic mastoiditis,211,T2ax|FLAIRax,T1ax+FLAIRsag,0.002312719129363224,0.004128443432252038
Chronic mastoiditis,211,T2ax|FLAIRsag,none,-0.26287944714967104,0.01173711381884846
Chronic mastoiditis,211,T2ax|FLAIRsag,T1ax,-0.005934837822334615,0.005889079609594196
Chronic mastoiditis,211,T2ax|FLAIRsag,FLAIRax,-0.014385071692228283,0.00284933137201066
Chronic mastoiditis,211,T2ax|FLAIRsag,T1ax+FLAIRax,-0.004100680533346594,0.0029488159613891307
Chronic mastoiditis,211,FLAIRax|FLAIRsag,none,-0.23253881572676546,0.01041248317787005
Chronic mastoiditis,211,FLAIRax|FLAIRsag,T1ax,0.0030750802707268563,0.007054551268493784
Chronic mastoiditis,211,FLAIRax|FLAIRsag,T2ax,0.015955559730677304,0.004342199937273485
Chronic mastoiditis,211,FLAIRax|FLAIRsag,T1ax+T2ax,0.004909237559714878,0.0025630961027294018
Ventriculomegaly,889,T1ax|T2ax,none,-0.3918090024729975,0.001441008665112113
Ventriculomegaly,889,T1ax|T2ax,FLAIRax,-0.002436004883208942,0.0007874899320322144
Ventriculomegaly,889,T1ax|T2ax,FLAIRsag,-0.001770886353222867,0.0012042961369831413
Ventriculomegaly,889,T1ax|T2ax,FLAIRax+FLAIRsag,-0.0021731320508735497,0.0004190399882465967
Ventriculomegaly,889,T1ax|FLAIRax,none,-0.3889907473348521,0.0018679944720301149
Ventriculomegaly,889,T1ax|FLAIRax,T2ax,0.0003822502549365077,0.002112030203604967
Ventriculomegaly,889,T1ax|FLAIRax,FLAIRsag,-0.0017874867593574706,0.0008302947750082897
Ventriculomegaly,889,T1ax|FLAIRax,T2ax+FLAIRsag,-0.0021897324570081533,0.0006424896973540995
Ventriculomegaly,889,T1ax|FLAIRsag,none,-0.38708317769074707,0.0009003471807748658
Ventriculomegaly,889,T1ax|FLAIRsag,T2ax,0.0029549384290275724,0.0008093610267455134
Ventriculomegaly,889,T1ax|FLAIRsag,FLAIRax,0.00012008288474751883,0.001790508654859738
Ventriculomegaly,889,T1ax|FLAIRsag,T2ax+FLAIRax,0.0003829557170829112,0.000679510191715077
Ventriculomegaly,889,T2ax|FLAIRax,none,-0.39241814699079836,0.000908627448740229
Ventriculomegaly,889,T2ax|FLAIRax,T1ax,-0.0030451494010097133,0.0009679007071883147
Ventriculomegaly,889,T2ax|FLAIRax,FLAIRsag,0.0008489796019146197,0.0018055576908794016
Ventriculomegaly,889,T2ax|FLAIRax,T1ax+FLAIRsag,0.00044673390426393694,0.0004062334417529833
Ventriculomegaly,889,T2ax|FLAIRsag,none,-0.39235053285319577,0.0014928889517227776
Ventriculomegaly,889,T2ax|FLAIRsag,T1ax,-0.0023124167334210486,0.0020188038309038457
Ventriculomegaly,889,T2ax|FLAIRsag,FLAIRax,0.0009165937395172093,0.0020462609860604163
Ventriculomegaly,889,T2ax|FLAIRsag,T1ax+FLAIRax,0.0011794665718526016,0.0010365637103609156
Ventriculomegaly,889,FLAIRax|FLAIRsag,none,-0.3897410504190268,0.0024105287058565
Ventriculomegaly,889,FLAIRax|FLAIRsag,T1ax,-0.0025377898435321824,0.0002754699620676066
Ventriculomegaly,889,FLAIRax|FLAIRsag,T2ax,0.003526076173686129,0.0015226486340691936
Ventriculomegaly,889,FLAIRax|FLAIRsag,T1ax+T2ax,0.0009540934617414676,0.0009042840194979644
Cerebellar degeneration,351,T1ax|T2ax,none,-0.3166336982233171,0.00336749521434846
Cerebellar degeneration,351,T1ax|T2ax,FLAIRax,-0.00833469345229291,0.003828401810775649
Cerebellar degeneration,351,T1ax|T2ax,FLAIRsag,-0.011757624490795648,0.0023603850852219727
Cerebellar degeneration,351,T1ax|T2ax,FLAIRax+FLAIRsag,-0.005906802338270419,0.0014810905865418745
Cerebellar degeneration,351,T1ax|FLAIRax,none,-0.2937335485997286,0.0005905653477422522
Cerebellar degeneration,351,T1ax|FLAIRax,T2ax,0.014565456171295565,0.004729988607769275
Cerebellar degeneration,351,T1ax|FLAIRax,FLAIRsag,-0.01017605295788578,0.0009261512184173972
Cerebellar degeneration,351,T1ax|FLAIRax,T2ax+FLAIRsag,-0.004325230805360551,0.0005228942132266777
Cerebellar degeneration,351,T1ax|FLAIRsag,none,-0.2868543399768055,0.0048958669452249335
Cerebellar degeneration,351,T1ax|FLAIRsag,T2ax,0.01802173375571599,0.005639986228936482
Cerebellar degeneration,351,T1ax|FLAIRsag,FLAIRax,-0.0032968443349626155,0.004415816964000842
Cerebellar degeneration,351,T1ax|FLAIRsag,T2ax+FLAIRax,-0.0008689532209401237,0.0022063753016061134
Cerebellar degeneration,351,T2ax|FLAIRax,none,-0.32097573358725023,0.004844252251907242
Cerebellar degeneration,351,T2ax|FLAIRax,T1ax,-0.01267672881622602,0.0012980795029945787
Cerebellar degeneration,351,T2ax|FLAIRax,FLAIRsag,-0.007533326065361723,0.002230092450000928
Cerebellar degeneration,351,T2ax|FLAIRax,T1ax+FLAIRsag,-0.0016825039128364934,0.002079828509149183
Cerebellar degeneration,351,T2ax|FLAIRsag,none,-0.30868062579335903,0.002140128670730755
Cerebellar degeneration,351,T2ax|FLAIRsag,T1ax,-0.003804552060837555,0.0011494946067747691
Cerebellar degeneration,351,T2ax|FLAIRsag,FLAIRax,0.0047617817285294795,0.0032874532512856204
Cerebellar degeneration,351,T2ax|FLAIRsag,T1ax+FLAIRax,0.007189672842551971,0.0013321636337748938
Cerebellar degeneration,351,FLAIRax|FLAIRsag,none,-0.2961520396637996,0.001366618701102735
Cerebellar degeneration,351,FLAIRax|FLAIRsag,T1ax,-0.012594544021956774,0.001867655449577667
Cerebellar degeneration,351,FLAIRax|FLAIRsag,T2ax,0.017290367858088868,0.0031128152125085894
Cerebellar degeneration,351,FLAIRax|FLAIRsag,T1ax+T2ax,-0.0016003191185672467,0.001606695524436861
Mega cisterna magna,104,T1ax|T2ax,none,-0.24146322780459928,0.013990228848235586
Mega cisterna magna,104,T1ax|T2ax,FLAIRax,0.01911379878599166,0.006534515423083229
Mega cisterna magna,104,T1ax|T2ax,FLAIRsag,0.01759301048110388,0.005241545969959257
Mega cisterna magna,104,T1ax|T2ax,FLAIRax+FLAIRsag,0.013631887454419456,0.004930620818173776
Mega cisterna magna,104,T1ax|FLAIRax,none,-0.2533384883139969,0.010920910573872964
Mega cisterna magna,104,T1ax|FLAIRax,T2ax,0.007238538276594042,0.01895944067982445
Mega cisterna magna,104,T1ax|FLAIRax,FLAIRsag,-0.005453272550107524,0.0021593756803479198
Mega cisterna magna,104,T1ax|FLAIRax,T2ax+FLAIRsag,-0.009414395576791948,0.009276485053441804
Mega cisterna magna,104,T1ax|FLAIRsag,none,-0.25299585807309993,0.006970084207261704
Mega cisterna magna,104,T1ax|FLAIRsag,T2ax,0.006060380212603245,0.01621497155090884
Mega cisterna magna,104,T1ax|FLAIRsag,FLAIRax,-0.005110642309210545,0.004869588537421194
Mega cisterna magna,104,T1ax|FLAIRsag,T2ax+FLAIRax,-0.010592553640782746,0.00325880700707875
Mega cisterna magna,104,T2ax|FLAIRax,none,-0.2721098293818715,0.007374664557740565
Mega cisterna magna,104,T2ax|FLAIRax,T1ax,-0.011532802791280586,0.001766607168623587
Mega cisterna magna,104,T2ax|FLAIRax,FLAIRsag,-0.02866604006393007,0.0066767288498014695
Mega cisterna magna,104,T2ax|FLAIRax,T1ax+FLAIRsag,-0.032627163090614496,0.0021448968835221086
Mega cisterna magna,104,T2ax|FLAIRsag,none,-0.23223860728570603,0.01693780580662219
Mega cisterna magna,104,T2ax|FLAIRsag,T1ax,0.026817630999997122,0.0024347617024607715
Mega cisterna magna,104,T2ax|FLAIRsag,FLAIRax,0.011205182032235417,0.005846996699348866
Mega cisterna magna,104,T2ax|FLAIRsag,T1ax+FLAIRax,0.005723270700663215,0.0038877287004045005
Mega cisterna magna,104,FLAIRax|FLAIRsag,none,-0.20665140875201157,0.015049974880537489
Mega cisterna magna,104,FLAIRax|FLAIRsag,T1ax,0.04123380701187781,0.012216546157481396
Mega cisterna magna,104,FLAIRax|FLAIRsag,T2ax,0.03679238056592989,0.02639335363709439
Mega cisterna magna,104,FLAIRax|FLAIRsag,T1ax+T2ax,0.0201394467125439,0.011229988356566236
Structure of cave of septum pellucidum,99,T1ax|T2ax,none,-0.13789860443615556,0.020570888222370555
Structure of cave of septum pellucidum,99,T1ax|T2ax,FLAIRax,-0.009608132106518194,0.011674924604451865
Structure of cave of septum pellucidum,99,T1ax|T2ax,FLAIRsag,-0.009439673255038028,0.003952565049458281
Structure of cave of septum pellucidum,99,T1ax|T2ax,FLAIRax+FLAIRsag,-0.0050561203455542865,0.01113137576726969
Structure of cave of septum pellucidum,99,T1ax|FLAIRax,none,-0.15064622989090384,0.01550267414871631
Structure of cave of septum pellucidum,99,T1ax|FLAIRax,T2ax,-0.02235575756126647,0.005301459594126009
Structure of cave of septum pellucidum,99,T1ax|FLAIRax,FLAIRsag,-0.030603901434544906,0.011107287184592689
Structure of cave of septum pellucidum,99,T1ax|FLAIRax,T2ax+FLAIRsag,-0.026220348525061166,0.008825809167071168
Structure of cave of septum pellucidum,99,T1ax|FLAIRsag,none,-0.14576237230637915,0.016401276131675364
Structure of cave of septum pellucidum,99,T1ax|FLAIRsag,T2ax,-0.01730344112526161,0.008055023325285413
Structure of cave of septum pellucidum,99,T1ax|FLAIRsag,FLAIRax,-0.02572004385002021,0.01216461192659631
Structure of cave of septum pellucidum,99,T1ax|FLAIRsag,T2ax+FLAIRax,-0.021168032089056304,0.00697512637685928
Structure of cave of septum pellucidum,99,T2ax|FLAIRax,none,-0.17341498334612168,0.01983606905350997
Structure of cave of septum pellucidum,99,T2ax|FLAIRax,T1ax,-0.04512451101648429,0.005450420868828401
Structure of cave of septum pellucidum,99,T2ax|FLAIRax,FLAIRsag,-0.01863915679280433,0.016678638204561898
Structure of cave of septum pellucidum,99,T2ax|FLAIRax,T1ax+FLAIRsag,-0.014255603883320589,0.005836004613156385
Structure of cave of septum pellucidum,99,T2ax|FLAIRsag,none,-0.1612837723769508,0.008711921903933492
Structure of cave of septum pellucidum,99,T2ax|FLAIRsag,T1ax,-0.03282484119583325,0.015709645636729615
Structure of cave of septum pellucidum,99,T2ax|FLAIRsag,FLAIRax,-0.006507945823633454,0.013230933867841722
Structure of cave of septum pellucidum,99,T2ax|FLAIRsag,T1ax+FLAIRax,-0.0019559340626695474,0.0090792503992992
Structure of cave of septum pellucidum,99,FLAIRax|FLAIRsag,none,-0.13472016629967998,0.023219911765736543
Structure of cave of septum pellucidum,99,FLAIRax|FLAIRsag,T1ax,-0.014677837843321032,0.005532341433962892
Structure of cave of septum pellucidum,99,FLAIRax|FLAIRsag,T2ax,0.020055660253637364,0.011222413130851162
Structure of cave of septum pellucidum,99,FLAIRax|FLAIRsag,T1ax+T2ax,0.01619106928984267,0.006055435495047129
Hyperostosis of skull,34,T1ax|T2ax,none,-0.23443304023179953,0.0016918789918406812
Hyperostosis of skull,34,T1ax|T2ax,FLAIRax,-0.053582165850633356,0.005036459573960402
Hyperostosis of skull,34,T1ax|T2ax,FLAIRsag,0.02307048473839794,0.0112260570211066
Hyperostosis of skull,34,T1ax|T2ax,FLAIRax+FLAIRsag,-0.00643870113490419,0.0034780272521664443
Hyperostosis of skull,34,T1ax|FLAIRax,none,-0.15454035017148218,0.016594128211010303
Hyperostosis of skull,34,T1ax|FLAIRax,T2ax,0.026310524209683977,0.015570244617867435
Hyperostosis of skull,34,T1ax|FLAIRax,FLAIRsag,0.060818568265002315,0.007268661727010024
Hyperostosis of skull,34,T1ax|FLAIRax,T2ax+FLAIRsag,0.03130938239170019,0.013503955871645747
Hyperostosis of skull,34,T1ax|FLAIRsag,none,-0.2597106905589461,0.01627330513882807
Hyperostosis of skull,34,T1ax|FLAIRsag,T2ax,-0.0022071655887485977,0.006762657851888068
Hyperostosis of skull,34,T1ax|FLAIRsag,FLAIRax,-0.04435177212246155,0.007865393324124425
Hyperostosis of skull,34,T1ax|FLAIRsag,T2ax+FLAIRax,0.002791692593267614,0.005277027651814951
Hyperostosis of skull,34,T2ax|FLAIRax,none,-0.2058760677045688,0.00516777804989361
Hyperostosis of skull,34,T2ax|FLAIRax,T1ax,-0.025025193323402622,0.0062466768149936685
Hyperostosis of skull,34,T2ax|FLAIRax,FLAIRsag,0.03378733692429847,0.002015798509313376
Hyperostosis of skull,34,T2ax|FLAIRax,T1ax+FLAIRsag,0.004278151050996344,0.005950586046316151
Hyperostosis of skull,34,T2ax|FLAIRsag,none,-0.28104592622389274,0.00429310896092174
Hyperostosis of skull,34,T2ax|FLAIRsag,T1ax,-0.02354240125369526,0.010947909179584438
Hyperostosis of skull,34,T2ax|FLAIRsag,FLAIRax,-0.04138252159502546,0.0033778552709557014
Hyperostosis of skull,34,T2ax|FLAIRsag,T1ax+FLAIRax,0.005760943120703706,0.005841489843103931
Hyperostosis of skull,34,FLAIRax|FLAIRsag,none,-0.24772893450573943,0.019695925188443913
Hyperostosis of skull,34,FLAIRax|FLAIRsag,T1ax,-0.03237001606925494,0.017660962400084794
Hyperostosis of skull,34,FLAIRax|FLAIRsag,T2ax,-0.008065529876872183,0.018486214014893077
Hyperostosis of skull,34,FLAIRax|FLAIRsag,T1ax+T2ax,-0.0030666716948559714,0.01564649503153218
Watershed infarct,36,T1ax|T2ax,none,-0.3316144775747212,0.009973783734410581
Watershed infarct,36,T1ax|T2ax,FLAIRax,0.002845463289515885,0.01153467278885407
Watershed infarct,36,T1ax|T2ax,FLAIRsag,0.0026430994422872445,0.009405740202595003
Watershed infarct,36,T1ax|T2ax,FLAIRax+FLAIRsag,0.006267836715629767,0.008376411732550652
Watershed infarct,36,T1ax|FLAIRax,none,-0.33554993488732937,0.004583092403009555
Watershed infarct,36,T1ax|FLAIRax,T2ax,-0.0010899940230922518,0.009540222592708604
Watershed infarct,36,T1ax|FLAIRax,FLAIRsag,-0.0010306207671815226,0.010708510322681317
Watershed infarct,36,T1ax|FLAIRax,T2ax+FLAIRsag,0.0025941165061610003,0.00866788045629303
Watershed infarct,36,T1ax|FLAIRsag,none,-0.34725487751297307,0.006433038964144527
Watershed infarct,36,T1ax|FLAIRsag,T2ax,-0.012997300495964667,0.012934963469576358
Watershed infarct,36,T1ax|FLAIRsag,FLAIRax,-0.012735563392825297,0.00131384208315077
Watershed infarct,36,T1ax|FLAIRsag,T2ax+FLAIRax,-0.009313189966711414,0.01083483541673087
Watershed infarct,36,T2ax|FLAIRax,none,-0.32962596827884844,0.0034477857089880467
Watershed infarct,36,T2ax|FLAIRax,T1ax,0.004833972585388609,0.011326332147536547
Watershed infarct,36,T2ax|FLAIRax,FLAIRsag,0.0014195155933962218,0.011116267035369274
Watershed infarct,36,T2ax|FLAIRax,T1ax+FLAIRsag,0.005044252866738745,0.0013783050550596567
Watershed infarct,36,T2ax|FLAIRsag,none,-0.33282618677243025,0.016565052581310108
Watershed infarct,36,T2ax|FLAIRsag,T1ax,0.0014313902445781679,0.004584309134722944
Watershed infarct,36,T2ax|FLAIRsag,FLAIRax,-0.0017807029001855785,0.0031826032061793934
Watershed infarct,36,T2ax|FLAIRsag,T1ax+FLAIRax,0.0016416705259283033,0.009406152671486805
Watershed infarct,36,FLAIRax|FLAIRsag,none,-0.32957748011985494,0.010594530489865877
Watershed infarct,36,FLAIRax|FLAIRsag,T1ax,0.004941834000292873,0.005220473971739672
Watershed infarct,36,FLAIRax|FLAIRsag,T2ax,0.0014680037523897571,0.01028907889976036
Watershed infarct,36,FLAIRax|FLAIRsag,T1ax+T2ax,0.0051521142816430094,0.0076161865107730545
Foraminal Spinal Stenosis,60,T1ax|T2ax,none,-0.22017274426467623,0.007464857559492501
Foraminal Spinal Stenosis,60,T1ax|T2ax,FLAIRax,-0.039202888198387985,0.01233465598846845
Foraminal Spinal Stenosis,60,T1ax|T2ax,FLAIRsag,0.000947950522042477,0.010332647117889542
Foraminal Spinal Stenosis,60,T1ax|T2ax,FLAIRax+FLAIRsag,-0.0091586604283486,0.005144458106165905
Foraminal Spinal Stenosis,60,T1ax|FLAIRax,none,-0.11533328571258505,0.013092903160126984
Foraminal Spinal Stenosis,60,T1ax|FLAIRax,T2ax,0.06563657035370318,0.009142169546835235
Foraminal Spinal Stenosis,60,T1ax|FLAIRax,FLAIRsag,0.03719597128468873,0.008824089444978367
Foraminal Spinal Stenosis,60,T1ax|FLAIRax,T2ax+FLAIRsag,0.027089360334297652,0.006805179748980182
Foraminal Spinal Stenosis,60,T1ax|FLAIRsag,none,-0.170437634677429,0.012426609299094409
Foraminal Spinal Stenosis,60,T1ax|FLAIRsag,T2ax,0.05068306010928969,0.009550851403584654
Foraminal Spinal Stenosis,60,T1ax|FLAIRsag,FLAIRax,-0.017908377680155223,0.00844852672369622
Foraminal Spinal Stenosis,60,T1ax|FLAIRsag,T2ax+FLAIRax,0.01213585008988416,0.0061499856791357626
Foraminal Spinal Stenosis,60,T2ax|FLAIRax,none,-0.21229270092979521,0.015659428786848964
Foraminal Spinal Stenosis,60,T2ax|FLAIRax,T1ax,-0.03132284486350697,0.0030981972512687576
Foraminal Spinal Stenosis,60,T2ax|FLAIRax,FLAIRsag,-0.00019762610569421893,0.007976360662109615
Foraminal Spinal Stenosis,60,T2ax|FLAIRax,T1ax+FLAIRsag,-0.010304237056085297,0.0031057071681610117
Foraminal Spinal Stenosis,60,T2ax|FLAIRsag,none,-0.24243990856816322,0.00996970409327086
Foraminal Spinal Stenosis,60,T2ax|FLAIRsag,T1ax,-0.021319213781444524,0.011130452579307485
Foraminal Spinal Stenosis,60,T2ax|FLAIRsag,FLAIRax,-0.030344833744062234,0.020900869979827683
Foraminal Spinal Stenosis,60,T2ax|FLAIRsag,T1ax+FLAIRax,-0.0003006059740228532,0.010051714480529621
Foraminal Spinal Stenosis,60,FLAIRax|FLAIRsag,none,-0.17921413860018812,0.012588222714058999
Foraminal Spinal Stenosis,60,FLAIRax|FLAIRsag,T1ax,-0.02668488160291434,0.001352829330627423
Foraminal Spinal Stenosis,60,FLAIRax|FLAIRsag,T2ax,0.03288093622391286,0.01329551985320728
Foraminal Spinal Stenosis,60,FLAIRax|FLAIRsag,T1ax+T2ax,-0.005666273795492671,0.0013668497028455088
Lipoma of brain,22,T1ax|T2ax,none,-0.13050335820050907,0.010698146806906658
Lipoma of brain,22,T1ax|T2ax,FLAIRax,-0.08552659235617284,0.018007849626223198
Lipoma of brain,22,T1ax|T2ax,FLAIRsag,0.04573749446228359,0.014917978532513726
Lipoma of brain,22,T1ax|T2ax,FLAIRax+FLAIRsag,0.01490171159896921,0.009822337232862202
Lipoma of brain,22,T1ax|FLAIRax,none,-0.031167237415236637,0.037643285790587795
Lipoma of brain,22,T1ax|FLAIRax,T2ax,0.013809528429099585,0.028804857422754435
Lipoma of brain,22,T1ax|FLAIRax,FLAIRsag,-0.0013929175438087693,0.022187658795119764
Lipoma of brain,22,T1ax|FLAIRax,T2ax+FLAIRsag,-0.03222870040712315,0.025375530245108243
Lipoma of brain,22,T1ax|FLAIRsag,none,-0.14829438338135378,0.006412502144074634
Lipoma of brain,22,T1ax|FLAIRsag,T2ax,0.027946469281438884,0.0038175532476003716
Lipoma of brain,22,T1ax|FLAIRsag,FLAIRax,-0.1185200635099259,0.01488835272745676
Lipoma of brain,22,T1ax|FLAIRsag,T2ax+FLAIRax,-0.018091759554783853,0.004096172985723153
Lipoma of brain,22,T2ax|FLAIRax,none,-0.041593504137522976,0.016136598754772094
Lipoma of brain,22,T2ax|FLAIRax,T1ax,0.0033832617068132453,0.005000427978648317
Lipoma of brain,22,T2ax|FLAIRax,FLAIRsag,0.014154726218540007,0.01191246597572368
Lipoma of brain,22,T2ax|FLAIRax,T1ax+FLAIRsag,-0.016681056644774372,0.005879701333362413
Lipoma of brain,22,T2ax|FLAIRsag,none,-0.1504876424041934,0.013890414712803358
Lipoma of brain,22,T2ax|FLAIRsag,T1ax,0.025753210258599262,0.017316936054516605
Lipoma of brain,22,T2ax|FLAIRsag,FLAIRax,-0.09473941204813041,0.03072512666040815
Lipoma of brain,22,T2ax|FLAIRsag,T1ax+FLAIRax,0.0056888919070116435,0.02156894460554927
Lipoma of brain,22,FLAIRax|FLAIRsag,none,0.028684561978767602,0.023995371290790494
Lipoma of brain,22,FLAIRax|FLAIRsag,T1ax,0.05845888185019547,0.022195406667285752
Lipoma of brain,22,FLAIRax|FLAIRsag,T2ax,0.08443279233483059,0.01793912596978601
Lipoma of brain,22,FLAIRax|FLAIRsag,T1ax+T2ax,0.03839456349860785,0.016440447898614697
Glioma,66,T1ax|T2ax,none,-0.22237004980652456,0.007054063826350821
Glioma,66,T1ax|T2ax,FLAIRax,-0.00612374414239969,0.009376302945247801
Glioma,66,T1ax|T2ax,FLAIRsag,0.003351029324011101,0.0043598364086652125
Glioma,66,T1ax|T2ax,FLAIRax+FLAIRsag,-0.005932867865965512,0.0054474943191858615
Glioma,66,T1ax|FLAIRax,none,-0.24322402755982686,0.007816410064662865
Glioma,66,T1ax|FLAIRax,T2ax,-0.026977721895701984,0.01018075934946795
Glioma,66,T1ax|FLAIRax,FLAIRsag,0.00248653577698299,0.0013299224195556399
Glioma,66,T1ax|FLAIRax,T2ax+FLAIRsag,-0.006797361412993623,0.0031364738748169926
Glioma,66,T1ax|FLAIRsag,none,-0.23918503140117817,0.01333643318509424
Glioma,66,T1ax|FLAIRsag,T2ax,-0.01346395227064249,0.011223468003713735
Glioma,66,T1ax|FLAIRsag,FLAIRax,0.006525531935631694,0.005378263289689372
Glioma,66,T1ax|FLAIRsag,T2ax+FLAIRax,0.006716408212065872,0.007567014955213924
Glioma,66,T2ax|FLAIRax,none,-0.24205575644945218,0.03027343047388972
Glioma,66,T2ax|FLAIRax,T1ax,-0.025809450785327297,0.016069781353500116
Glioma,66,T2ax|FLAIRax,FLAIRsag,0.017351601140601008,0.015613570916641362
Glioma,66,T2ax|FLAIRax,T1ax+FLAIRsag,0.008067703950624394,0.012078625344935034
Glioma,66,T2ax|FLAIRsag,none,-0.267228682233507,0.004821863558828774
Glioma,66,T2ax|FLAIRsag,T1ax,-0.04150760310297134,0.003529126105997756
Glioma,66,T2ax|FLAIRsag,FLAIRax,-0.007821324643453828,0.011430379946275153
Glioma,66,T2ax|FLAIRsag,T1ax+FLAIRax,-0.007630448367019649,0.007404885762626516
Glioma,66,FLAIRax|FLAIRsag,none,-0.2787600460485633,0.010687307868569857
Glioma,66,FLAIRax|FLAIRsag,T1ax,-0.03304948271175345,0.003309647215359985
Glioma,66,FLAIRax|FLAIRsag,T2ax,-0.019352688458510126,0.008890257855209138
Glioma,66,FLAIRax|FLAIRsag,T1ax+T2ax,0.0008276720241982375,0.0009307543773186277
Pituitary adenoma,25,T1ax|T2ax,none,0.014982920580700184,0.028325300415437134
Pituitary adenoma,25,T1ax|T2ax,FLAIRax,0.030912325647594736,0.014447962473232368
Pituitary adenoma,25,T1ax|T2ax,FLAIRsag,0.07418516937090802,0.0061210426198640925
Pituitary adenoma,25,T1ax|T2ax,FLAIRax+FLAIRsag,0.03718474238542557,0.011250137878899051
Pituitary adenoma,25,T1ax|FLAIRax,none,-0.05976444634215783,0.021779464715971072
Pituitary adenoma,25,T1ax|FLAIRax,T2ax,-0.043835041275263255,0.019454827487980525
Pituitary adenoma,25,T1ax|FLAIRax,FLAIRsag,0.014104042129234254,0.01707872777682516
Pituitary adenoma,25,T1ax|FLAIRax,T2ax+FLAIRsag,-0.022896384856248193,0.010767997983273868
Pituitary adenoma,25,T1ax|FLAIRsag,none,-0.11487902077996015,0.012671785397647954
Pituitary adenoma,25,T1ax|FLAIRsag,T2ax,-0.055676771989752315,0.04187553709242211
Pituitary adenoma,25,T1ax|FLAIRsag,FLAIRax,-0.04101053230856808,0.01679969957027692
Pituitary adenoma,25,T1ax|FLAIRsag,T2ax+FLAIRax,-0.03473811557073725,0.01260059941848552
Pituitary adenoma,25,T2ax|FLAIRax,none,0.048385283233703356,0.04866291037845452
Pituitary adenoma,25,T2ax|FLAIRax,T1ax,0.0643146883005979,0.009124351740095689
Pituitary adenoma,25,T2ax|FLAIRax,FLAIRsag,0.07770637631653858,0.020539953182509896
Pituitary adenoma,25,T2ax|FLAIRax,T1ax+FLAIRsag,0.040705949331056125,0.014159764534243696
Pituitary adenoma,25,T2ax|FLAIRsag,none,-0.053645744378024496,0.026716464711998428
Pituitary adenoma,25,T2ax|FLAIRsag,T1ax,0.005556504412183361,0.007699739424861944
Pituitary adenoma,25,T2ax|FLAIRsag,FLAIRax,-0.024324651295189254,0.003668517834409141
Pituitary adenoma,25,T2ax|FLAIRsag,T1ax+FLAIRax,-0.01805223455735842,0.007316089491265986
Pituitary adenoma,25,FLAIRax|FLAIRsag,none,-0.051468118417307175,0.00989406480301516
Pituitary adenoma,25,FLAIRax|FLAIRsag,T1ax,0.022400370054084906,0.009477571335194303
Pituitary adenoma,25,FLAIRax|FLAIRsag,T2ax,-0.022147025334471937,0.027462315018119597
Pituitary adenoma,25,FLAIRax|FLAIRsag,T1ax+T2ax,-0.0012083689154568737,0.011830862530494276
